date,platform,metric,value,source_image,extraction_run,px_per_day,extrapolated
2023-08-11,STEAM,DAU,89820.9,26-01-DAU.png,1,0.3761,False
2023-08-14,STEAM,DAU,89820.9,26-01-DAU.png,1,0.3761,False
2023-08-16,STEAM,DAU,89820.9,26-01-DAU.png,1,0.3761,False
2023-08-19,STEAM,DAU,88157.6,26-01-DAU.png,1,0.3761,False
2023-08-22,STEAM,DAU,86494.2,26-01-DAU.png,1,0.3761,False
2023-08-24,STEAM,DAU,86494.2,26-01-DAU.png,1,0.3761,False
2023-08-27,STEAM,DAU,86494.2,26-01-DAU.png,1,0.3761,False
2023-08-30,STEAM,DAU,86494.2,26-01-DAU.png,1,0.3761,False
2023-09-01,STEAM,DAU,89820.9,26-01-DAU.png,1,0.3761,False
2023-09-04,STEAM,DAU,91484.2,26-01-DAU.png,1,0.3761,False
2023-09-07,STEAM,DAU,91484.2,26-01-DAU.png,1,0.3761,False
2023-09-09,STEAM,DAU,93147.6,26-01-DAU.png,1,0.3761,False
2023-09-12,STEAM,DAU,96474.3,26-01-DAU.png,1,0.3761,False
2023-09-15,STEAM,DAU,99800.9,26-01-DAU.png,1,0.3761,False
2023-09-17,STEAM,DAU,101464.3,26-01-DAU.png,1,0.3761,False
2023-09-20,STEAM,DAU,103127.6,26-01-DAU.png,1,0.3761,False
2023-09-23,STEAM,DAU,104790.9,26-01-DAU.png,1,0.3761,False
2023-09-25,STEAM,DAU,113107.6,26-01-DAU.png,1,0.3761,False
2023-09-28,STEAM,DAU,114771.0,26-01-DAU.png,1,0.3761,False
2023-10-01,STEAM,DAU,114771.0,26-01-DAU.png,1,0.3761,False
2023-10-03,STEAM,DAU,118097.6,26-01-DAU.png,1,0.3761,False
2023-10-06,STEAM,DAU,118097.6,26-01-DAU.png,1,0.3761,False
2023-10-09,STEAM,DAU,119761.0,26-01-DAU.png,1,0.3761,False
2023-10-11,STEAM,DAU,119761.0,26-01-DAU.png,1,0.3761,False
2023-10-14,STEAM,DAU,119761.0,26-01-DAU.png,1,0.3761,False
2023-10-17,STEAM,DAU,119761.0,26-01-DAU.png,1,0.3761,False
2023-10-19,STEAM,DAU,119761.0,26-01-DAU.png,1,0.3761,False
2023-10-22,STEAM,DAU,118097.6,26-01-DAU.png,1,0.3761,False
2023-10-25,STEAM,DAU,118097.6,26-01-DAU.png,1,0.3761,False
2023-10-27,STEAM,DAU,116434.3,26-01-DAU.png,1,0.3761,False
2023-10-30,STEAM,DAU,116434.3,26-01-DAU.png,1,0.3761,False
2023-11-02,STEAM,DAU,116434.3,26-01-DAU.png,1,0.3761,False
2023-11-04,STEAM,DAU,116434.3,26-01-DAU.png,1,0.3761,False
2023-11-07,STEAM,DAU,114771.0,26-01-DAU.png,1,0.3761,False
2023-11-10,STEAM,DAU,108117.6,26-01-DAU.png,1,0.3761,False
2023-11-12,STEAM,DAU,104790.9,26-01-DAU.png,1,0.3761,False
2023-11-15,STEAM,DAU,103127.6,26-01-DAU.png,1,0.3761,False
2023-11-18,STEAM,DAU,103127.6,26-01-DAU.png,1,0.3761,False
2023-11-20,STEAM,DAU,103127.6,26-01-DAU.png,1,0.3761,False
2023-11-23,STEAM,DAU,103127.6,26-01-DAU.png,1,0.3761,False
2023-11-25,STEAM,DAU,103127.6,26-01-DAU.png,1,0.3761,False
2023-11-28,STEAM,DAU,104790.9,26-01-DAU.png,1,0.3761,False
2023-12-01,STEAM,DAU,104790.9,26-01-DAU.png,1,0.3761,False
2023-12-03,STEAM,DAU,108117.6,26-01-DAU.png,1,0.3761,False
2023-12-06,STEAM,DAU,109781.0,26-01-DAU.png,1,0.3761,False
2023-12-09,STEAM,DAU,113107.6,26-01-DAU.png,1,0.3761,False
2023-12-11,STEAM,DAU,111444.3,26-01-DAU.png,1,0.3761,False
2023-12-14,STEAM,DAU,109781.0,26-01-DAU.png,1,0.3761,False
2023-12-17,STEAM,DAU,109781.0,26-01-DAU.png,1,0.3761,False
2023-12-19,STEAM,DAU,108117.6,26-01-DAU.png,1,0.3761,False
2023-12-22,STEAM,DAU,104790.9,26-01-DAU.png,1,0.3761,False
2023-12-25,STEAM,DAU,101464.3,26-01-DAU.png,1,0.3761,False
2023-12-27,STEAM,DAU,101464.3,26-01-DAU.png,1,0.3761,False
2023-12-30,STEAM,DAU,101464.3,26-01-DAU.png,1,0.3761,False
2024-01-02,STEAM,DAU,101464.3,26-01-DAU.png,1,0.3761,False
2024-01-04,STEAM,DAU,109781.0,26-01-DAU.png,1,0.3761,False
2024-01-07,STEAM,DAU,111444.3,26-01-DAU.png,1,0.3761,False
2024-01-10,STEAM,DAU,114771.0,26-01-DAU.png,1,0.3761,False
2024-01-12,STEAM,DAU,114771.0,26-01-DAU.png,1,0.3761,False
2024-01-15,STEAM,DAU,114771.0,26-01-DAU.png,1,0.3761,False
2024-01-18,STEAM,DAU,116434.3,26-01-DAU.png,1,0.3761,False
2024-01-20,STEAM,DAU,114771.0,26-01-DAU.png,1,0.3761,False
2024-01-23,STEAM,DAU,114771.0,26-01-DAU.png,1,0.3761,False
2024-01-26,STEAM,DAU,118097.6,26-01-DAU.png,1,0.3761,False
2024-01-28,STEAM,DAU,119761.0,26-01-DAU.png,1,0.3761,False
2024-01-31,STEAM,DAU,119761.0,26-01-DAU.png,1,0.3761,False
2024-02-03,STEAM,DAU,119761.0,26-01-DAU.png,1,0.3761,False
2024-02-05,STEAM,DAU,118097.6,26-01-DAU.png,1,0.3761,False
2024-02-08,STEAM,DAU,118097.6,26-01-DAU.png,1,0.3761,False
2024-02-11,STEAM,DAU,116434.3,26-01-DAU.png,1,0.3761,False
2024-02-13,STEAM,DAU,114771.0,26-01-DAU.png,1,0.3761,False
2024-02-16,STEAM,DAU,116434.3,26-01-DAU.png,1,0.3761,False
2024-02-19,STEAM,DAU,116434.3,26-01-DAU.png,1,0.3761,False
2024-02-21,STEAM,DAU,116434.3,26-01-DAU.png,1,0.3761,False
2024-02-24,STEAM,DAU,116434.3,26-01-DAU.png,1,0.3761,False
2024-02-27,STEAM,DAU,116434.3,26-01-DAU.png,1,0.3761,False
2024-02-29,STEAM,DAU,114771.0,26-01-DAU.png,1,0.3761,False
2024-03-03,STEAM,DAU,114771.0,26-01-DAU.png,1,0.3761,False
2024-03-06,STEAM,DAU,114771.0,26-01-DAU.png,1,0.3761,False
2024-03-08,STEAM,DAU,116434.3,26-01-DAU.png,1,0.3761,False
2024-03-11,STEAM,DAU,116434.3,26-01-DAU.png,1,0.3761,False
2024-03-13,STEAM,DAU,118097.6,26-01-DAU.png,1,0.3761,False
2024-03-16,STEAM,DAU,118097.6,26-01-DAU.png,1,0.3761,False
2024-03-19,STEAM,DAU,118097.6,26-01-DAU.png,1,0.3761,False
2024-03-21,STEAM,DAU,118097.6,26-01-DAU.png,1,0.3761,False
2024-03-24,STEAM,DAU,118097.6,26-01-DAU.png,1,0.3761,False
2024-03-27,STEAM,DAU,121424.3,26-01-DAU.png,1,0.3761,False
2024-03-29,STEAM,DAU,131404.3,26-01-DAU.png,1,0.3761,False
2024-04-01,STEAM,DAU,131404.3,26-01-DAU.png,1,0.3761,False
2024-04-04,STEAM,DAU,126414.3,26-01-DAU.png,1,0.3761,False
2024-04-06,STEAM,DAU,124751.0,26-01-DAU.png,1,0.3761,False
2024-04-09,STEAM,DAU,124751.0,26-01-DAU.png,1,0.3761,False
2024-04-12,STEAM,DAU,123087.7,26-01-DAU.png,1,0.3761,False
2024-04-14,STEAM,DAU,121424.3,26-01-DAU.png,1,0.3761,False
2024-04-17,STEAM,DAU,121424.3,26-01-DAU.png,1,0.3761,False
2024-04-20,STEAM,DAU,124751.0,26-01-DAU.png,1,0.3761,False
2024-04-22,STEAM,DAU,123087.7,26-01-DAU.png,1,0.3761,False
2024-04-25,STEAM,DAU,121424.3,26-01-DAU.png,1,0.3761,False
2024-04-28,STEAM,DAU,121424.3,26-01-DAU.png,1,0.3761,False
2024-04-30,STEAM,DAU,128077.7,26-01-DAU.png,1,0.3761,False
2024-05-03,STEAM,DAU,126414.3,26-01-DAU.png,1,0.3761,False
2024-05-06,STEAM,DAU,124751.0,26-01-DAU.png,1,0.3761,False
2024-05-08,STEAM,DAU,126414.3,26-01-DAU.png,1,0.3761,False
2024-05-11,STEAM,DAU,133067.7,26-01-DAU.png,1,0.3761,False
2024-05-14,STEAM,DAU,128077.7,26-01-DAU.png,1,0.3761,False
2024-05-16,STEAM,DAU,119761.0,26-01-DAU.png,1,0.3761,False
2024-05-19,STEAM,DAU,119761.0,26-01-DAU.png,1,0.3761,False
2024-05-22,STEAM,DAU,121424.3,26-01-DAU.png,1,0.3761,False
2024-05-24,STEAM,DAU,124751.0,26-01-DAU.png,1,0.3761,False
2024-05-27,STEAM,DAU,126414.3,26-01-DAU.png,1,0.3761,False
2024-05-30,STEAM,DAU,138057.7,26-01-DAU.png,1,0.3761,False
2024-06-01,STEAM,DAU,144711.1,26-01-DAU.png,1,0.3761,False
2024-06-04,STEAM,DAU,153027.7,26-01-DAU.png,1,0.3761,False
2024-06-07,STEAM,DAU,151364.4,26-01-DAU.png,1,0.3761,False
2024-06-09,STEAM,DAU,151364.4,26-01-DAU.png,1,0.3761,False
2024-06-12,STEAM,DAU,149701.1,26-01-DAU.png,1,0.3761,False
2024-06-15,STEAM,DAU,149701.1,26-01-DAU.png,1,0.3761,False
2024-06-17,STEAM,DAU,148037.7,26-01-DAU.png,1,0.3761,False
2024-06-20,STEAM,DAU,148037.7,26-01-DAU.png,1,0.3761,False
2024-06-23,STEAM,DAU,148037.7,26-01-DAU.png,1,0.3761,False
2024-06-25,STEAM,DAU,148037.7,26-01-DAU.png,1,0.3761,False
2024-06-28,STEAM,DAU,141384.4,26-01-DAU.png,1,0.3761,False
2024-07-01,STEAM,DAU,138057.7,26-01-DAU.png,1,0.3761,False
2024-07-02,STEAM,DAU,138057.7,26-01-DAU.png,1,0.6848,False
2024-07-03,STEAM,DAU,138057.7,26-01-DAU.png,1,0.6848,False
2024-07-05,STEAM,DAU,134731.0,26-01-DAU.png,1,0.6848,False
2024-07-06,STEAM,DAU,133067.7,26-01-DAU.png,1,0.6848,False
2024-07-08,STEAM,DAU,133067.7,26-01-DAU.png,1,0.6848,False
2024-07-09,STEAM,DAU,129741.0,26-01-DAU.png,1,0.6848,False
2024-07-11,STEAM,DAU,128077.7,26-01-DAU.png,1,0.6848,False
2024-07-12,STEAM,DAU,136394.4,26-01-DAU.png,1,0.6848,False
2024-07-14,STEAM,DAU,138057.7,26-01-DAU.png,1,0.6848,False
2024-07-15,STEAM,DAU,136394.4,26-01-DAU.png,1,0.6848,False
2024-07-17,STEAM,DAU,138057.7,26-01-DAU.png,1,0.6848,False
2024-07-18,STEAM,DAU,138057.7,26-01-DAU.png,1,0.6848,False
2024-07-19,STEAM,DAU,139721.0,26-01-DAU.png,1,0.6848,False
2024-07-21,STEAM,DAU,138057.7,26-01-DAU.png,1,0.6848,False
2024-07-22,STEAM,DAU,138057.7,26-01-DAU.png,1,0.6848,False
2024-07-24,STEAM,DAU,139721.0,26-01-DAU.png,1,0.6848,False
2024-07-25,STEAM,DAU,144711.1,26-01-DAU.png,1,0.6848,False
2024-07-27,STEAM,DAU,144711.1,26-01-DAU.png,1,0.6848,False
2024-07-28,STEAM,DAU,144711.1,26-01-DAU.png,1,0.6848,False
2024-07-30,STEAM,DAU,144711.1,26-01-DAU.png,1,0.6848,False
2024-07-31,STEAM,DAU,144711.1,26-01-DAU.png,1,0.6848,False
2024-08-02,STEAM,DAU,143047.7,26-01-DAU.png,1,0.6848,False
2024-08-03,STEAM,DAU,141384.4,26-01-DAU.png,1,0.6848,False
2024-08-05,STEAM,DAU,141384.4,26-01-DAU.png,1,0.6848,False
2024-08-06,STEAM,DAU,143047.7,26-01-DAU.png,1,0.6848,False
2024-08-07,STEAM,DAU,144711.1,26-01-DAU.png,1,0.6848,False
2024-08-09,STEAM,DAU,156354.4,26-01-DAU.png,1,0.6848,False
2024-08-10,STEAM,DAU,166334.4,26-01-DAU.png,1,0.6848,False
2024-08-12,STEAM,DAU,161344.4,26-01-DAU.png,1,0.6848,False
2024-08-13,STEAM,DAU,153027.7,26-01-DAU.png,1,0.6848,False
2024-08-15,STEAM,DAU,148037.7,26-01-DAU.png,1,0.6848,False
2024-08-16,STEAM,DAU,148037.7,26-01-DAU.png,1,0.6848,False
2024-08-18,STEAM,DAU,146374.4,26-01-DAU.png,1,0.6848,False
2024-08-19,STEAM,DAU,146374.4,26-01-DAU.png,1,0.6848,False
2024-08-21,STEAM,DAU,148037.7,26-01-DAU.png,1,0.6848,False
2024-08-22,STEAM,DAU,148037.7,26-01-DAU.png,1,0.6848,False
2024-08-24,STEAM,DAU,148037.7,26-01-DAU.png,1,0.6848,False
2024-08-25,STEAM,DAU,143047.7,26-01-DAU.png,1,0.6848,False
2024-08-26,STEAM,DAU,141384.4,26-01-DAU.png,1,0.6848,False
2024-08-28,STEAM,DAU,139721.0,26-01-DAU.png,1,0.6848,False
2024-08-29,STEAM,DAU,138057.7,26-01-DAU.png,1,0.6848,False
2024-08-31,STEAM,DAU,136394.4,26-01-DAU.png,1,0.6848,False
2024-09-01,STEAM,DAU,134731.0,26-01-DAU.png,1,0.6848,False
2024-09-03,STEAM,DAU,134731.0,26-01-DAU.png,1,0.6848,False
2024-09-04,STEAM,DAU,134731.0,26-01-DAU.png,1,0.6848,False
2024-09-06,STEAM,DAU,133067.7,26-01-DAU.png,1,0.6848,False
2024-09-07,STEAM,DAU,134731.0,26-01-DAU.png,1,0.6848,False
2024-09-09,STEAM,DAU,134731.0,26-01-DAU.png,1,0.6848,False
2024-09-10,STEAM,DAU,134731.0,26-01-DAU.png,1,0.6848,False
2024-09-12,STEAM,DAU,134731.0,26-01-DAU.png,1,0.6848,False
2024-09-13,STEAM,DAU,144711.1,26-01-DAU.png,1,0.6848,False
2024-09-14,STEAM,DAU,148037.7,26-01-DAU.png,1,0.6848,False
2024-09-16,STEAM,DAU,148037.7,26-01-DAU.png,1,0.6848,False
2024-09-17,STEAM,DAU,143047.7,26-01-DAU.png,1,0.6848,False
2024-09-19,STEAM,DAU,141384.4,26-01-DAU.png,1,0.6848,False
2024-09-20,STEAM,DAU,139721.0,26-01-DAU.png,1,0.6848,False
2024-09-22,STEAM,DAU,138057.7,26-01-DAU.png,1,0.6848,False
2024-09-23,STEAM,DAU,138057.7,26-01-DAU.png,1,0.6848,False
2024-09-25,STEAM,DAU,141384.4,26-01-DAU.png,1,0.6848,False
2024-09-26,STEAM,DAU,141384.4,26-01-DAU.png,1,0.6848,False
2024-09-28,STEAM,DAU,139721.0,26-01-DAU.png,1,0.6848,False
2024-09-29,STEAM,DAU,139721.0,26-01-DAU.png,1,0.6848,False
2024-10-01,STEAM,DAU,141384.4,26-01-DAU.png,1,0.6848,False
2024-10-02,STEAM,DAU,141384.4,26-01-DAU.png,1,0.6848,False
2024-10-03,STEAM,DAU,139721.0,26-01-DAU.png,1,0.6848,False
2024-10-05,STEAM,DAU,139721.0,26-01-DAU.png,1,0.6848,False
2024-10-06,STEAM,DAU,139721.0,26-01-DAU.png,1,0.6848,False
2024-10-08,STEAM,DAU,139721.0,26-01-DAU.png,1,0.6848,False
2024-10-09,STEAM,DAU,136394.4,26-01-DAU.png,1,0.6848,False
2024-10-11,STEAM,DAU,134731.0,26-01-DAU.png,1,0.6848,False
2024-10-12,STEAM,DAU,136394.4,26-01-DAU.png,1,0.6848,False
2024-10-14,STEAM,DAU,134731.0,26-01-DAU.png,1,0.6848,False
2024-10-15,STEAM,DAU,134731.0,26-01-DAU.png,1,0.6848,False
2024-10-17,STEAM,DAU,138057.7,26-01-DAU.png,1,0.6848,False
2024-10-18,STEAM,DAU,141384.4,26-01-DAU.png,1,0.6848,False
2024-10-19,STEAM,DAU,143047.7,26-01-DAU.png,1,0.6848,False
2024-10-21,STEAM,DAU,141384.4,26-01-DAU.png,1,0.6848,False
2024-10-22,STEAM,DAU,141384.4,26-01-DAU.png,1,0.6848,False
2024-10-24,STEAM,DAU,141384.4,26-01-DAU.png,1,0.6848,False
2024-10-25,STEAM,DAU,141384.4,26-01-DAU.png,1,0.6848,False
2024-10-27,STEAM,DAU,138057.7,26-01-DAU.png,1,0.6848,False
2024-10-28,STEAM,DAU,141384.4,26-01-DAU.png,1,0.6848,False
2024-10-30,STEAM,DAU,156354.4,26-01-DAU.png,1,0.6848,False
2024-10-31,STEAM,DAU,159681.1,26-01-DAU.png,1,0.6848,False
2024-11-02,STEAM,DAU,154691.1,26-01-DAU.png,1,0.6848,False
2024-11-03,STEAM,DAU,151364.4,26-01-DAU.png,1,0.6848,False
2024-11-05,STEAM,DAU,151364.4,26-01-DAU.png,1,0.6848,False
2024-11-06,STEAM,DAU,151364.4,26-01-DAU.png,1,0.6848,False
2024-11-07,STEAM,DAU,151364.4,26-01-DAU.png,1,0.6848,False
2024-11-09,STEAM,DAU,156354.4,26-01-DAU.png,1,0.6848,False
2024-11-10,STEAM,DAU,163007.8,26-01-DAU.png,1,0.6848,False
2024-11-12,STEAM,DAU,164671.1,26-01-DAU.png,1,0.6848,False
2024-11-13,STEAM,DAU,163007.8,26-01-DAU.png,1,0.6848,False
2024-11-15,STEAM,DAU,163007.8,26-01-DAU.png,1,0.6848,False
2024-11-16,STEAM,DAU,161344.4,26-01-DAU.png,1,0.6848,False
2024-11-18,STEAM,DAU,163007.8,26-01-DAU.png,1,0.6848,False
2024-11-19,STEAM,DAU,159681.1,26-01-DAU.png,1,0.6848,False
2024-11-21,STEAM,DAU,169661.1,26-01-DAU.png,1,0.6848,False
2024-11-22,STEAM,DAU,179641.1,26-01-DAU.png,1,0.6848,False
2024-11-24,STEAM,DAU,181304.5,26-01-DAU.png,1,0.6848,False
2024-11-25,STEAM,DAU,171324.5,26-01-DAU.png,1,0.6848,False
2024-11-26,STEAM,DAU,171324.5,26-01-DAU.png,1,0.6848,False
2024-11-28,STEAM,DAU,169661.1,26-01-DAU.png,1,0.6848,False
2024-11-29,STEAM,DAU,167997.8,26-01-DAU.png,1,0.6848,False
2024-12-01,STEAM,DAU,166334.4,26-01-DAU.png,1,0.6848,False
2024-12-02,STEAM,DAU,166334.4,26-01-DAU.png,1,0.6848,False
2024-12-04,STEAM,DAU,164671.1,26-01-DAU.png,1,0.6848,False
2024-12-05,STEAM,DAU,161344.4,26-01-DAU.png,1,0.6848,False
2024-12-07,STEAM,DAU,156354.4,26-01-DAU.png,1,0.6848,False
2024-12-08,STEAM,DAU,158017.8,26-01-DAU.png,1,0.6848,False
2024-12-10,STEAM,DAU,159681.1,26-01-DAU.png,1,0.6848,False
2024-12-11,STEAM,DAU,161344.4,26-01-DAU.png,1,0.6848,False
2024-12-13,STEAM,DAU,164671.1,26-01-DAU.png,1,0.6848,False
2024-12-14,STEAM,DAU,174651.1,26-01-DAU.png,1,0.6848,False
2024-12-15,STEAM,DAU,177977.8,26-01-DAU.png,1,0.6848,False
2024-12-17,STEAM,DAU,176314.5,26-01-DAU.png,1,0.6848,False
2024-12-18,STEAM,DAU,169661.1,26-01-DAU.png,1,0.6848,False
2024-12-20,STEAM,DAU,179641.1,26-01-DAU.png,1,0.6848,False
2024-12-21,STEAM,DAU,184631.2,26-01-DAU.png,1,0.6848,False
2024-12-23,STEAM,DAU,187957.8,26-01-DAU.png,1,0.6848,False
2024-12-24,STEAM,DAU,182967.8,26-01-DAU.png,1,0.6848,False
2024-12-26,STEAM,DAU,187957.8,26-01-DAU.png,1,0.6848,False
2024-12-27,STEAM,DAU,191284.5,26-01-DAU.png,1,0.6848,False
2024-12-29,STEAM,DAU,192947.8,26-01-DAU.png,1,0.6848,False
2024-12-30,STEAM,DAU,189621.2,26-01-DAU.png,1,0.6848,False
2025-01-01,STEAM,DAU,196274.5,26-01-DAU.png,1,0.6848,False
2025-01-02,STEAM,DAU,199601.2,26-01-DAU.png,1,0.6961,False
2025-01-03,STEAM,DAU,199601.2,26-01-DAU.png,1,0.6961,False
2025-01-05,STEAM,DAU,197937.9,26-01-DAU.png,1,0.6961,False
2025-01-06,STEAM,DAU,197937.9,26-01-DAU.png,1,0.6961,False
2025-01-08,STEAM,DAU,197937.9,26-01-DAU.png,1,0.6961,False
2025-01-09,STEAM,DAU,194611.2,26-01-DAU.png,1,0.6961,False
2025-01-11,STEAM,DAU,189621.2,26-01-DAU.png,1,0.6961,False
2025-01-12,STEAM,DAU,189621.2,26-01-DAU.png,1,0.6961,False
2025-01-13,STEAM,DAU,192947.8,26-01-DAU.png,1,0.6961,False
2025-01-15,STEAM,DAU,191284.5,26-01-DAU.png,1,0.6961,False
2025-01-16,STEAM,DAU,196274.5,26-01-DAU.png,1,0.6961,False
2025-01-18,STEAM,DAU,197937.9,26-01-DAU.png,1,0.6961,False
2025-01-19,STEAM,DAU,199601.2,26-01-DAU.png,1,0.6961,False
2025-01-21,STEAM,DAU,197937.9,26-01-DAU.png,1,0.6961,False
2025-01-22,STEAM,DAU,196274.5,26-01-DAU.png,1,0.6961,False
2025-01-23,STEAM,DAU,206254.5,26-01-DAU.png,1,0.6961,False
2025-01-25,STEAM,DAU,207917.9,26-01-DAU.png,1,0.6961,False
2025-01-26,STEAM,DAU,209581.2,26-01-DAU.png,1,0.6961,False
2025-01-28,STEAM,DAU,212907.9,26-01-DAU.png,1,0.6961,False
2025-01-29,STEAM,DAU,212907.9,26-01-DAU.png,1,0.6961,False
2025-01-31,STEAM,DAU,209581.2,26-01-DAU.png,1,0.6961,False
2025-02-01,STEAM,DAU,206254.5,26-01-DAU.png,1,0.6961,False
2025-02-03,STEAM,DAU,204591.2,26-01-DAU.png,1,0.6961,False
2025-02-04,STEAM,DAU,206254.5,26-01-DAU.png,1,0.6961,False
2025-02-05,STEAM,DAU,206254.5,26-01-DAU.png,1,0.6961,False
2025-02-07,STEAM,DAU,206254.5,26-01-DAU.png,1,0.6961,False
2025-02-08,STEAM,DAU,226214.6,26-01-DAU.png,1,0.6961,False
2025-02-10,STEAM,DAU,222887.9,26-01-DAU.png,1,0.6961,False
2025-02-11,STEAM,DAU,212907.9,26-01-DAU.png,1,0.6961,False
2025-02-13,STEAM,DAU,209581.2,26-01-DAU.png,1,0.6961,False
2025-02-14,STEAM,DAU,207917.9,26-01-DAU.png,1,0.6961,False
2025-02-15,STEAM,DAU,206254.5,26-01-DAU.png,1,0.6961,False
2025-02-17,STEAM,DAU,204591.2,26-01-DAU.png,1,0.6961,False
2025-02-18,STEAM,DAU,201264.5,26-01-DAU.png,1,0.6961,False
2025-02-20,STEAM,DAU,207917.9,26-01-DAU.png,1,0.6961,False
2025-02-21,STEAM,DAU,207917.9,26-01-DAU.png,1,0.6961,False
2025-02-23,STEAM,DAU,202927.9,26-01-DAU.png,1,0.6961,False
2025-02-24,STEAM,DAU,201264.5,26-01-DAU.png,1,0.6961,False
2025-02-26,STEAM,DAU,206254.5,26-01-DAU.png,1,0.6961,False
2025-02-27,STEAM,DAU,204591.2,26-01-DAU.png,1,0.6961,False
2025-02-28,STEAM,DAU,204591.2,26-01-DAU.png,1,0.6961,False
2025-03-02,STEAM,DAU,206254.5,26-01-DAU.png,1,0.6961,False
2025-03-03,STEAM,DAU,242848.0,26-01-DAU.png,1,0.6961,False
2025-03-05,STEAM,DAU,239521.3,26-01-DAU.png,1,0.6961,False
2025-03-06,STEAM,DAU,229541.3,26-01-DAU.png,1,0.6961,False
2025-03-08,STEAM,DAU,221224.6,26-01-DAU.png,1,0.6961,False
2025-03-09,STEAM,DAU,219561.3,26-01-DAU.png,1,0.6961,False
2025-03-10,STEAM,DAU,217897.9,26-01-DAU.png,1,0.6961,False
2025-03-12,STEAM,DAU,217897.9,26-01-DAU.png,1,0.6961,False
2025-03-13,STEAM,DAU,217897.9,26-01-DAU.png,1,0.6961,False
2025-03-15,STEAM,DAU,232868.0,26-01-DAU.png,1,0.6961,False
2025-03-16,STEAM,DAU,234531.3,26-01-DAU.png,1,0.6961,False
2025-03-18,STEAM,DAU,224551.3,26-01-DAU.png,1,0.6961,False
2025-03-19,STEAM,DAU,219561.3,26-01-DAU.png,1,0.6961,False
2025-03-21,STEAM,DAU,217897.9,26-01-DAU.png,1,0.6961,False
2025-03-22,STEAM,DAU,217897.9,26-01-DAU.png,1,0.6961,False
2025-03-23,STEAM,DAU,217897.9,26-01-DAU.png,1,0.6961,False
2025-03-25,STEAM,DAU,224551.3,26-01-DAU.png,1,0.6961,False
2025-03-26,STEAM,DAU,249501.3,26-01-DAU.png,1,0.6961,False
2025-03-28,STEAM,DAU,244511.3,26-01-DAU.png,1,0.6961,False
2025-03-29,STEAM,DAU,239521.3,26-01-DAU.png,1,0.6961,False
2025-03-31,STEAM,DAU,237858.0,26-01-DAU.png,1,0.6961,False
2025-04-01,STEAM,DAU,234531.3,26-01-DAU.png,1,0.6961,False
2025-04-02,STEAM,DAU,231204.6,26-01-DAU.png,1,0.6961,False
2025-04-04,STEAM,DAU,227877.9,26-01-DAU.png,1,0.6961,False
2025-04-05,STEAM,DAU,232868.0,26-01-DAU.png,1,0.6961,False
2025-04-07,STEAM,DAU,239521.3,26-01-DAU.png,1,0.6961,False
2025-04-08,STEAM,DAU,241184.6,26-01-DAU.png,1,0.6961,False
2025-04-10,STEAM,DAU,239521.3,26-01-DAU.png,1,0.6961,False
2025-04-11,STEAM,DAU,244511.3,26-01-DAU.png,1,0.6961,False
2025-04-12,STEAM,DAU,261144.7,26-01-DAU.png,1,0.6961,False
2025-04-14,STEAM,DAU,274451.4,26-01-DAU.png,1,0.6961,False
2025-04-15,STEAM,DAU,274451.4,26-01-DAU.png,1,0.6961,False
2025-04-17,STEAM,DAU,276114.7,26-01-DAU.png,1,0.6961,False
2025-04-18,STEAM,DAU,279441.4,26-01-DAU.png,1,0.6961,False
2025-04-20,STEAM,DAU,279441.4,26-01-DAU.png,1,0.6961,False
2025-04-21,STEAM,DAU,277778.1,26-01-DAU.png,1,0.6961,False
2025-04-23,STEAM,DAU,277778.1,26-01-DAU.png,1,0.6961,False
2025-04-24,STEAM,DAU,276114.7,26-01-DAU.png,1,0.6961,False
2025-04-25,STEAM,DAU,274451.4,26-01-DAU.png,1,0.6961,False
2025-04-27,STEAM,DAU,264471.4,26-01-DAU.png,1,0.6961,False
2025-04-28,STEAM,DAU,266134.7,26-01-DAU.png,1,0.6961,False
2025-04-30,STEAM,DAU,277778.1,26-01-DAU.png,1,0.6961,False
2025-05-01,STEAM,DAU,272788.1,26-01-DAU.png,1,0.6961,False
2025-05-03,STEAM,DAU,269461.4,26-01-DAU.png,1,0.6961,False
2025-05-04,STEAM,DAU,262808.0,26-01-DAU.png,1,0.6961,False
2025-05-05,STEAM,DAU,259481.4,26-01-DAU.png,1,0.6961,False
2025-05-07,STEAM,DAU,257818.0,26-01-DAU.png,1,0.6961,False
2025-05-08,STEAM,DAU,256154.7,26-01-DAU.png,1,0.6961,False
2025-05-10,STEAM,DAU,254491.3,26-01-DAU.png,1,0.6961,False
2025-05-11,STEAM,DAU,257818.0,26-01-DAU.png,1,0.6961,False
2025-05-13,STEAM,DAU,249501.3,26-01-DAU.png,1,0.6961,False
2025-05-14,STEAM,DAU,236194.6,26-01-DAU.png,1,0.6961,False
2025-05-16,STEAM,DAU,234531.3,26-01-DAU.png,1,0.6961,False
2025-05-17,STEAM,DAU,237858.0,26-01-DAU.png,1,0.6961,False
2025-05-18,STEAM,DAU,236194.6,26-01-DAU.png,1,0.6961,False
2025-05-20,STEAM,DAU,234531.3,26-01-DAU.png,1,0.6961,False
2025-05-21,STEAM,DAU,232868.0,26-01-DAU.png,1,0.6961,False
2025-05-23,STEAM,DAU,227877.9,26-01-DAU.png,1,0.6961,False
2025-05-24,STEAM,DAU,222887.9,26-01-DAU.png,1,0.6961,False
2025-05-26,STEAM,DAU,219561.3,26-01-DAU.png,1,0.6961,False
2025-05-27,STEAM,DAU,217897.9,26-01-DAU.png,1,0.6961,False
2025-05-28,STEAM,DAU,219561.3,26-01-DAU.png,1,0.6961,False
2025-05-30,STEAM,DAU,217897.9,26-01-DAU.png,1,0.6961,False
2025-05-31,STEAM,DAU,227877.9,26-01-DAU.png,1,0.6961,False
2025-06-02,STEAM,DAU,229541.3,26-01-DAU.png,1,0.6961,False
2025-06-03,STEAM,DAU,241184.6,26-01-DAU.png,1,0.6961,False
2025-06-05,STEAM,DAU,241184.6,26-01-DAU.png,1,0.6961,False
2025-06-06,STEAM,DAU,241184.6,26-01-DAU.png,1,0.6961,False
2025-06-08,STEAM,DAU,239521.3,26-01-DAU.png,1,0.6961,False
2025-06-09,STEAM,DAU,251164.7,26-01-DAU.png,1,0.6961,False
2025-06-10,STEAM,DAU,254491.3,26-01-DAU.png,1,0.6961,False
2025-06-12,STEAM,DAU,256154.7,26-01-DAU.png,1,0.6961,False
2025-06-13,STEAM,DAU,282768.1,26-01-DAU.png,1,0.6961,False
2025-06-15,STEAM,DAU,287758.1,26-01-DAU.png,1,0.6961,False
2025-06-16,STEAM,DAU,282768.1,26-01-DAU.png,1,0.6961,False
2025-06-18,STEAM,DAU,281104.7,26-01-DAU.png,1,0.6961,False
2025-06-19,STEAM,DAU,282768.1,26-01-DAU.png,1,0.6961,False
2025-06-20,STEAM,DAU,286094.8,26-01-DAU.png,1,0.6961,False
2025-06-22,STEAM,DAU,281104.7,26-01-DAU.png,1,0.6961,False
2025-06-23,STEAM,DAU,294411.5,26-01-DAU.png,1,0.6961,False
2025-06-25,STEAM,DAU,316034.8,26-01-DAU.png,1,0.6961,False
2025-06-26,STEAM,DAU,316034.8,26-01-DAU.png,1,0.6961,False
2025-06-28,STEAM,DAU,306054.8,26-01-DAU.png,1,0.6961,False
2025-06-29,STEAM,DAU,291084.8,26-01-DAU.png,1,0.6961,False
2025-07-01,STEAM,DAU,297738.1,26-01-DAU.png,1,0.6961,False
2025-07-02,STEAM,DAU,286094.8,26-01-DAU.png,1,0.6848,False
2025-07-03,STEAM,DAU,276114.7,26-01-DAU.png,1,0.6848,False
2025-07-05,STEAM,DAU,274451.4,26-01-DAU.png,1,0.6848,False
2025-07-06,STEAM,DAU,279441.4,26-01-DAU.png,1,0.6848,False
2025-07-08,STEAM,DAU,282768.1,26-01-DAU.png,1,0.6848,False
2025-07-09,STEAM,DAU,287758.1,26-01-DAU.png,1,0.6848,False
2025-07-11,STEAM,DAU,296074.8,26-01-DAU.png,1,0.6848,False
2025-07-12,STEAM,DAU,296074.8,26-01-DAU.png,1,0.6848,False
2025-07-14,STEAM,DAU,284431.4,26-01-DAU.png,1,0.6848,False
2025-07-15,STEAM,DAU,277778.1,26-01-DAU.png,1,0.6848,False
2025-07-17,STEAM,DAU,277778.1,26-01-DAU.png,1,0.6848,False
2025-07-18,STEAM,DAU,277778.1,26-01-DAU.png,1,0.6848,False
2025-07-19,STEAM,DAU,274451.4,26-01-DAU.png,1,0.6848,False
2025-07-21,STEAM,DAU,272788.1,26-01-DAU.png,1,0.6848,False
2025-07-22,STEAM,DAU,279441.4,26-01-DAU.png,1,0.6848,False
2025-07-24,STEAM,DAU,281104.7,26-01-DAU.png,1,0.6848,False
2025-07-25,STEAM,DAU,267798.0,26-01-DAU.png,1,0.6848,False
2025-07-31,STEAM,DAU,277778.1,26-01-DAU.png,1,0.6848,False
2025-08-06,STEAM,DAU,340984.9,26-01-DAU.png,1,0.6848,False
2025-08-07,STEAM,DAU,319361.5,26-01-DAU.png,1,0.6848,False
2025-08-09,STEAM,DAU,316034.8,26-01-DAU.png,1,0.6848,False
2025-08-10,STEAM,DAU,314371.5,26-01-DAU.png,1,0.6848,False
2025-08-12,STEAM,DAU,306054.8,26-01-DAU.png,1,0.6848,False
2025-08-13,STEAM,DAU,309381.5,26-01-DAU.png,1,0.6848,False
2025-08-15,STEAM,DAU,316034.8,26-01-DAU.png,1,0.6848,False
2025-08-16,STEAM,DAU,316034.8,26-01-DAU.png,1,0.6848,False
2025-08-18,STEAM,DAU,301064.8,26-01-DAU.png,1,0.6848,False
2025-08-19,STEAM,DAU,304391.5,26-01-DAU.png,1,0.6848,False
2025-08-21,STEAM,DAU,307718.2,26-01-DAU.png,1,0.6848,False
2025-08-22,STEAM,DAU,307718.2,26-01-DAU.png,1,0.6848,False
2025-08-24,STEAM,DAU,299401.5,26-01-DAU.png,1,0.6848,False
2025-08-25,STEAM,DAU,309381.5,26-01-DAU.png,1,0.6848,False
2025-08-26,STEAM,DAU,331004.9,26-01-DAU.png,1,0.6848,False
2025-08-28,STEAM,DAU,334331.6,26-01-DAU.png,1,0.6848,False
2025-08-29,STEAM,DAU,317698.2,26-01-DAU.png,1,0.6848,False
2025-08-31,STEAM,DAU,319361.5,26-01-DAU.png,1,0.6848,False
2025-09-01,STEAM,DAU,321024.9,26-01-DAU.png,1,0.6848,False
2025-09-03,STEAM,DAU,321024.9,26-01-DAU.png,1,0.6848,False
2025-09-04,STEAM,DAU,319361.5,26-01-DAU.png,1,0.6848,False
2025-09-06,STEAM,DAU,337658.2,26-01-DAU.png,1,0.6848,False
2025-09-07,STEAM,DAU,354291.6,26-01-DAU.png,1,0.6848,False
2025-09-09,STEAM,DAU,362608.3,26-01-DAU.png,1,0.6848,False
2025-09-10,STEAM,DAU,335994.9,26-01-DAU.png,1,0.6848,False
2025-09-12,STEAM,DAU,334331.6,26-01-DAU.png,1,0.6848,False
2025-09-13,STEAM,DAU,332668.2,26-01-DAU.png,1,0.6848,False
2025-09-14,STEAM,DAU,329341.5,26-01-DAU.png,1,0.6848,False
2025-09-16,STEAM,DAU,324351.5,26-01-DAU.png,1,0.6848,False
2025-09-17,STEAM,DAU,324351.5,26-01-DAU.png,1,0.6848,False
2025-09-19,STEAM,DAU,326014.9,26-01-DAU.png,1,0.6848,False
2025-09-20,STEAM,DAU,326014.9,26-01-DAU.png,1,0.6848,False
2025-09-22,STEAM,DAU,319361.5,26-01-DAU.png,1,0.6848,False
2025-09-23,STEAM,DAU,321024.9,26-01-DAU.png,1,0.6848,False
2025-09-25,STEAM,DAU,327678.2,26-01-DAU.png,1,0.6848,False
2025-09-26,STEAM,DAU,332668.2,26-01-DAU.png,1,0.6848,False
2025-09-28,STEAM,DAU,339321.6,26-01-DAU.png,1,0.6848,False
2025-10-01,STEAM,DAU,417498.4,26-01-DAU.png,1,0.6848,False
2025-10-02,STEAM,DAU,415835.1,26-01-DAU.png,1,0.6848,False
2025-10-03,STEAM,DAU,400865.1,26-01-DAU.png,1,0.6848,False
2025-10-05,STEAM,DAU,404191.7,26-01-DAU.png,1,0.6848,False
2025-10-06,STEAM,DAU,407518.4,26-01-DAU.png,1,0.6848,False
2025-10-08,STEAM,DAU,402528.4,26-01-DAU.png,1,0.6848,False
2025-10-09,STEAM,DAU,399201.7,26-01-DAU.png,1,0.6848,False
2025-10-11,STEAM,DAU,399201.7,26-01-DAU.png,1,0.6848,False
2025-10-12,STEAM,DAU,397538.4,26-01-DAU.png,1,0.6848,False
2025-10-14,STEAM,DAU,392548.4,26-01-DAU.png,1,0.6848,False
2025-10-15,STEAM,DAU,369261.7,26-01-DAU.png,1,0.6848,False
2025-10-17,STEAM,DAU,364271.6,26-01-DAU.png,1,0.6848,False
2025-10-18,STEAM,DAU,364271.6,26-01-DAU.png,1,0.6848,False
2025-10-19,STEAM,DAU,359281.6,26-01-DAU.png,1,0.6848,False
2025-10-21,STEAM,DAU,359281.6,26-01-DAU.png,1,0.6848,False
2025-10-22,STEAM,DAU,357618.3,26-01-DAU.png,1,0.6848,False
2025-10-24,STEAM,DAU,359281.6,26-01-DAU.png,1,0.6848,False
2025-10-25,STEAM,DAU,345974.9,26-01-DAU.png,1,0.6848,False
2025-10-27,STEAM,DAU,335994.9,26-01-DAU.png,1,0.6848,False
2025-10-28,STEAM,DAU,335994.9,26-01-DAU.png,1,0.6848,False
2025-10-30,STEAM,DAU,334331.6,26-01-DAU.png,1,0.6848,False
2025-10-31,STEAM,DAU,331004.9,26-01-DAU.png,1,0.6848,False
2025-11-02,STEAM,DAU,340984.9,26-01-DAU.png,1,0.6848,False
2025-11-03,STEAM,DAU,369261.7,26-01-DAU.png,1,0.6848,False
2025-11-05,STEAM,DAU,370925.0,26-01-DAU.png,1,0.6848,False
2025-11-06,STEAM,DAU,370925.0,26-01-DAU.png,1,0.6848,False
2025-11-07,STEAM,DAU,354291.6,26-01-DAU.png,1,0.6848,False
2025-11-09,STEAM,DAU,355954.9,26-01-DAU.png,1,0.6848,False
2025-11-10,STEAM,DAU,355954.9,26-01-DAU.png,1,0.6848,False
2025-11-12,STEAM,DAU,352628.3,26-01-DAU.png,1,0.6848,False
2025-11-13,STEAM,DAU,347638.3,26-01-DAU.png,1,0.6848,False
2025-11-15,STEAM,DAU,350964.9,26-01-DAU.png,1,0.6848,False
2025-11-16,STEAM,DAU,349301.6,26-01-DAU.png,1,0.6848,False
2025-11-18,STEAM,DAU,342648.2,26-01-DAU.png,1,0.6848,False
2025-11-19,STEAM,DAU,337658.2,26-01-DAU.png,1,0.6848,False
2025-11-21,STEAM,DAU,337658.2,26-01-DAU.png,1,0.6848,False
2025-11-22,STEAM,DAU,334331.6,26-01-DAU.png,1,0.6848,False
2025-11-24,STEAM,DAU,326014.9,26-01-DAU.png,1,0.6848,False
2025-11-25,STEAM,DAU,324351.5,26-01-DAU.png,1,0.6848,False
2025-11-26,STEAM,DAU,324351.5,26-01-DAU.png,1,0.6848,False
2025-11-28,STEAM,DAU,322688.2,26-01-DAU.png,1,0.6848,False
2025-11-29,STEAM,DAU,316034.8,26-01-DAU.png,1,0.6848,False
2025-12-01,STEAM,DAU,311044.8,26-01-DAU.png,1,0.6848,False
2025-12-02,STEAM,DAU,312708.2,26-01-DAU.png,1,0.6848,False
2025-12-04,STEAM,DAU,309381.5,26-01-DAU.png,1,0.6848,False
2025-12-05,STEAM,DAU,304391.5,26-01-DAU.png,1,0.6848,False
2025-12-07,STEAM,DAU,301064.8,26-01-DAU.png,1,0.6848,False
2025-12-08,STEAM,DAU,301064.8,26-01-DAU.png,1,0.6848,False
2025-12-10,STEAM,DAU,299401.5,26-01-DAU.png,1,0.6848,False
2025-12-11,STEAM,DAU,299401.5,26-01-DAU.png,1,0.6848,False
2025-12-13,STEAM,DAU,296074.8,26-01-DAU.png,1,0.6848,False
2025-12-14,STEAM,DAU,297738.1,26-01-DAU.png,1,0.6848,False
2025-12-15,STEAM,DAU,299401.5,26-01-DAU.png,1,0.6848,False
2025-12-20,STEAM,DAU,387558.4,26-01-DAU.png,1,0.6848,False
2025-12-21,STEAM,DAU,359281.6,26-01-DAU.png,1,0.6848,False
2025-12-23,STEAM,DAU,354291.6,26-01-DAU.png,1,0.6848,False
2025-12-24,STEAM,DAU,379241.7,26-01-DAU.png,1,0.6848,False
2025-12-26,STEAM,DAU,384231.7,26-01-DAU.png,1,0.6848,False
2025-12-27,STEAM,DAU,382568.4,26-01-DAU.png,1,0.6848,False
2025-12-29,STEAM,DAU,379241.7,26-01-DAU.png,1,0.6848,False
2025-12-30,STEAM,DAU,394211.7,26-01-DAU.png,1,0.6848,False
2026-01-01,STEAM,DAU,395875.1,26-01-DAU.png,1,0.6848,False
2026-01-02,STEAM,DAU,402528.4,26-01-DAU.png,1,0.6848,True
2026-01-03,STEAM,DAU,397538.4,26-01-DAU.png,1,0.6848,True
2026-01-05,STEAM,DAU,370925.0,26-01-DAU.png,1,0.6848,True
2026-01-06,STEAM,DAU,365935.0,26-01-DAU.png,1,0.6848,True
2026-01-08,STEAM,DAU,349301.6,26-01-DAU.png,1,0.6848,True
2026-01-09,STEAM,DAU,342648.2,26-01-DAU.png,1,0.6848,True
2026-01-11,STEAM,DAU,345974.9,26-01-DAU.png,1,0.6848,True
2026-01-12,STEAM,DAU,347638.3,26-01-DAU.png,1,0.6848,True
2026-01-14,STEAM,DAU,344311.6,26-01-DAU.png,1,0.6848,True
2026-01-15,STEAM,DAU,342648.2,26-01-DAU.png,1,0.6848,True
2026-01-17,STEAM,DAU,364271.6,26-01-DAU.png,1,0.6848,True
2026-01-18,STEAM,DAU,364271.6,26-01-DAU.png,1,0.6848,True
2026-01-19,STEAM,DAU,350964.9,26-01-DAU.png,1,0.6848,True
2026-01-21,STEAM,DAU,345974.9,26-01-DAU.png,1,0.6848,True
2026-01-22,STEAM,DAU,357618.3,26-01-DAU.png,1,0.6848,True
2026-01-24,STEAM,DAU,357618.3,26-01-DAU.png,1,0.6848,True
2026-01-25,STEAM,DAU,349301.6,26-01-DAU.png,1,0.6848,True
2023-08-11,STEAM,DAU,86494.2,26-01-DAU.png,2,0.3761,False
2023-08-14,STEAM,DAU,84937.9,26-01-DAU.png,2,0.3761,False
2023-08-24,STEAM,DAU,89820.9,26-01-DAU.png,2,0.3761,False
2023-08-27,STEAM,DAU,89820.9,26-01-DAU.png,2,0.3761,False
2023-10-11,STEAM,DAU,113107.6,26-01-DAU.png,2,0.3761,False
2023-10-14,STEAM,DAU,126414.3,26-01-DAU.png,2,0.3761,False
2023-10-17,STEAM,DAU,126414.3,26-01-DAU.png,2,0.3761,False
2023-11-07,STEAM,DAU,107451.0,26-01-DAU.png,2,0.3761,False
2023-11-10,STEAM,DAU,104206.6,26-01-DAU.png,2,0.3761,False
2023-12-22,STEAM,DAU,96474.3,26-01-DAU.png,2,0.3761,False
2024-01-02,STEAM,DAU,93147.6,26-01-DAU.png,2,0.3761,False
2024-01-04,STEAM,DAU,93147.6,26-01-DAU.png,2,0.3761,False
2024-01-07,STEAM,DAU,96474.3,26-01-DAU.png,2,0.3761,False
2024-01-18,STEAM,DAU,126414.3,26-01-DAU.png,2,0.3761,False
2024-01-26,STEAM,DAU,106454.3,26-01-DAU.png,2,0.3761,False
2024-02-03,STEAM,DAU,109781.0,26-01-DAU.png,2,0.3761,False
2024-03-06,STEAM,DAU,109781.0,26-01-DAU.png,2,0.3761,False
2024-03-11,STEAM,DAU,126414.3,26-01-DAU.png,2,0.3761,False
2024-03-16,STEAM,DAU,109781.0,26-01-DAU.png,2,0.3761,False
2024-04-06,STEAM,DAU,119761.0,26-01-DAU.png,2,0.3761,False
2024-04-14,STEAM,DAU,116434.3,26-01-DAU.png,2,0.3761,False
2024-04-17,STEAM,DAU,114008.8,26-01-DAU.png,2,0.3761,False
2024-04-20,STEAM,DAU,113107.6,26-01-DAU.png,2,0.3761,False
2024-04-30,STEAM,DAU,118004.3,26-01-DAU.png,2,0.3761,False
2024-05-14,STEAM,DAU,113107.6,26-01-DAU.png,2,0.3761,False
2024-05-19,STEAM,DAU,123087.7,26-01-DAU.png,2,0.3761,False
2024-05-22,STEAM,DAU,129741.0,26-01-DAU.png,2,0.3761,False
2024-05-27,STEAM,DAU,136394.4,26-01-DAU.png,2,0.3761,False
2024-05-30,STEAM,DAU,152659.9,26-01-DAU.png,2,0.3761,False
2024-06-25,STEAM,DAU,137057.5,26-01-DAU.png,2,0.3761,False
2024-06-28,STEAM,DAU,134761.7,26-01-DAU.png,2,0.3761,False
2024-07-01,STEAM,DAU,129741.0,26-01-DAU.png,2,0.3761,False
2024-07-02,STEAM,DAU,133067.7,26-01-DAU.png,2,0.6848,False
2024-07-06,STEAM,DAU,139721.0,26-01-DAU.png,2,0.6848,False
2024-07-08,STEAM,DAU,139721.0,26-01-DAU.png,2,0.6848,False
2024-07-12,STEAM,DAU,141070.8,26-01-DAU.png,2,0.6848,False
2024-07-14,STEAM,DAU,151320.6,26-01-DAU.png,2,0.6848,False
2024-07-17,STEAM,DAU,153027.7,26-01-DAU.png,2,0.6848,False
2024-07-18,STEAM,DAU,153027.7,26-01-DAU.png,2,0.6848,False
2024-07-19,STEAM,DAU,151580.2,26-01-DAU.png,2,0.6848,False
2024-07-21,STEAM,DAU,126414.3,26-01-DAU.png,2,0.6848,False
2024-07-22,STEAM,DAU,126414.3,26-01-DAU.png,2,0.6848,False
2024-07-24,STEAM,DAU,152933.7,26-01-DAU.png,2,0.6848,False
2024-07-31,STEAM,DAU,156354.4,26-01-DAU.png,2,0.6848,False
2024-08-05,STEAM,DAU,146374.4,26-01-DAU.png,2,0.6848,False
2024-08-09,STEAM,DAU,154498.3,26-01-DAU.png,2,0.6848,False
2024-08-10,STEAM,DAU,191531.3,26-01-DAU.png,2,0.6848,False
2024-08-12,STEAM,DAU,184531.4,26-01-DAU.png,2,0.6848,False
2024-08-16,STEAM,DAU,136394.4,26-01-DAU.png,2,0.6848,False
2024-08-18,STEAM,DAU,153027.7,26-01-DAU.png,2,0.6848,False
2024-08-24,STEAM,DAU,156354.4,26-01-DAU.png,2,0.6848,False
2024-08-29,STEAM,DAU,146374.4,26-01-DAU.png,2,0.6848,False
2024-09-03,STEAM,DAU,141427.7,26-01-DAU.png,2,0.6848,False
2024-09-04,STEAM,DAU,140598.7,26-01-DAU.png,2,0.6848,False
2024-09-13,STEAM,DAU,166334.4,26-01-DAU.png,2,0.6848,False
2024-09-14,STEAM,DAU,169661.1,26-01-DAU.png,2,0.6848,False
2024-09-19,STEAM,DAU,136394.4,26-01-DAU.png,2,0.6848,False
2024-09-20,STEAM,DAU,136394.4,26-01-DAU.png,2,0.6848,False
2024-09-22,STEAM,DAU,129741.0,26-01-DAU.png,2,0.6848,False
2024-09-23,STEAM,DAU,129741.0,26-01-DAU.png,2,0.6848,False
2024-10-08,STEAM,DAU,129741.0,26-01-DAU.png,2,0.6848,False
2024-10-12,STEAM,DAU,146374.4,26-01-DAU.png,2,0.6848,False
2024-10-28,STEAM,DAU,169661.1,26-01-DAU.png,2,0.6848,False
2024-10-30,STEAM,DAU,139721.0,26-01-DAU.png,2,0.6848,False
2024-11-09,STEAM,DAU,143047.7,26-01-DAU.png,2,0.6848,False
2024-11-10,STEAM,DAU,143047.7,26-01-DAU.png,2,0.6848,False
2024-11-12,STEAM,DAU,143047.7,26-01-DAU.png,2,0.6848,False
2024-11-13,STEAM,DAU,144585.1,26-01-DAU.png,2,0.6848,False
2024-11-15,STEAM,DAU,146374.4,26-01-DAU.png,2,0.6848,False
2024-11-19,STEAM,DAU,168072.6,26-01-DAU.png,2,0.6848,False
2024-11-21,STEAM,DAU,170008.8,26-01-DAU.png,2,0.6848,False
2024-11-22,STEAM,DAU,153027.7,26-01-DAU.png,2,0.6848,False
2024-12-04,STEAM,DAU,174736.0,26-01-DAU.png,2,0.6848,False
2024-12-07,STEAM,DAU,166334.4,26-01-DAU.png,2,0.6848,False
2024-12-08,STEAM,DAU,169661.1,26-01-DAU.png,2,0.6848,False
2024-12-10,STEAM,DAU,168787.4,26-01-DAU.png,2,0.6848,False
2024-12-11,STEAM,DAU,169661.1,26-01-DAU.png,2,0.6848,False
2024-12-13,STEAM,DAU,176314.5,26-01-DAU.png,2,0.6848,False
2024-12-17,STEAM,DAU,163007.8,26-01-DAU.png,2,0.6848,False
2024-12-18,STEAM,DAU,186294.5,26-01-DAU.png,2,0.6848,False
2024-12-20,STEAM,DAU,204071.3,26-01-DAU.png,2,0.6848,False
2024-12-21,STEAM,DAU,209581.2,26-01-DAU.png,2,0.6848,False
2024-12-26,STEAM,DAU,203674.5,26-01-DAU.png,2,0.6848,False
2024-12-30,STEAM,DAU,209581.2,26-01-DAU.png,2,0.6848,False
2025-01-01,STEAM,DAU,212789.5,26-01-DAU.png,2,0.6848,False
2025-01-02,STEAM,DAU,214810.3,26-01-DAU.png,2,0.6961,False
2025-01-03,STEAM,DAU,186294.5,26-01-DAU.png,2,0.6961,False
2025-01-06,STEAM,DAU,213044.8,26-01-DAU.png,2,0.6961,False
2025-01-09,STEAM,DAU,184617.6,26-01-DAU.png,2,0.6961,False
2025-01-21,STEAM,DAU,189621.2,26-01-DAU.png,2,0.6961,False
2025-01-22,STEAM,DAU,209581.2,26-01-DAU.png,2,0.6961,False
2025-01-23,STEAM,DAU,207934.1,26-01-DAU.png,2,0.6961,False
2025-01-31,STEAM,DAU,226214.6,26-01-DAU.png,2,0.6961,False
2025-02-01,STEAM,DAU,199601.2,26-01-DAU.png,2,0.6961,False
2025-02-04,STEAM,DAU,216234.6,26-01-DAU.png,2,0.6961,False
2025-02-07,STEAM,DAU,196274.5,26-01-DAU.png,2,0.6961,False
2025-02-08,STEAM,DAU,201086.7,26-01-DAU.png,2,0.6961,False
2025-02-10,STEAM,DAU,206222.6,26-01-DAU.png,2,0.6961,False
2025-02-11,STEAM,DAU,200979.2,26-01-DAU.png,2,0.6961,False
2025-02-13,STEAM,DAU,196274.5,26-01-DAU.png,2,0.6961,False
2025-02-14,STEAM,DAU,196274.5,26-01-DAU.png,2,0.6961,False
2025-02-15,STEAM,DAU,219823.3,26-01-DAU.png,2,0.6961,False
2025-02-17,STEAM,DAU,189621.2,26-01-DAU.png,2,0.6961,False
2025-02-20,STEAM,DAU,189621.2,26-01-DAU.png,2,0.6961,False
2025-02-23,STEAM,DAU,186294.5,26-01-DAU.png,2,0.6961,False
2025-02-24,STEAM,DAU,181187.6,26-01-DAU.png,2,0.6961,False
2025-02-26,STEAM,DAU,211790.2,26-01-DAU.png,2,0.6961,False
2025-02-28,STEAM,DAU,246174.7,26-01-DAU.png,2,0.6961,False
2025-03-02,STEAM,DAU,244001.9,26-01-DAU.png,2,0.6961,False
2025-03-03,STEAM,DAU,212894.3,26-01-DAU.png,2,0.6961,False
2025-03-05,STEAM,DAU,209581.2,26-01-DAU.png,2,0.6961,False
2025-03-06,STEAM,DAU,248054.4,26-01-DAU.png,2,0.6961,False
2025-03-08,STEAM,DAU,247361.0,26-01-DAU.png,2,0.6961,False
2025-03-09,STEAM,DAU,228528.0,26-01-DAU.png,2,0.6961,False
2025-03-13,STEAM,DAU,239312.8,26-01-DAU.png,2,0.6961,False
2025-03-15,STEAM,DAU,209581.2,26-01-DAU.png,2,0.6961,False
2025-03-16,STEAM,DAU,246174.7,26-01-DAU.png,2,0.6961,False
2025-03-18,STEAM,DAU,246174.7,26-01-DAU.png,2,0.6961,False
2025-03-19,STEAM,DAU,247697.2,26-01-DAU.png,2,0.6961,False
2025-03-22,STEAM,DAU,246174.7,26-01-DAU.png,2,0.6961,False
2025-03-23,STEAM,DAU,247411.8,26-01-DAU.png,2,0.6961,False
2025-03-25,STEAM,DAU,227188.5,26-01-DAU.png,2,0.6961,False
2025-03-26,STEAM,DAU,229541.3,26-01-DAU.png,2,0.6961,False
2025-03-28,STEAM,DAU,226214.6,26-01-DAU.png,2,0.6961,False
2025-03-29,STEAM,DAU,226214.6,26-01-DAU.png,2,0.6961,False
2025-03-31,STEAM,DAU,249501.3,26-01-DAU.png,2,0.6961,False
2025-04-01,STEAM,DAU,246174.7,26-01-DAU.png,2,0.6961,False
2025-04-02,STEAM,DAU,246174.7,26-01-DAU.png,2,0.6961,False
2025-04-04,STEAM,DAU,248032.5,26-01-DAU.png,2,0.6961,False
2025-04-05,STEAM,DAU,251201.0,26-01-DAU.png,2,0.6961,False
2025-04-10,STEAM,DAU,226221.6,26-01-DAU.png,2,0.6961,False
2025-04-11,STEAM,DAU,274387.6,26-01-DAU.png,2,0.6961,False
2025-04-12,STEAM,DAU,229541.3,26-01-DAU.png,2,0.6961,False
2025-04-14,STEAM,DAU,246174.7,26-01-DAU.png,2,0.6961,False
2025-04-15,STEAM,DAU,247541.5,26-01-DAU.png,2,0.6961,False
2025-04-17,STEAM,DAU,292748.1,26-01-DAU.png,2,0.6961,False
2025-04-27,STEAM,DAU,246174.7,26-01-DAU.png,2,0.6961,False
2025-04-28,STEAM,DAU,287467.4,26-01-DAU.png,2,0.6961,False
2025-05-01,STEAM,DAU,248168.8,26-01-DAU.png,2,0.6961,False
2025-05-03,STEAM,DAU,272788.1,26-01-DAU.png,2,0.6961,False
2025-05-04,STEAM,DAU,253766.2,26-01-DAU.png,2,0.6961,False
2025-05-07,STEAM,DAU,249562.5,26-01-DAU.png,2,0.6961,False
2025-05-08,STEAM,DAU,244715.4,26-01-DAU.png,2,0.6961,False
2025-05-10,STEAM,DAU,270009.9,26-01-DAU.png,2,0.6961,False
2025-05-13,STEAM,DAU,231427.3,26-01-DAU.png,2,0.6961,False
2025-05-14,STEAM,DAU,222887.9,26-01-DAU.png,2,0.6961,False
2025-05-16,STEAM,DAU,249501.3,26-01-DAU.png,2,0.6961,False
2025-05-20,STEAM,DAU,249501.3,26-01-DAU.png,2,0.6961,False
2025-05-21,STEAM,DAU,248317.0,26-01-DAU.png,2,0.6961,False
2025-05-30,STEAM,DAU,248014.9,26-01-DAU.png,2,0.6961,False
2025-05-31,STEAM,DAU,202927.9,26-01-DAU.png,2,0.6961,False
2025-06-05,STEAM,DAU,249501.3,26-01-DAU.png,2,0.6961,False
2025-06-06,STEAM,DAU,247956.4,26-01-DAU.png,2,0.6961,False
2025-06-08,STEAM,DAU,246174.7,26-01-DAU.png,2,0.6961,False
2025-06-09,STEAM,DAU,262808.0,26-01-DAU.png,2,0.6961,False
2025-06-10,STEAM,DAU,264491.4,26-01-DAU.png,2,0.6961,False
2025-06-12,STEAM,DAU,247689.3,26-01-DAU.png,2,0.6961,False
2025-06-13,STEAM,DAU,248610.0,26-01-DAU.png,2,0.6961,False
2025-06-15,STEAM,DAU,259481.4,26-01-DAU.png,2,0.6961,False
2025-06-16,STEAM,DAU,259481.4,26-01-DAU.png,2,0.6961,False
2025-06-18,STEAM,DAU,259481.4,26-01-DAU.png,2,0.6961,False
2025-06-19,STEAM,DAU,306054.8,26-01-DAU.png,2,0.6961,False
2025-06-22,STEAM,DAU,266134.7,26-01-DAU.png,2,0.6961,False
2025-06-23,STEAM,DAU,282454.4,26-01-DAU.png,2,0.6961,False
2025-06-25,STEAM,DAU,306054.8,26-01-DAU.png,2,0.6961,False
2025-06-26,STEAM,DAU,306054.8,26-01-DAU.png,2,0.6961,False
2025-06-28,STEAM,DAU,301789.1,26-01-DAU.png,2,0.6961,False
2025-06-29,STEAM,DAU,272788.1,26-01-DAU.png,2,0.6961,False
2025-07-02,STEAM,DAU,264298.6,26-01-DAU.png,2,0.6848,False
2025-07-03,STEAM,DAU,263869.2,26-01-DAU.png,2,0.6848,False
2025-07-05,STEAM,DAU,263738.2,26-01-DAU.png,2,0.6848,False
2025-07-06,STEAM,DAU,289421.4,26-01-DAU.png,2,0.6848,False
2025-07-08,STEAM,DAU,276114.7,26-01-DAU.png,2,0.6848,False
2025-07-12,STEAM,DAU,276114.7,26-01-DAU.png,2,0.6848,False
2025-07-15,STEAM,DAU,262808.0,26-01-DAU.png,2,0.6848,False
2025-07-17,STEAM,DAU,262808.0,26-01-DAU.png,2,0.6848,False
2025-07-18,STEAM,DAU,293089.3,26-01-DAU.png,2,0.6848,False
2025-07-19,STEAM,DAU,259481.4,26-01-DAU.png,2,0.6848,False
2025-07-21,STEAM,DAU,259481.4,26-01-DAU.png,2,0.6848,False
2025-07-22,STEAM,DAU,256154.7,26-01-DAU.png,2,0.6848,False
2025-07-25,STEAM,DAU,288003.5,26-01-DAU.png,2,0.6848,False
2025-07-31,STEAM,DAU,278755.7,26-01-DAU.png,2,0.6848,False
2025-08-03,STEAM,DAU,332668.2,26-01-DAU.png,2,0.6848,False
2025-08-06,STEAM,DAU,324736.8,26-01-DAU.png,2,0.6848,False
2025-08-07,STEAM,DAU,311062.3,26-01-DAU.png,2,0.6848,False
2025-08-09,STEAM,DAU,331098.1,26-01-DAU.png,2,0.6848,False
2025-08-10,STEAM,DAU,329341.5,26-01-DAU.png,2,0.6848,False
2025-08-16,STEAM,DAU,297573.1,26-01-DAU.png,2,0.6848,False
2025-08-25,STEAM,DAU,351278.0,26-01-DAU.png,2,0.6848,False
2025-08-26,STEAM,DAU,312563.5,26-01-DAU.png,2,0.6848,False
2025-08-28,STEAM,DAU,299401.5,26-01-DAU.png,2,0.6848,False
2025-09-04,STEAM,DAU,299401.5,26-01-DAU.png,2,0.6848,False
2025-09-09,STEAM,DAU,317495.8,26-01-DAU.png,2,0.6848,False
2025-09-10,STEAM,DAU,312708.2,26-01-DAU.png,2,0.6848,False
2025-09-12,STEAM,DAU,312708.2,26-01-DAU.png,2,0.6848,False
2025-09-19,STEAM,DAU,355954.9,26-01-DAU.png,2,0.6848,False
2025-09-25,STEAM,DAU,344328.8,26-01-DAU.png,2,0.6848,False
2025-09-26,STEAM,DAU,354486.8,26-01-DAU.png,2,0.6848,False
2025-09-28,STEAM,DAU,340933.4,26-01-DAU.png,2,0.6848,False
2025-09-29,STEAM,DAU,368995.2,26-01-DAU.png,2,0.6848,False
2025-10-01,STEAM,DAU,368522.6,26-01-DAU.png,2,0.6848,False
2025-10-02,STEAM,DAU,361408.3,26-01-DAU.png,2,0.6848,False
2025-10-03,STEAM,DAU,372324.9,26-01-DAU.png,2,0.6848,False
2025-10-12,STEAM,DAU,402420.3,26-01-DAU.png,2,0.6848,False
2025-10-14,STEAM,DAU,365122.1,26-01-DAU.png,2,0.6848,False
2025-10-18,STEAM,DAU,375915.0,26-01-DAU.png,2,0.6848,False
2025-10-19,STEAM,DAU,378386.2,26-01-DAU.png,2,0.6848,False
2025-10-22,STEAM,DAU,381323.6,26-01-DAU.png,2,0.6848,False
2025-10-24,STEAM,DAU,374615.3,26-01-DAU.png,2,0.6848,False
2025-10-25,STEAM,DAU,323827.0,26-01-DAU.png,2,0.6848,False
2025-11-02,STEAM,DAU,379241.7,26-01-DAU.png,2,0.6848,False
2025-11-03,STEAM,DAU,362608.3,26-01-DAU.png,2,0.6848,False
2025-11-05,STEAM,DAU,329341.5,26-01-DAU.png,2,0.6848,False
2025-11-06,STEAM,DAU,331964.5,26-01-DAU.png,2,0.6848,False
2025-11-07,STEAM,DAU,333964.8,26-01-DAU.png,2,0.6848,False
2025-11-12,STEAM,DAU,320764.5,26-01-DAU.png,2,0.6848,False
2025-11-13,STEAM,DAU,312708.2,26-01-DAU.png,2,0.6848,False
2025-11-15,STEAM,DAU,316034.8,26-01-DAU.png,2,0.6848,False
2025-11-16,STEAM,DAU,313758.0,26-01-DAU.png,2,0.6848,False
2025-11-18,STEAM,DAU,317681.3,26-01-DAU.png,2,0.6848,False
2025-11-19,STEAM,DAU,312708.2,26-01-DAU.png,2,0.6848,False
2025-11-22,STEAM,DAU,309381.5,26-01-DAU.png,2,0.6848,False
2025-11-24,STEAM,DAU,304471.6,26-01-DAU.png,2,0.6848,False
2025-11-25,STEAM,DAU,299401.5,26-01-DAU.png,2,0.6848,False
2025-11-28,STEAM,DAU,296074.8,26-01-DAU.png,2,0.6848,False
2025-11-29,STEAM,DAU,298287.0,26-01-DAU.png,2,0.6848,False
2025-12-01,STEAM,DAU,292748.1,26-01-DAU.png,2,0.6848,False
2025-12-02,STEAM,DAU,330608.9,26-01-DAU.png,2,0.6848,False
2025-12-05,STEAM,DAU,297987.6,26-01-DAU.png,2,0.6848,False
2025-12-11,STEAM,DAU,282768.1,26-01-DAU.png,2,0.6848,False
2025-12-13,STEAM,DAU,282768.1,26-01-DAU.png,2,0.6848,False
2025-12-15,STEAM,DAU,286877.9,26-01-DAU.png,2,0.6848,False
2025-12-17,STEAM,DAU,297701.5,26-01-DAU.png,2,0.6848,False
2025-12-18,STEAM,DAU,332668.2,26-01-DAU.png,2,0.6848,False
2025-12-21,STEAM,DAU,327736.0,26-01-DAU.png,2,0.6848,False
2025-12-23,STEAM,DAU,329341.5,26-01-DAU.png,2,0.6848,False
2025-12-29,STEAM,DAU,345974.9,26-01-DAU.png,2,0.6848,False
2026-01-03,STEAM,DAU,370222.6,26-01-DAU.png,2,0.6848,True
2026-01-06,STEAM,DAU,349447.7,26-01-DAU.png,2,0.6848,True
2026-01-08,STEAM,DAU,342648.2,26-01-DAU.png,2,0.6848,True
2026-01-14,STEAM,DAU,326014.9,26-01-DAU.png,2,0.6848,True
2026-01-15,STEAM,DAU,359183.6,26-01-DAU.png,2,0.6848,True
2026-01-17,STEAM,DAU,326014.9,26-01-DAU.png,2,0.6848,True
2026-01-25,STEAM,DAU,335994.9,26-01-DAU.png,2,0.6848,True
2023-08-11,AOS,DAU,59880.8,26-01-DAU.png,1,0.3761,False
2023-08-14,AOS,DAU,59880.8,26-01-DAU.png,1,0.3761,False
2023-08-16,AOS,DAU,58217.5,26-01-DAU.png,1,0.3761,False
2023-08-19,AOS,DAU,56554.1,26-01-DAU.png,1,0.3761,False
2023-08-22,AOS,DAU,56554.1,26-01-DAU.png,1,0.3761,False
2023-08-24,AOS,DAU,56554.1,26-01-DAU.png,1,0.3761,False
2023-08-27,AOS,DAU,56554.1,26-01-DAU.png,1,0.3761,False
2023-08-30,AOS,DAU,56554.1,26-01-DAU.png,1,0.3761,False
2023-09-01,AOS,DAU,59880.8,26-01-DAU.png,1,0.3761,False
2023-09-04,AOS,DAU,61544.2,26-01-DAU.png,1,0.3761,False
2023-09-07,AOS,DAU,59880.8,26-01-DAU.png,1,0.3761,False
2023-09-09,AOS,DAU,61544.2,26-01-DAU.png,1,0.3761,False
2023-09-12,AOS,DAU,63207.5,26-01-DAU.png,1,0.3761,False
2023-09-15,AOS,DAU,66534.2,26-01-DAU.png,1,0.3761,False
2023-09-17,AOS,DAU,66534.2,26-01-DAU.png,1,0.3761,False
2023-09-20,AOS,DAU,66534.2,26-01-DAU.png,1,0.3761,False
2023-09-23,AOS,DAU,66534.2,26-01-DAU.png,1,0.3761,False
2023-09-25,AOS,DAU,71524.2,26-01-DAU.png,1,0.3761,False
2023-09-28,AOS,DAU,73187.5,26-01-DAU.png,1,0.3761,False
2023-10-01,AOS,DAU,74850.9,26-01-DAU.png,1,0.3761,False
2023-10-03,AOS,DAU,76514.2,26-01-DAU.png,1,0.3761,False
2023-10-06,AOS,DAU,76514.2,26-01-DAU.png,1,0.3761,False
2023-10-09,AOS,DAU,76514.2,26-01-DAU.png,1,0.3761,False
2023-10-11,AOS,DAU,76514.2,26-01-DAU.png,1,0.3761,False
2023-10-14,AOS,DAU,76514.2,26-01-DAU.png,1,0.3761,False
2023-10-17,AOS,DAU,76514.2,26-01-DAU.png,1,0.3761,False
2023-10-19,AOS,DAU,76514.2,26-01-DAU.png,1,0.3761,False
2023-10-22,AOS,DAU,76514.2,26-01-DAU.png,1,0.3761,False
2023-10-25,AOS,DAU,76514.2,26-01-DAU.png,1,0.3761,False
2023-10-27,AOS,DAU,78177.5,26-01-DAU.png,1,0.3761,False
2023-10-30,AOS,DAU,79840.9,26-01-DAU.png,1,0.3761,False
2023-11-02,AOS,DAU,79840.9,26-01-DAU.png,1,0.3761,False
2023-11-04,AOS,DAU,79840.9,26-01-DAU.png,1,0.3761,False
2023-11-07,AOS,DAU,76514.2,26-01-DAU.png,1,0.3761,False
2023-11-10,AOS,DAU,71524.2,26-01-DAU.png,1,0.3761,False
2023-11-12,AOS,DAU,69860.9,26-01-DAU.png,1,0.3761,False
2023-11-15,AOS,DAU,68197.5,26-01-DAU.png,1,0.3761,False
2023-11-18,AOS,DAU,68197.5,26-01-DAU.png,1,0.3761,False
2023-11-20,AOS,DAU,69860.9,26-01-DAU.png,1,0.3761,False
2023-11-23,AOS,DAU,68197.5,26-01-DAU.png,1,0.3761,False
2023-11-25,AOS,DAU,68197.5,26-01-DAU.png,1,0.3761,False
2023-11-28,AOS,DAU,68197.5,26-01-DAU.png,1,0.3761,False
2023-12-01,AOS,DAU,68197.5,26-01-DAU.png,1,0.3761,False
2023-12-03,AOS,DAU,68197.5,26-01-DAU.png,1,0.3761,False
2023-12-06,AOS,DAU,71524.2,26-01-DAU.png,1,0.3761,False
2023-12-09,AOS,DAU,74850.9,26-01-DAU.png,1,0.3761,False
2023-12-11,AOS,DAU,74850.9,26-01-DAU.png,1,0.3761,False
2023-12-14,AOS,DAU,73187.5,26-01-DAU.png,1,0.3761,False
2023-12-17,AOS,DAU,73187.5,26-01-DAU.png,1,0.3761,False
2023-12-19,AOS,DAU,73187.5,26-01-DAU.png,1,0.3761,False
2023-12-22,AOS,DAU,71524.2,26-01-DAU.png,1,0.3761,False
2023-12-25,AOS,DAU,69860.9,26-01-DAU.png,1,0.3761,False
2023-12-27,AOS,DAU,69860.9,26-01-DAU.png,1,0.3761,False
2023-12-30,AOS,DAU,69860.9,26-01-DAU.png,1,0.3761,False
2024-01-02,AOS,DAU,68197.5,26-01-DAU.png,1,0.3761,False
2024-01-04,AOS,DAU,68197.5,26-01-DAU.png,1,0.3761,False
2024-01-07,AOS,DAU,73187.5,26-01-DAU.png,1,0.3761,False
2024-01-10,AOS,DAU,78177.5,26-01-DAU.png,1,0.3761,False
2024-01-12,AOS,DAU,76514.2,26-01-DAU.png,1,0.3761,False
2024-01-15,AOS,DAU,74850.9,26-01-DAU.png,1,0.3761,False
2024-01-18,AOS,DAU,74850.9,26-01-DAU.png,1,0.3761,False
2024-01-20,AOS,DAU,76514.2,26-01-DAU.png,1,0.3761,False
2024-01-23,AOS,DAU,76514.2,26-01-DAU.png,1,0.3761,False
2024-01-26,AOS,DAU,76514.2,26-01-DAU.png,1,0.3761,False
2024-01-28,AOS,DAU,78177.5,26-01-DAU.png,1,0.3761,False
2024-01-31,AOS,DAU,79840.9,26-01-DAU.png,1,0.3761,False
2024-02-03,AOS,DAU,79840.9,26-01-DAU.png,1,0.3761,False
2024-02-05,AOS,DAU,78177.5,26-01-DAU.png,1,0.3761,False
2024-02-08,AOS,DAU,79840.9,26-01-DAU.png,1,0.3761,False
2024-02-11,AOS,DAU,78177.5,26-01-DAU.png,1,0.3761,False
2024-02-13,AOS,DAU,76514.2,26-01-DAU.png,1,0.3761,False
2024-02-16,AOS,DAU,76514.2,26-01-DAU.png,1,0.3761,False
2024-02-19,AOS,DAU,79840.9,26-01-DAU.png,1,0.3761,False
2024-02-21,AOS,DAU,79840.9,26-01-DAU.png,1,0.3761,False
2024-02-24,AOS,DAU,76514.2,26-01-DAU.png,1,0.3761,False
2024-02-27,AOS,DAU,76514.2,26-01-DAU.png,1,0.3761,False
2024-02-29,AOS,DAU,78177.5,26-01-DAU.png,1,0.3761,False
2024-03-03,AOS,DAU,79840.9,26-01-DAU.png,1,0.3761,False
2024-03-06,AOS,DAU,76514.2,26-01-DAU.png,1,0.3761,False
2024-03-08,AOS,DAU,76514.2,26-01-DAU.png,1,0.3761,False
2024-03-11,AOS,DAU,79840.9,26-01-DAU.png,1,0.3761,False
2024-03-13,AOS,DAU,81504.2,26-01-DAU.png,1,0.3761,False
2024-03-16,AOS,DAU,81504.2,26-01-DAU.png,1,0.3761,False
2024-03-19,AOS,DAU,78177.5,26-01-DAU.png,1,0.3761,False
2024-03-21,AOS,DAU,79840.9,26-01-DAU.png,1,0.3761,False
2024-03-24,AOS,DAU,79840.9,26-01-DAU.png,1,0.3761,False
2024-03-27,AOS,DAU,81504.2,26-01-DAU.png,1,0.3761,False
2024-03-29,AOS,DAU,81504.2,26-01-DAU.png,1,0.3761,False
2024-04-01,AOS,DAU,89820.9,26-01-DAU.png,1,0.3761,False
2024-04-04,AOS,DAU,88157.6,26-01-DAU.png,1,0.3761,False
2024-04-06,AOS,DAU,86494.2,26-01-DAU.png,1,0.3761,False
2024-04-09,AOS,DAU,84830.9,26-01-DAU.png,1,0.3761,False
2024-04-12,AOS,DAU,84830.9,26-01-DAU.png,1,0.3761,False
2024-04-14,AOS,DAU,84830.9,26-01-DAU.png,1,0.3761,False
2024-04-17,AOS,DAU,84830.9,26-01-DAU.png,1,0.3761,False
2024-04-20,AOS,DAU,86494.2,26-01-DAU.png,1,0.3761,False
2024-04-22,AOS,DAU,86494.2,26-01-DAU.png,1,0.3761,False
2024-04-25,AOS,DAU,83167.6,26-01-DAU.png,1,0.3761,False
2024-04-28,AOS,DAU,83167.6,26-01-DAU.png,1,0.3761,False
2024-04-30,AOS,DAU,86494.2,26-01-DAU.png,1,0.3761,False
2024-05-03,AOS,DAU,88157.6,26-01-DAU.png,1,0.3761,False
2024-05-06,AOS,DAU,86494.2,26-01-DAU.png,1,0.3761,False
2024-05-08,AOS,DAU,88157.6,26-01-DAU.png,1,0.3761,False
2024-05-11,AOS,DAU,94810.9,26-01-DAU.png,1,0.3761,False
2024-05-14,AOS,DAU,93147.6,26-01-DAU.png,1,0.3761,False
2024-05-16,AOS,DAU,89820.9,26-01-DAU.png,1,0.3761,False
2024-05-19,AOS,DAU,86494.2,26-01-DAU.png,1,0.3761,False
2024-05-22,AOS,DAU,86494.2,26-01-DAU.png,1,0.3761,False
2024-05-24,AOS,DAU,89820.9,26-01-DAU.png,1,0.3761,False
2024-05-27,AOS,DAU,89820.9,26-01-DAU.png,1,0.3761,False
2024-05-30,AOS,DAU,91484.2,26-01-DAU.png,1,0.3761,False
2024-06-01,AOS,DAU,99800.9,26-01-DAU.png,1,0.3761,False
2024-06-04,AOS,DAU,104790.9,26-01-DAU.png,1,0.3761,False
2024-06-07,AOS,DAU,106454.3,26-01-DAU.png,1,0.3761,False
2024-06-09,AOS,DAU,104790.9,26-01-DAU.png,1,0.3761,False
2024-06-12,AOS,DAU,103127.6,26-01-DAU.png,1,0.3761,False
2024-06-15,AOS,DAU,104790.9,26-01-DAU.png,1,0.3761,False
2024-06-17,AOS,DAU,106454.3,26-01-DAU.png,1,0.3761,False
2024-06-20,AOS,DAU,106454.3,26-01-DAU.png,1,0.3761,False
2024-06-23,AOS,DAU,104790.9,26-01-DAU.png,1,0.3761,False
2024-06-25,AOS,DAU,104790.9,26-01-DAU.png,1,0.3761,False
2024-06-28,AOS,DAU,101464.3,26-01-DAU.png,1,0.3761,False
2024-07-01,AOS,DAU,98137.6,26-01-DAU.png,1,0.3761,False
2024-07-02,AOS,DAU,96474.3,26-01-DAU.png,1,0.6848,False
2024-07-03,AOS,DAU,98137.6,26-01-DAU.png,1,0.6848,False
2024-07-05,AOS,DAU,96474.3,26-01-DAU.png,1,0.6848,False
2024-07-06,AOS,DAU,94810.9,26-01-DAU.png,1,0.6848,False
2024-07-08,AOS,DAU,94810.9,26-01-DAU.png,1,0.6848,False
2024-07-09,AOS,DAU,93147.6,26-01-DAU.png,1,0.6848,False
2024-07-11,AOS,DAU,91484.2,26-01-DAU.png,1,0.6848,False
2024-07-12,AOS,DAU,89820.9,26-01-DAU.png,1,0.6848,False
2024-07-14,AOS,DAU,96474.3,26-01-DAU.png,1,0.6848,False
2024-07-15,AOS,DAU,96474.3,26-01-DAU.png,1,0.6848,False
2024-07-17,AOS,DAU,94810.9,26-01-DAU.png,1,0.6848,False
2024-07-18,AOS,DAU,96474.3,26-01-DAU.png,1,0.6848,False
2024-07-19,AOS,DAU,98137.6,26-01-DAU.png,1,0.6848,False
2024-07-21,AOS,DAU,94810.9,26-01-DAU.png,1,0.6848,False
2024-07-22,AOS,DAU,91484.2,26-01-DAU.png,1,0.6848,False
2024-07-24,AOS,DAU,94810.9,26-01-DAU.png,1,0.6848,False
2024-07-25,AOS,DAU,98137.6,26-01-DAU.png,1,0.6848,False
2024-07-27,AOS,DAU,98137.6,26-01-DAU.png,1,0.6848,False
2024-07-28,AOS,DAU,96474.3,26-01-DAU.png,1,0.6848,False
2024-07-30,AOS,DAU,98137.6,26-01-DAU.png,1,0.6848,False
2024-07-31,AOS,DAU,99800.9,26-01-DAU.png,1,0.6848,False
2024-08-02,AOS,DAU,98137.6,26-01-DAU.png,1,0.6848,False
2024-08-03,AOS,DAU,96474.3,26-01-DAU.png,1,0.6848,False
2024-08-05,AOS,DAU,96474.3,26-01-DAU.png,1,0.6848,False
2024-08-06,AOS,DAU,96474.3,26-01-DAU.png,1,0.6848,False
2024-08-07,AOS,DAU,94810.9,26-01-DAU.png,1,0.6848,False
2024-08-09,AOS,DAU,98137.6,26-01-DAU.png,1,0.6848,False
2024-08-10,AOS,DAU,114771.0,26-01-DAU.png,1,0.6848,False
2024-08-12,AOS,DAU,113107.6,26-01-DAU.png,1,0.6848,False
2024-08-15,AOS,DAU,99800.9,26-01-DAU.png,1,0.6848,False
2024-08-16,AOS,DAU,99800.9,26-01-DAU.png,1,0.6848,False
2024-08-18,AOS,DAU,98137.6,26-01-DAU.png,1,0.6848,False
2024-08-19,AOS,DAU,98137.6,26-01-DAU.png,1,0.6848,False
2024-08-21,AOS,DAU,98137.6,26-01-DAU.png,1,0.6848,False
2024-08-22,AOS,DAU,101464.3,26-01-DAU.png,1,0.6848,False
2024-08-24,AOS,DAU,101464.3,26-01-DAU.png,1,0.6848,False
2024-08-25,AOS,DAU,99800.9,26-01-DAU.png,1,0.6848,False
2024-08-26,AOS,DAU,96474.3,26-01-DAU.png,1,0.6848,False
2024-08-28,AOS,DAU,96474.3,26-01-DAU.png,1,0.6848,False
2024-08-29,AOS,DAU,96474.3,26-01-DAU.png,1,0.6848,False
2024-08-31,AOS,DAU,93147.6,26-01-DAU.png,1,0.6848,False
2024-09-01,AOS,DAU,91484.2,26-01-DAU.png,1,0.6848,False
2024-09-03,AOS,DAU,93147.6,26-01-DAU.png,1,0.6848,False
2024-09-04,AOS,DAU,93147.6,26-01-DAU.png,1,0.6848,False
2024-09-06,AOS,DAU,91484.2,26-01-DAU.png,1,0.6848,False
2024-09-07,AOS,DAU,91484.2,26-01-DAU.png,1,0.6848,False
2024-09-09,AOS,DAU,93147.6,26-01-DAU.png,1,0.6848,False
2024-09-10,AOS,DAU,96474.3,26-01-DAU.png,1,0.6848,False
2024-09-12,AOS,DAU,94810.9,26-01-DAU.png,1,0.6848,False
2024-09-13,AOS,DAU,96474.3,26-01-DAU.png,1,0.6848,False
2024-09-14,AOS,DAU,103127.6,26-01-DAU.png,1,0.6848,False
2024-09-16,AOS,DAU,101464.3,26-01-DAU.png,1,0.6848,False
2024-09-17,AOS,DAU,98137.6,26-01-DAU.png,1,0.6848,False
2024-09-19,AOS,DAU,96474.3,26-01-DAU.png,1,0.6848,False
2024-09-20,AOS,DAU,96474.3,26-01-DAU.png,1,0.6848,False
2024-09-22,AOS,DAU,96474.3,26-01-DAU.png,1,0.6848,False
2024-09-23,AOS,DAU,94810.9,26-01-DAU.png,1,0.6848,False
2024-09-25,AOS,DAU,94810.9,26-01-DAU.png,1,0.6848,False
2024-09-26,AOS,DAU,98137.6,26-01-DAU.png,1,0.6848,False
2024-09-28,AOS,DAU,96474.3,26-01-DAU.png,1,0.6848,False
2024-09-29,AOS,DAU,93147.6,26-01-DAU.png,1,0.6848,False
2024-10-01,AOS,DAU,94810.9,26-01-DAU.png,1,0.6848,False
2024-10-02,AOS,DAU,96474.3,26-01-DAU.png,1,0.6848,False
2024-10-03,AOS,DAU,96474.3,26-01-DAU.png,1,0.6848,False
2024-10-05,AOS,DAU,96474.3,26-01-DAU.png,1,0.6848,False
2024-10-06,AOS,DAU,98137.6,26-01-DAU.png,1,0.6848,False
2024-10-08,AOS,DAU,98137.6,26-01-DAU.png,1,0.6848,False
2024-10-09,AOS,DAU,94810.9,26-01-DAU.png,1,0.6848,False
2024-10-11,AOS,DAU,93147.6,26-01-DAU.png,1,0.6848,False
2024-10-12,AOS,DAU,96474.3,26-01-DAU.png,1,0.6848,False
2024-10-14,AOS,DAU,94810.9,26-01-DAU.png,1,0.6848,False
2024-10-15,AOS,DAU,93147.6,26-01-DAU.png,1,0.6848,False
2024-10-17,AOS,DAU,93147.6,26-01-DAU.png,1,0.6848,False
2024-10-18,AOS,DAU,98137.6,26-01-DAU.png,1,0.6848,False
2024-10-19,AOS,DAU,99800.9,26-01-DAU.png,1,0.6848,False
2024-10-21,AOS,DAU,99800.9,26-01-DAU.png,1,0.6848,False
2024-10-22,AOS,DAU,99800.9,26-01-DAU.png,1,0.6848,False
2024-10-24,AOS,DAU,99800.9,26-01-DAU.png,1,0.6848,False
2024-10-25,AOS,DAU,98137.6,26-01-DAU.png,1,0.6848,False
2024-10-27,AOS,DAU,96474.3,26-01-DAU.png,1,0.6848,False
2024-10-28,AOS,DAU,98137.6,26-01-DAU.png,1,0.6848,False
2024-10-30,AOS,DAU,108117.6,26-01-DAU.png,1,0.6848,False
2024-10-31,AOS,DAU,108117.6,26-01-DAU.png,1,0.6848,False
2024-11-02,AOS,DAU,106454.3,26-01-DAU.png,1,0.6848,False
2024-11-03,AOS,DAU,104790.9,26-01-DAU.png,1,0.6848,False
2024-11-05,AOS,DAU,104790.9,26-01-DAU.png,1,0.6848,False
2024-11-06,AOS,DAU,104790.9,26-01-DAU.png,1,0.6848,False
2024-11-07,AOS,DAU,103127.6,26-01-DAU.png,1,0.6848,False
2024-11-09,AOS,DAU,106454.3,26-01-DAU.png,1,0.6848,False
2024-11-10,AOS,DAU,116434.3,26-01-DAU.png,1,0.6848,False
2024-11-12,AOS,DAU,111444.3,26-01-DAU.png,1,0.6848,False
2024-11-13,AOS,DAU,109781.0,26-01-DAU.png,1,0.6848,False
2024-11-15,AOS,DAU,118097.6,26-01-DAU.png,1,0.6848,False
2024-11-16,AOS,DAU,114771.0,26-01-DAU.png,1,0.6848,False
2024-11-18,AOS,DAU,113107.6,26-01-DAU.png,1,0.6848,False
2024-11-19,AOS,DAU,109781.0,26-01-DAU.png,1,0.6848,False
2024-11-21,AOS,DAU,111444.3,26-01-DAU.png,1,0.6848,False
2024-11-22,AOS,DAU,129741.0,26-01-DAU.png,1,0.6848,False
2024-11-24,AOS,DAU,126414.3,26-01-DAU.png,1,0.6848,False
2024-11-26,AOS,DAU,116434.3,26-01-DAU.png,1,0.6848,False
2024-11-28,AOS,DAU,116434.3,26-01-DAU.png,1,0.6848,False
2024-11-29,AOS,DAU,119761.0,26-01-DAU.png,1,0.6848,False
2024-12-01,AOS,DAU,123087.7,26-01-DAU.png,1,0.6848,False
2024-12-02,AOS,DAU,119761.0,26-01-DAU.png,1,0.6848,False
2024-12-04,AOS,DAU,116434.3,26-01-DAU.png,1,0.6848,False
2024-12-05,AOS,DAU,113107.6,26-01-DAU.png,1,0.6848,False
2024-12-07,AOS,DAU,111444.3,26-01-DAU.png,1,0.6848,False
2024-12-08,AOS,DAU,109781.0,26-01-DAU.png,1,0.6848,False
2024-12-10,AOS,DAU,111444.3,26-01-DAU.png,1,0.6848,False
2024-12-11,AOS,DAU,113107.6,26-01-DAU.png,1,0.6848,False
2024-12-13,AOS,DAU,116434.3,26-01-DAU.png,1,0.6848,False
2024-12-14,AOS,DAU,131404.3,26-01-DAU.png,1,0.6848,False
2024-12-15,AOS,DAU,126414.3,26-01-DAU.png,1,0.6848,False
2024-12-17,AOS,DAU,121424.3,26-01-DAU.png,1,0.6848,False
2024-12-18,AOS,DAU,118097.6,26-01-DAU.png,1,0.6848,False
2024-12-20,AOS,DAU,119761.0,26-01-DAU.png,1,0.6848,False
2024-12-21,AOS,DAU,136394.4,26-01-DAU.png,1,0.6848,False
2024-12-23,AOS,DAU,131404.3,26-01-DAU.png,1,0.6848,False
2024-12-24,AOS,DAU,129741.0,26-01-DAU.png,1,0.6848,False
2024-12-26,AOS,DAU,131404.3,26-01-DAU.png,1,0.6848,False
2024-12-27,AOS,DAU,138057.7,26-01-DAU.png,1,0.6848,False
2024-12-29,AOS,DAU,136394.4,26-01-DAU.png,1,0.6848,False
2024-12-30,AOS,DAU,133067.7,26-01-DAU.png,1,0.6848,False
2025-01-01,AOS,DAU,133067.7,26-01-DAU.png,1,0.6848,False
2025-01-02,AOS,DAU,141384.4,26-01-DAU.png,1,0.6961,False
2025-01-03,AOS,DAU,139721.0,26-01-DAU.png,1,0.6961,False
2025-01-05,AOS,DAU,138057.7,26-01-DAU.png,1,0.6961,False
2025-01-06,AOS,DAU,138057.7,26-01-DAU.png,1,0.6961,False
2025-01-08,AOS,DAU,143047.7,26-01-DAU.png,1,0.6961,False
2025-01-09,AOS,DAU,141384.4,26-01-DAU.png,1,0.6961,False
2025-01-11,AOS,DAU,136394.4,26-01-DAU.png,1,0.6961,False
2025-01-12,AOS,DAU,136394.4,26-01-DAU.png,1,0.6961,False
2025-01-13,AOS,DAU,139721.0,26-01-DAU.png,1,0.6961,False
2025-01-15,AOS,DAU,138057.7,26-01-DAU.png,1,0.6961,False
2025-01-16,AOS,DAU,138057.7,26-01-DAU.png,1,0.6961,False
2025-01-18,AOS,DAU,146374.4,26-01-DAU.png,1,0.6961,False
2025-01-19,AOS,DAU,148037.7,26-01-DAU.png,1,0.6961,False
2025-01-21,AOS,DAU,146374.4,26-01-DAU.png,1,0.6961,False
2025-01-22,AOS,DAU,144711.1,26-01-DAU.png,1,0.6961,False
2025-01-23,AOS,DAU,146374.4,26-01-DAU.png,1,0.6961,False
2025-01-25,AOS,DAU,158017.8,26-01-DAU.png,1,0.6961,False
2025-01-26,AOS,DAU,156354.4,26-01-DAU.png,1,0.6961,False
2025-01-28,AOS,DAU,156354.4,26-01-DAU.png,1,0.6961,False
2025-01-29,AOS,DAU,161344.4,26-01-DAU.png,1,0.6961,False
2025-01-31,AOS,DAU,161344.4,26-01-DAU.png,1,0.6961,False
2025-02-01,AOS,DAU,158017.8,26-01-DAU.png,1,0.6961,False
2025-02-03,AOS,DAU,154691.1,26-01-DAU.png,1,0.6961,False
2025-02-04,AOS,DAU,154691.1,26-01-DAU.png,1,0.6961,False
2025-02-05,AOS,DAU,158017.8,26-01-DAU.png,1,0.6961,False
2025-02-07,AOS,DAU,156354.4,26-01-DAU.png,1,0.6961,False
2025-02-08,AOS,DAU,156354.4,26-01-DAU.png,1,0.6961,False
2025-02-10,AOS,DAU,176314.5,26-01-DAU.png,1,0.6961,False
2025-02-11,AOS,DAU,171324.5,26-01-DAU.png,1,0.6961,False
2025-02-13,AOS,DAU,158017.8,26-01-DAU.png,1,0.6961,False
2025-02-14,AOS,DAU,158017.8,26-01-DAU.png,1,0.6961,False
2025-02-15,AOS,DAU,161344.4,26-01-DAU.png,1,0.6961,False
2025-02-17,AOS,DAU,161344.4,26-01-DAU.png,1,0.6961,False
2025-02-18,AOS,DAU,153027.7,26-01-DAU.png,1,0.6961,False
2025-02-20,AOS,DAU,153027.7,26-01-DAU.png,1,0.6961,False
2025-02-21,AOS,DAU,159681.1,26-01-DAU.png,1,0.6961,False
2025-02-23,AOS,DAU,158017.8,26-01-DAU.png,1,0.6961,False
2025-02-24,AOS,DAU,158017.8,26-01-DAU.png,1,0.6961,False
2025-02-26,AOS,DAU,164671.1,26-01-DAU.png,1,0.6961,False
2025-02-27,AOS,DAU,159681.1,26-01-DAU.png,1,0.6961,False
2025-02-28,AOS,DAU,158017.8,26-01-DAU.png,1,0.6961,False
2025-03-02,AOS,DAU,154691.1,26-01-DAU.png,1,0.6961,False
2025-03-03,AOS,DAU,156354.4,26-01-DAU.png,1,0.6961,False
2025-03-05,AOS,DAU,187957.8,26-01-DAU.png,1,0.6961,False
2025-03-06,AOS,DAU,177977.8,26-01-DAU.png,1,0.6961,False
2025-03-08,AOS,DAU,167997.8,26-01-DAU.png,1,0.6961,False
2025-03-09,AOS,DAU,167997.8,26-01-DAU.png,1,0.6961,False
2025-03-10,AOS,DAU,169661.1,26-01-DAU.png,1,0.6961,False
2025-03-12,AOS,DAU,167997.8,26-01-DAU.png,1,0.6961,False
2025-03-13,AOS,DAU,167997.8,26-01-DAU.png,1,0.6961,False
2025-03-15,AOS,DAU,181304.5,26-01-DAU.png,1,0.6961,False
2025-03-16,AOS,DAU,184631.2,26-01-DAU.png,1,0.6961,False
2025-03-18,AOS,DAU,177977.8,26-01-DAU.png,1,0.6961,False
2025-03-19,AOS,DAU,181304.5,26-01-DAU.png,1,0.6961,False
2025-03-21,AOS,DAU,184631.2,26-01-DAU.png,1,0.6961,False
2025-03-22,AOS,DAU,182967.8,26-01-DAU.png,1,0.6961,False
2025-03-23,AOS,DAU,177977.8,26-01-DAU.png,1,0.6961,False
2025-03-25,AOS,DAU,177977.8,26-01-DAU.png,1,0.6961,False
2025-03-26,AOS,DAU,194611.2,26-01-DAU.png,1,0.6961,False
2025-03-28,AOS,DAU,194611.2,26-01-DAU.png,1,0.6961,False
2025-03-29,AOS,DAU,186294.5,26-01-DAU.png,1,0.6961,False
2025-03-31,AOS,DAU,184631.2,26-01-DAU.png,1,0.6961,False
2025-04-01,AOS,DAU,182967.8,26-01-DAU.png,1,0.6961,False
2025-04-02,AOS,DAU,174651.1,26-01-DAU.png,1,0.6961,False
2025-04-04,AOS,DAU,169661.1,26-01-DAU.png,1,0.6961,False
2025-04-05,AOS,DAU,166334.4,26-01-DAU.png,1,0.6961,False
2025-04-07,AOS,DAU,179641.1,26-01-DAU.png,1,0.6961,False
2025-04-08,AOS,DAU,182967.8,26-01-DAU.png,1,0.6961,False
2025-04-10,AOS,DAU,177977.8,26-01-DAU.png,1,0.6961,False
2025-04-11,AOS,DAU,176314.5,26-01-DAU.png,1,0.6961,False
2025-04-12,AOS,DAU,201264.5,26-01-DAU.png,1,0.6961,False
2025-04-14,AOS,DAU,221224.6,26-01-DAU.png,1,0.6961,False
2025-04-15,AOS,DAU,227877.9,26-01-DAU.png,1,0.6961,False
2025-04-17,AOS,DAU,222887.9,26-01-DAU.png,1,0.6961,False
2025-04-18,AOS,DAU,224551.3,26-01-DAU.png,1,0.6961,False
2025-04-20,AOS,DAU,232868.0,26-01-DAU.png,1,0.6961,False
2025-04-21,AOS,DAU,227877.9,26-01-DAU.png,1,0.6961,False
2025-04-23,AOS,DAU,222887.9,26-01-DAU.png,1,0.6961,False
2025-04-24,AOS,DAU,214571.2,26-01-DAU.png,1,0.6961,False
2025-04-25,AOS,DAU,216234.6,26-01-DAU.png,1,0.6961,False
2025-04-27,AOS,DAU,207917.9,26-01-DAU.png,1,0.6961,False
2025-04-28,AOS,DAU,207917.9,26-01-DAU.png,1,0.6961,False
2025-04-30,AOS,DAU,224551.3,26-01-DAU.png,1,0.6961,False
2025-05-01,AOS,DAU,222887.9,26-01-DAU.png,1,0.6961,False
2025-05-03,AOS,DAU,204591.2,26-01-DAU.png,1,0.6961,False
2025-05-04,AOS,DAU,201264.5,26-01-DAU.png,1,0.6961,False
2025-05-05,AOS,DAU,199601.2,26-01-DAU.png,1,0.6961,False
2025-05-07,AOS,DAU,202927.9,26-01-DAU.png,1,0.6961,False
2025-05-08,AOS,DAU,199601.2,26-01-DAU.png,1,0.6961,False
2025-05-10,AOS,DAU,201264.5,26-01-DAU.png,1,0.6961,False
2025-05-11,AOS,DAU,211244.6,26-01-DAU.png,1,0.6961,False
2025-05-13,AOS,DAU,197937.9,26-01-DAU.png,1,0.6961,False
2025-05-14,AOS,DAU,177977.8,26-01-DAU.png,1,0.6961,False
2025-05-16,AOS,DAU,176314.5,26-01-DAU.png,1,0.6961,False
2025-05-17,AOS,DAU,181304.5,26-01-DAU.png,1,0.6961,False
2025-05-18,AOS,DAU,182967.8,26-01-DAU.png,1,0.6961,False
2025-05-20,AOS,DAU,177977.8,26-01-DAU.png,1,0.6961,False
2025-05-21,AOS,DAU,177977.8,26-01-DAU.png,1,0.6961,False
2025-05-23,AOS,DAU,181304.5,26-01-DAU.png,1,0.6961,False
2025-05-24,AOS,DAU,179641.1,26-01-DAU.png,1,0.6961,False
2025-05-26,AOS,DAU,166334.4,26-01-DAU.png,1,0.6961,False
2025-05-27,AOS,DAU,167997.8,26-01-DAU.png,1,0.6961,False
2025-05-28,AOS,DAU,169661.1,26-01-DAU.png,1,0.6961,False
2025-05-30,AOS,DAU,166334.4,26-01-DAU.png,1,0.6961,False
2025-05-31,AOS,DAU,164671.1,26-01-DAU.png,1,0.6961,False
2025-06-02,AOS,DAU,189621.2,26-01-DAU.png,1,0.6961,False
2025-06-03,AOS,DAU,196274.5,26-01-DAU.png,1,0.6961,False
2025-06-05,AOS,DAU,196274.5,26-01-DAU.png,1,0.6961,False
2025-06-06,AOS,DAU,196274.5,26-01-DAU.png,1,0.6961,False
2025-06-08,AOS,DAU,196274.5,26-01-DAU.png,1,0.6961,False
2025-06-09,AOS,DAU,197937.9,26-01-DAU.png,1,0.6961,False
2025-06-10,AOS,DAU,199601.2,26-01-DAU.png,1,0.6961,False
2025-06-12,AOS,DAU,202927.9,26-01-DAU.png,1,0.6961,False
2025-06-13,AOS,DAU,221224.6,26-01-DAU.png,1,0.6961,False
2025-06-15,AOS,DAU,236194.6,26-01-DAU.png,1,0.6961,False
2025-06-16,AOS,DAU,211244.6,26-01-DAU.png,1,0.6961,False
2025-06-18,AOS,DAU,224551.3,26-01-DAU.png,1,0.6961,False
2025-06-19,AOS,DAU,204591.2,26-01-DAU.png,1,0.6961,False
2025-06-20,AOS,DAU,207917.9,26-01-DAU.png,1,0.6961,False
2025-06-22,AOS,DAU,204591.2,26-01-DAU.png,1,0.6961,False
2025-06-23,AOS,DAU,202927.9,26-01-DAU.png,1,0.6961,False
2025-06-25,AOS,DAU,239521.3,26-01-DAU.png,1,0.6961,False
2025-06-26,AOS,DAU,266134.7,26-01-DAU.png,1,0.6961,False
2025-06-28,AOS,DAU,234531.3,26-01-DAU.png,1,0.6961,False
2025-06-29,AOS,DAU,241184.6,26-01-DAU.png,1,0.6961,False
2025-07-01,AOS,DAU,234531.3,26-01-DAU.png,1,0.6961,False
2025-07-02,AOS,DAU,217897.9,26-01-DAU.png,1,0.6848,False
2025-07-03,AOS,DAU,207917.9,26-01-DAU.png,1,0.6848,False
2025-07-05,AOS,DAU,211244.6,26-01-DAU.png,1,0.6848,False
2025-07-06,AOS,DAU,211244.6,26-01-DAU.png,1,0.6848,False
2025-07-08,AOS,DAU,266134.7,26-01-DAU.png,1,0.6848,False
2025-07-09,AOS,DAU,222887.9,26-01-DAU.png,1,0.6848,False
2025-07-11,AOS,DAU,261144.7,26-01-DAU.png,1,0.6848,False
2025-07-12,AOS,DAU,236194.6,26-01-DAU.png,1,0.6848,False
2025-07-14,AOS,DAU,216234.6,26-01-DAU.png,1,0.6848,False
2025-07-15,AOS,DAU,207917.9,26-01-DAU.png,1,0.6848,False
2025-07-17,AOS,DAU,206254.5,26-01-DAU.png,1,0.6848,False
2025-07-18,AOS,DAU,211244.6,26-01-DAU.png,1,0.6848,False
2025-07-19,AOS,DAU,212907.9,26-01-DAU.png,1,0.6848,False
2025-07-21,AOS,DAU,207917.9,26-01-DAU.png,1,0.6848,False
2025-07-22,AOS,DAU,219561.3,26-01-DAU.png,1,0.6848,False
2025-07-24,AOS,DAU,236194.6,26-01-DAU.png,1,0.6848,False
2025-07-25,AOS,DAU,231204.6,26-01-DAU.png,1,0.6848,False
2025-07-27,AOS,DAU,207917.9,26-01-DAU.png,1,0.6848,False
2025-07-30,AOS,DAU,221224.6,26-01-DAU.png,1,0.6848,False
2025-08-02,AOS,DAU,217897.9,26-01-DAU.png,1,0.6848,False
2025-08-03,AOS,DAU,282768.1,26-01-DAU.png,1,0.6848,False
2025-08-05,AOS,DAU,286094.8,26-01-DAU.png,1,0.6848,False
2025-08-06,AOS,DAU,257818.0,26-01-DAU.png,1,0.6848,False
2025-08-07,AOS,DAU,249501.3,26-01-DAU.png,1,0.6848,False
2025-08-09,AOS,DAU,247838.0,26-01-DAU.png,1,0.6848,False
2025-08-10,AOS,DAU,239521.3,26-01-DAU.png,1,0.6848,False
2025-08-12,AOS,DAU,236194.6,26-01-DAU.png,1,0.6848,False
2025-08-13,AOS,DAU,244511.3,26-01-DAU.png,1,0.6848,False
2025-08-15,AOS,DAU,246174.7,26-01-DAU.png,1,0.6848,False
2025-08-18,AOS,DAU,231204.6,26-01-DAU.png,1,0.6848,False
2025-08-19,AOS,DAU,231204.6,26-01-DAU.png,1,0.6848,False
2025-08-21,AOS,DAU,239521.3,26-01-DAU.png,1,0.6848,False
2025-08-22,AOS,DAU,234531.3,26-01-DAU.png,1,0.6848,False
2025-08-24,AOS,DAU,231204.6,26-01-DAU.png,1,0.6848,False
2025-08-25,AOS,DAU,232868.0,26-01-DAU.png,1,0.6848,False
2025-08-26,AOS,DAU,264471.4,26-01-DAU.png,1,0.6848,False
2025-08-28,AOS,DAU,251164.7,26-01-DAU.png,1,0.6848,False
2025-08-29,AOS,DAU,244511.3,26-01-DAU.png,1,0.6848,False
2025-08-31,AOS,DAU,244511.3,26-01-DAU.png,1,0.6848,False
2025-09-01,AOS,DAU,252828.0,26-01-DAU.png,1,0.6848,False
2025-09-03,AOS,DAU,247838.0,26-01-DAU.png,1,0.6848,False
2025-09-04,AOS,DAU,241184.6,26-01-DAU.png,1,0.6848,False
2025-09-06,AOS,DAU,241184.6,26-01-DAU.png,1,0.6848,False
2025-09-07,AOS,DAU,282768.1,26-01-DAU.png,1,0.6848,False
2025-09-09,AOS,DAU,271124.7,26-01-DAU.png,1,0.6848,False
2025-09-10,AOS,DAU,246174.7,26-01-DAU.png,1,0.6848,False
2025-09-12,AOS,DAU,246174.7,26-01-DAU.png,1,0.6848,False
2025-09-13,AOS,DAU,251164.7,26-01-DAU.png,1,0.6848,False
2025-09-14,AOS,DAU,252828.0,26-01-DAU.png,1,0.6848,False
2025-09-16,AOS,DAU,246174.7,26-01-DAU.png,1,0.6848,False
2025-09-17,AOS,DAU,244511.3,26-01-DAU.png,1,0.6848,False
2025-09-19,AOS,DAU,252828.0,26-01-DAU.png,1,0.6848,False
2025-09-20,AOS,DAU,256154.7,26-01-DAU.png,1,0.6848,False
2025-09-22,AOS,DAU,241184.6,26-01-DAU.png,1,0.6848,False
2025-09-23,AOS,DAU,242848.0,26-01-DAU.png,1,0.6848,False
2025-09-25,AOS,DAU,247838.0,26-01-DAU.png,1,0.6848,False
2025-09-26,AOS,DAU,262808.0,26-01-DAU.png,1,0.6848,False
2025-09-28,AOS,DAU,259481.4,26-01-DAU.png,1,0.6848,False
2025-09-29,AOS,DAU,262808.0,26-01-DAU.png,1,0.6848,False
2025-10-01,AOS,DAU,304391.5,26-01-DAU.png,1,0.6848,False
2025-10-02,AOS,DAU,312708.2,26-01-DAU.png,1,0.6848,False
2025-10-03,AOS,DAU,306054.8,26-01-DAU.png,1,0.6848,False
2025-10-11,AOS,DAU,324351.5,26-01-DAU.png,1,0.6848,False
2025-10-12,AOS,DAU,294411.5,26-01-DAU.png,1,0.6848,False
2025-10-14,AOS,DAU,277778.1,26-01-DAU.png,1,0.6848,False
2025-10-15,AOS,DAU,276114.7,26-01-DAU.png,1,0.6848,False
2025-10-17,AOS,DAU,269461.4,26-01-DAU.png,1,0.6848,False
2025-10-18,AOS,DAU,276114.7,26-01-DAU.png,1,0.6848,False
2025-10-19,AOS,DAU,277778.1,26-01-DAU.png,1,0.6848,False
2025-10-21,AOS,DAU,264471.4,26-01-DAU.png,1,0.6848,False
2025-10-22,AOS,DAU,267798.0,26-01-DAU.png,1,0.6848,False
2025-10-24,AOS,DAU,272788.1,26-01-DAU.png,1,0.6848,False
2025-10-25,AOS,DAU,261144.7,26-01-DAU.png,1,0.6848,False
2025-10-27,AOS,DAU,246174.7,26-01-DAU.png,1,0.6848,False
2025-10-28,AOS,DAU,251164.7,26-01-DAU.png,1,0.6848,False
2025-10-30,AOS,DAU,257818.0,26-01-DAU.png,1,0.6848,False
2025-10-31,AOS,DAU,251164.7,26-01-DAU.png,1,0.6848,False
2025-11-02,AOS,DAU,242848.0,26-01-DAU.png,1,0.6848,False
2025-11-03,AOS,DAU,299401.5,26-01-DAU.png,1,0.6848,False
2025-11-05,AOS,DAU,296074.8,26-01-DAU.png,1,0.6848,False
2025-11-07,AOS,DAU,264471.4,26-01-DAU.png,1,0.6848,False
2025-11-09,AOS,DAU,266134.7,26-01-DAU.png,1,0.6848,False
2025-11-10,AOS,DAU,284431.4,26-01-DAU.png,1,0.6848,False
2025-11-12,AOS,DAU,276114.7,26-01-DAU.png,1,0.6848,False
2025-11-13,AOS,DAU,266134.7,26-01-DAU.png,1,0.6848,False
2025-11-15,AOS,DAU,286094.8,26-01-DAU.png,1,0.6848,False
2025-11-16,AOS,DAU,282768.1,26-01-DAU.png,1,0.6848,False
2025-11-18,AOS,DAU,256154.7,26-01-DAU.png,1,0.6848,False
2025-11-19,AOS,DAU,256154.7,26-01-DAU.png,1,0.6848,False
2025-11-21,AOS,DAU,262808.0,26-01-DAU.png,1,0.6848,False
2025-11-22,AOS,DAU,262808.0,26-01-DAU.png,1,0.6848,False
2025-11-24,AOS,DAU,246174.7,26-01-DAU.png,1,0.6848,False
2025-11-25,AOS,DAU,247838.0,26-01-DAU.png,1,0.6848,False
2025-11-26,AOS,DAU,256154.7,26-01-DAU.png,1,0.6848,False
2025-11-28,AOS,DAU,251164.7,26-01-DAU.png,1,0.6848,False
2025-11-29,AOS,DAU,232868.0,26-01-DAU.png,1,0.6848,False
2025-12-01,AOS,DAU,232868.0,26-01-DAU.png,1,0.6848,False
2025-12-02,AOS,DAU,237858.0,26-01-DAU.png,1,0.6848,False
2025-12-04,AOS,DAU,239521.3,26-01-DAU.png,1,0.6848,False
2025-12-05,AOS,DAU,224551.3,26-01-DAU.png,1,0.6848,False
2025-12-07,AOS,DAU,222887.9,26-01-DAU.png,1,0.6848,False
2025-12-08,AOS,DAU,231204.6,26-01-DAU.png,1,0.6848,False
2025-12-10,AOS,DAU,232868.0,26-01-DAU.png,1,0.6848,False
2025-12-11,AOS,DAU,217897.9,26-01-DAU.png,1,0.6848,False
2025-12-13,AOS,DAU,216234.6,26-01-DAU.png,1,0.6848,False
2025-12-14,AOS,DAU,224551.3,26-01-DAU.png,1,0.6848,False
2025-12-15,AOS,DAU,229541.3,26-01-DAU.png,1,0.6848,False
2025-12-17,AOS,DAU,221224.6,26-01-DAU.png,1,0.6848,False
2025-12-18,AOS,DAU,286094.8,26-01-DAU.png,1,0.6848,False
2025-12-20,AOS,DAU,286094.8,26-01-DAU.png,1,0.6848,False
2025-12-21,AOS,DAU,249501.3,26-01-DAU.png,1,0.6848,False
2025-12-23,AOS,DAU,244511.3,26-01-DAU.png,1,0.6848,False
2025-12-24,AOS,DAU,242848.0,26-01-DAU.png,1,0.6848,False
2025-12-26,AOS,DAU,282768.1,26-01-DAU.png,1,0.6848,False
2025-12-27,AOS,DAU,276114.7,26-01-DAU.png,1,0.6848,False
2025-12-29,AOS,DAU,261144.7,26-01-DAU.png,1,0.6848,False
2025-12-30,AOS,DAU,259481.4,26-01-DAU.png,1,0.6848,False
2026-01-01,AOS,DAU,292748.1,26-01-DAU.png,1,0.6848,False
2026-01-02,AOS,DAU,292748.1,26-01-DAU.png,1,0.6848,True
2026-01-03,AOS,DAU,264471.4,26-01-DAU.png,1,0.6848,True
2026-01-05,AOS,DAU,262808.0,26-01-DAU.png,1,0.6848,True
2026-01-06,AOS,DAU,259481.4,26-01-DAU.png,1,0.6848,True
2026-01-08,AOS,DAU,256154.7,26-01-DAU.png,1,0.6848,True
2026-01-09,AOS,DAU,237858.0,26-01-DAU.png,1,0.6848,True
2026-01-11,AOS,DAU,251164.7,26-01-DAU.png,1,0.6848,True
2026-01-12,AOS,DAU,254491.3,26-01-DAU.png,1,0.6848,True
2026-01-14,AOS,DAU,251164.7,26-01-DAU.png,1,0.6848,True
2026-01-15,AOS,DAU,249501.3,26-01-DAU.png,1,0.6848,True
2026-01-17,AOS,DAU,274451.4,26-01-DAU.png,1,0.6848,True
2026-01-18,AOS,DAU,274451.4,26-01-DAU.png,1,0.6848,True
2026-01-19,AOS,DAU,257818.0,26-01-DAU.png,1,0.6848,True
2026-01-21,AOS,DAU,259481.4,26-01-DAU.png,1,0.6848,True
2026-01-22,AOS,DAU,286094.8,26-01-DAU.png,1,0.6848,True
2026-01-24,AOS,DAU,272788.1,26-01-DAU.png,1,0.6848,True
2026-01-25,AOS,DAU,271124.7,26-01-DAU.png,1,0.6848,True
2023-08-11,AOS,DAU,60069.4,26-01-DAU.png,2,0.3761,False
2023-08-14,AOS,DAU,61254.9,26-01-DAU.png,2,0.3761,False
2023-08-16,AOS,DAU,57827.8,26-01-DAU.png,2,0.3761,False
2023-08-19,AOS,DAU,54389.9,26-01-DAU.png,2,0.3761,False
2023-08-22,AOS,DAU,54931.8,26-01-DAU.png,2,0.3761,False
2023-08-24,AOS,DAU,59219.2,26-01-DAU.png,2,0.3761,False
2023-08-27,AOS,DAU,26614.1,26-01-DAU.png,2,0.3761,False
2023-09-04,AOS,DAU,66534.2,26-01-DAU.png,2,0.3761,False
2023-09-07,AOS,DAU,66534.2,26-01-DAU.png,2,0.3761,False
2023-09-09,AOS,DAU,56554.1,26-01-DAU.png,2,0.3761,False
2023-09-15,AOS,DAU,69860.9,26-01-DAU.png,2,0.3761,False
2023-09-17,AOS,DAU,64713.3,26-01-DAU.png,2,0.3761,False
2023-09-20,AOS,DAU,68655.2,26-01-DAU.png,2,0.3761,False
2023-09-23,AOS,DAU,71284.4,26-01-DAU.png,2,0.3761,False
2023-09-25,AOS,DAU,69027.4,26-01-DAU.png,2,0.3761,False
2023-09-28,AOS,DAU,72059.2,26-01-DAU.png,2,0.3761,False
2023-10-01,AOS,DAU,76514.2,26-01-DAU.png,2,0.3761,False
2023-10-03,AOS,DAU,76514.2,26-01-DAU.png,2,0.3761,False
2023-10-06,AOS,DAU,78545.0,26-01-DAU.png,2,0.3761,False
2023-10-09,AOS,DAU,79840.9,26-01-DAU.png,2,0.3761,False
2023-10-19,AOS,DAU,73187.5,26-01-DAU.png,2,0.3761,False
2023-10-22,AOS,DAU,73187.5,26-01-DAU.png,2,0.3761,False
2023-10-25,AOS,DAU,83167.6,26-01-DAU.png,2,0.3761,False
2023-10-27,AOS,DAU,73187.5,26-01-DAU.png,2,0.3761,False
2023-10-30,AOS,DAU,83167.6,26-01-DAU.png,2,0.3761,False
2023-11-07,AOS,DAU,73187.5,26-01-DAU.png,2,0.3761,False
2023-11-10,AOS,DAU,73187.5,26-01-DAU.png,2,0.3761,False
2023-11-12,AOS,DAU,69025.2,26-01-DAU.png,2,0.3761,False
2023-11-15,AOS,DAU,68178.1,26-01-DAU.png,2,0.3761,False
2023-11-18,AOS,DAU,71247.9,26-01-DAU.png,2,0.3761,False
2023-11-20,AOS,DAU,71389.5,26-01-DAU.png,2,0.3761,False
2023-11-23,AOS,DAU,72485.2,26-01-DAU.png,2,0.3761,False
2023-11-25,AOS,DAU,70560.1,26-01-DAU.png,2,0.3761,False
2023-11-28,AOS,DAU,69947.0,26-01-DAU.png,2,0.3761,False
2023-12-01,AOS,DAU,71826.0,26-01-DAU.png,2,0.3761,False
2023-12-03,AOS,DAU,69952.6,26-01-DAU.png,2,0.3761,False
2023-12-06,AOS,DAU,72161.1,26-01-DAU.png,2,0.3761,False
2023-12-09,AOS,DAU,72765.9,26-01-DAU.png,2,0.3761,False
2023-12-11,AOS,DAU,78575.1,26-01-DAU.png,2,0.3761,False
2023-12-14,AOS,DAU,76514.2,26-01-DAU.png,2,0.3761,False
2023-12-17,AOS,DAU,73503.8,26-01-DAU.png,2,0.3761,False
2023-12-19,AOS,DAU,72486.0,26-01-DAU.png,2,0.3761,False
2023-12-22,AOS,DAU,71965.1,26-01-DAU.png,2,0.3761,False
2023-12-25,AOS,DAU,70358.4,26-01-DAU.png,2,0.3761,False
2023-12-27,AOS,DAU,66534.2,26-01-DAU.png,2,0.3761,False
2023-12-30,AOS,DAU,66534.2,26-01-DAU.png,2,0.3761,False
2024-01-02,AOS,DAU,65617.8,26-01-DAU.png,2,0.3761,False
2024-01-04,AOS,DAU,65588.2,26-01-DAU.png,2,0.3761,False
2024-01-07,AOS,DAU,73958.4,26-01-DAU.png,2,0.3761,False
2024-01-10,AOS,DAU,77991.0,26-01-DAU.png,2,0.3761,False
2024-01-12,AOS,DAU,75772.0,26-01-DAU.png,2,0.3761,False
2024-01-15,AOS,DAU,73902.8,26-01-DAU.png,2,0.3761,False
2024-01-18,AOS,DAU,75944.5,26-01-DAU.png,2,0.3761,False
2024-01-20,AOS,DAU,76514.2,26-01-DAU.png,2,0.3761,False
2024-01-23,AOS,DAU,76122.7,26-01-DAU.png,2,0.3761,False
2024-01-26,AOS,DAU,79840.9,26-01-DAU.png,2,0.3761,False
2024-01-28,AOS,DAU,79840.9,26-01-DAU.png,2,0.3761,False
2024-02-03,AOS,DAU,83167.6,26-01-DAU.png,2,0.3761,False
2024-02-11,AOS,DAU,76514.2,26-01-DAU.png,2,0.3761,False
2024-02-13,AOS,DAU,76514.2,26-01-DAU.png,2,0.3761,False
2024-02-16,AOS,DAU,76514.2,26-01-DAU.png,2,0.3761,False
2024-02-19,AOS,DAU,80969.1,26-01-DAU.png,2,0.3761,False
2024-02-21,AOS,DAU,83167.6,26-01-DAU.png,2,0.3761,False
2024-02-24,AOS,DAU,73187.5,26-01-DAU.png,2,0.3761,False
2024-02-27,AOS,DAU,74649.4,26-01-DAU.png,2,0.3761,False
2024-02-29,AOS,DAU,73187.5,26-01-DAU.png,2,0.3761,False
2024-03-03,AOS,DAU,80184.1,26-01-DAU.png,2,0.3761,False
2024-03-06,AOS,DAU,73187.5,26-01-DAU.png,2,0.3761,False
2024-03-08,AOS,DAU,73187.5,26-01-DAU.png,2,0.3761,False
2024-03-11,AOS,DAU,83167.6,26-01-DAU.png,2,0.3761,False
2024-03-13,AOS,DAU,83167.6,26-01-DAU.png,2,0.3761,False
2024-03-16,AOS,DAU,84824.6,26-01-DAU.png,2,0.3761,False
2024-03-19,AOS,DAU,85514.5,26-01-DAU.png,2,0.3761,False
2024-03-21,AOS,DAU,83167.6,26-01-DAU.png,2,0.3761,False
2024-03-24,AOS,DAU,83167.6,26-01-DAU.png,2,0.3761,False
2024-03-27,AOS,DAU,85058.5,26-01-DAU.png,2,0.3761,False
2024-03-29,AOS,DAU,86095.3,26-01-DAU.png,2,0.3761,False
2024-04-01,AOS,DAU,86950.1,26-01-DAU.png,2,0.3761,False
2024-04-04,AOS,DAU,86384.7,26-01-DAU.png,2,0.3761,False
2024-04-06,AOS,DAU,83877.9,26-01-DAU.png,2,0.3761,False
2024-04-09,AOS,DAU,84255.3,26-01-DAU.png,2,0.3761,False
2024-04-12,AOS,DAU,85400.7,26-01-DAU.png,2,0.3761,False
2024-04-14,AOS,DAU,84939.6,26-01-DAU.png,2,0.3761,False
2024-04-17,AOS,DAU,84811.0,26-01-DAU.png,2,0.3761,False
2024-04-20,AOS,DAU,86494.2,26-01-DAU.png,2,0.3761,False
2024-04-22,AOS,DAU,86494.2,26-01-DAU.png,2,0.3761,False
2024-04-25,AOS,DAU,86494.2,26-01-DAU.png,2,0.3761,False
2024-04-28,AOS,DAU,86494.2,26-01-DAU.png,2,0.3761,False
2024-04-30,AOS,DAU,85334.9,26-01-DAU.png,2,0.3761,False
2024-05-03,AOS,DAU,89600.0,26-01-DAU.png,2,0.3761,False
2024-05-06,AOS,DAU,87679.1,26-01-DAU.png,2,0.3761,False
2024-05-08,AOS,DAU,92144.0,26-01-DAU.png,2,0.3761,False
2024-05-11,AOS,DAU,92643.4,26-01-DAU.png,2,0.3761,False
2024-05-14,AOS,DAU,95262.5,26-01-DAU.png,2,0.3761,False
2024-05-16,AOS,DAU,92198.7,26-01-DAU.png,2,0.3761,False
2024-05-24,AOS,DAU,93147.6,26-01-DAU.png,2,0.3761,False
2024-05-27,AOS,DAU,93147.6,26-01-DAU.png,2,0.3761,False
2024-05-30,AOS,DAU,93344.2,26-01-DAU.png,2,0.3761,False
2024-06-01,AOS,DAU,94369.0,26-01-DAU.png,2,0.3761,False
2024-06-04,AOS,DAU,101370.9,26-01-DAU.png,2,0.3761,False
2024-06-07,AOS,DAU,106289.8,26-01-DAU.png,2,0.3761,False
2024-06-09,AOS,DAU,103246.4,26-01-DAU.png,2,0.3761,False
2024-06-12,AOS,DAU,101754.8,26-01-DAU.png,2,0.3761,False
2024-06-15,AOS,DAU,103391.1,26-01-DAU.png,2,0.3761,False
2024-06-17,AOS,DAU,109283.4,26-01-DAU.png,2,0.3761,False
2024-06-20,AOS,DAU,109781.0,26-01-DAU.png,2,0.3761,False
2024-06-23,AOS,DAU,104921.2,26-01-DAU.png,2,0.3761,False
2024-06-25,AOS,DAU,109781.0,26-01-DAU.png,2,0.3761,False
2024-06-28,AOS,DAU,99140.6,26-01-DAU.png,2,0.3761,False
2024-07-01,AOS,DAU,98160.7,26-01-DAU.png,2,0.3761,False
2024-07-02,AOS,DAU,98008.2,26-01-DAU.png,2,0.6848,False
2024-07-03,AOS,DAU,98970.4,26-01-DAU.png,2,0.6848,False
2024-07-05,AOS,DAU,96095.7,26-01-DAU.png,2,0.6848,False
2024-07-06,AOS,DAU,95014.2,26-01-DAU.png,2,0.6848,False
2024-07-11,AOS,DAU,86494.2,26-01-DAU.png,2,0.6848,False
2024-07-12,AOS,DAU,85676.7,26-01-DAU.png,2,0.6848,False
2024-07-14,AOS,DAU,92460.0,26-01-DAU.png,2,0.6848,False
2024-07-15,AOS,DAU,98991.7,26-01-DAU.png,2,0.6848,False
2024-07-17,AOS,DAU,96529.4,26-01-DAU.png,2,0.6848,False
2024-07-18,AOS,DAU,97410.1,26-01-DAU.png,2,0.6848,False
2024-07-19,AOS,DAU,97492.9,26-01-DAU.png,2,0.6848,False
2024-07-21,AOS,DAU,91955.9,26-01-DAU.png,2,0.6848,False
2024-07-22,AOS,DAU,90797.3,26-01-DAU.png,2,0.6848,False
2024-07-24,AOS,DAU,94455.5,26-01-DAU.png,2,0.6848,False
2024-07-25,AOS,DAU,95983.3,26-01-DAU.png,2,0.6848,False
2024-07-27,AOS,DAU,99048.1,26-01-DAU.png,2,0.6848,False
2024-07-28,AOS,DAU,97668.0,26-01-DAU.png,2,0.6848,False
2024-07-30,AOS,DAU,97497.0,26-01-DAU.png,2,0.6848,False
2024-07-31,AOS,DAU,99900.1,26-01-DAU.png,2,0.6848,False
2024-08-02,AOS,DAU,97515.1,26-01-DAU.png,2,0.6848,False
2024-08-03,AOS,DAU,96474.3,26-01-DAU.png,2,0.6848,False
2024-08-07,AOS,DAU,90815.1,26-01-DAU.png,2,0.6848,False
2024-08-09,AOS,DAU,96726.7,26-01-DAU.png,2,0.6848,False
2024-08-10,AOS,DAU,122582.2,26-01-DAU.png,2,0.6848,False
2024-08-12,AOS,DAU,113049.0,26-01-DAU.png,2,0.6848,False
2024-08-13,AOS,DAU,107185.0,26-01-DAU.png,2,0.6848,False
2024-08-15,AOS,DAU,103965.6,26-01-DAU.png,2,0.6848,False
2024-08-16,AOS,DAU,103127.6,26-01-DAU.png,2,0.6848,False
2024-08-18,AOS,DAU,100161.3,26-01-DAU.png,2,0.6848,False
2024-08-19,AOS,DAU,100697.2,26-01-DAU.png,2,0.6848,False
2024-08-21,AOS,DAU,99661.8,26-01-DAU.png,2,0.6848,False
2024-08-22,AOS,DAU,99908.6,26-01-DAU.png,2,0.6848,False
2024-08-24,AOS,DAU,101245.4,26-01-DAU.png,2,0.6848,False
2024-08-25,AOS,DAU,98273.6,26-01-DAU.png,2,0.6848,False
2024-08-26,AOS,DAU,98287.9,26-01-DAU.png,2,0.6848,False
2024-08-28,AOS,DAU,97260.2,26-01-DAU.png,2,0.6848,False
2024-08-29,AOS,DAU,99800.9,26-01-DAU.png,2,0.6848,False
2024-08-31,AOS,DAU,94962.5,26-01-DAU.png,2,0.6848,False
2024-09-01,AOS,DAU,93764.9,26-01-DAU.png,2,0.6848,False
2024-09-03,AOS,DAU,93738.9,26-01-DAU.png,2,0.6848,False
2024-09-04,AOS,DAU,94797.2,26-01-DAU.png,2,0.6848,False
2024-09-06,AOS,DAU,91599.4,26-01-DAU.png,2,0.6848,False
2024-09-07,AOS,DAU,93185.5,26-01-DAU.png,2,0.6848,False
2024-09-09,AOS,DAU,94937.3,26-01-DAU.png,2,0.6848,False
2024-09-10,AOS,DAU,95713.0,26-01-DAU.png,2,0.6848,False
2024-09-12,AOS,DAU,95526.6,26-01-DAU.png,2,0.6848,False
2024-09-13,AOS,DAU,95809.6,26-01-DAU.png,2,0.6848,False
2024-09-14,AOS,DAU,94763.2,26-01-DAU.png,2,0.6848,False
2024-09-17,AOS,DAU,97361.5,26-01-DAU.png,2,0.6848,False
2024-09-19,AOS,DAU,93147.6,26-01-DAU.png,2,0.6848,False
2024-09-20,AOS,DAU,96320.9,26-01-DAU.png,2,0.6848,False
2024-09-22,AOS,DAU,94348.0,26-01-DAU.png,2,0.6848,False
2024-09-23,AOS,DAU,92450.8,26-01-DAU.png,2,0.6848,False
2024-09-25,AOS,DAU,92413.7,26-01-DAU.png,2,0.6848,False
2024-09-26,AOS,DAU,94834.1,26-01-DAU.png,2,0.6848,False
2024-09-28,AOS,DAU,94017.9,26-01-DAU.png,2,0.6848,False
2024-09-29,AOS,DAU,92856.6,26-01-DAU.png,2,0.6848,False
2024-10-01,AOS,DAU,93251.7,26-01-DAU.png,2,0.6848,False
2024-10-02,AOS,DAU,95657.7,26-01-DAU.png,2,0.6848,False
2024-10-03,AOS,DAU,94871.7,26-01-DAU.png,2,0.6848,False
2024-10-05,AOS,DAU,95037.2,26-01-DAU.png,2,0.6848,False
2024-10-06,AOS,DAU,99409.7,26-01-DAU.png,2,0.6848,False
2024-10-08,AOS,DAU,100007.5,26-01-DAU.png,2,0.6848,False
2024-10-09,AOS,DAU,92995.1,26-01-DAU.png,2,0.6848,False
2024-10-11,AOS,DAU,94002.3,26-01-DAU.png,2,0.6848,False
2024-10-12,AOS,DAU,98116.1,26-01-DAU.png,2,0.6848,False
2024-10-14,AOS,DAU,95685.7,26-01-DAU.png,2,0.6848,False
2024-10-15,AOS,DAU,93203.0,26-01-DAU.png,2,0.6848,False
2024-10-17,AOS,DAU,93354.5,26-01-DAU.png,2,0.6848,False
2024-10-18,AOS,DAU,97864.3,26-01-DAU.png,2,0.6848,False
2024-10-19,AOS,DAU,98957.5,26-01-DAU.png,2,0.6848,False
2024-10-21,AOS,DAU,99528.4,26-01-DAU.png,2,0.6848,False
2024-10-22,AOS,DAU,99558.7,26-01-DAU.png,2,0.6848,False
2024-10-24,AOS,DAU,99173.2,26-01-DAU.png,2,0.6848,False
2024-10-25,AOS,DAU,99449.4,26-01-DAU.png,2,0.6848,False
2024-10-27,AOS,DAU,97830.0,26-01-DAU.png,2,0.6848,False
2024-10-28,AOS,DAU,97205.6,26-01-DAU.png,2,0.6848,False
2024-10-30,AOS,DAU,97746.5,26-01-DAU.png,2,0.6848,False
2024-10-31,AOS,DAU,119761.0,26-01-DAU.png,2,0.6848,False
2024-11-03,AOS,DAU,99800.9,26-01-DAU.png,2,0.6848,False
2024-11-05,AOS,DAU,101997.6,26-01-DAU.png,2,0.6848,False
2024-11-06,AOS,DAU,105689.1,26-01-DAU.png,2,0.6848,False
2024-11-07,AOS,DAU,103127.6,26-01-DAU.png,2,0.6848,False
2024-11-09,AOS,DAU,103127.6,26-01-DAU.png,2,0.6848,False
2024-11-10,AOS,DAU,121037.0,26-01-DAU.png,2,0.6848,False
2024-11-12,AOS,DAU,121106.5,26-01-DAU.png,2,0.6848,False
2024-11-13,AOS,DAU,126123.9,26-01-DAU.png,2,0.6848,False
2024-11-15,AOS,DAU,116366.3,26-01-DAU.png,2,0.6848,False
2024-11-16,AOS,DAU,122260.8,26-01-DAU.png,2,0.6848,False
2024-11-18,AOS,DAU,114236.4,26-01-DAU.png,2,0.6848,False
2024-11-19,AOS,DAU,111107.1,26-01-DAU.png,2,0.6848,False
2024-11-21,AOS,DAU,118684.4,26-01-DAU.png,2,0.6848,False
2024-11-22,AOS,DAU,142368.0,26-01-DAU.png,2,0.6848,False
2024-11-24,AOS,DAU,143047.7,26-01-DAU.png,2,0.6848,False
2024-11-25,AOS,DAU,113107.6,26-01-DAU.png,2,0.6848,False
2024-11-26,AOS,DAU,112275.7,26-01-DAU.png,2,0.6848,False
2024-11-28,AOS,DAU,117878.8,26-01-DAU.png,2,0.6848,False
2024-11-29,AOS,DAU,118712.0,26-01-DAU.png,2,0.6848,False
2024-12-01,AOS,DAU,116434.3,26-01-DAU.png,2,0.6848,False
2024-12-02,AOS,DAU,128517.8,26-01-DAU.png,2,0.6848,False
2024-12-04,AOS,DAU,119053.1,26-01-DAU.png,2,0.6848,False
2024-12-05,AOS,DAU,114655.2,26-01-DAU.png,2,0.6848,False
2024-12-07,AOS,DAU,114141.7,26-01-DAU.png,2,0.6848,False
2024-12-08,AOS,DAU,113107.6,26-01-DAU.png,2,0.6848,False
2024-12-10,AOS,DAU,112977.2,26-01-DAU.png,2,0.6848,False
2024-12-11,AOS,DAU,110151.7,26-01-DAU.png,2,0.6848,False
2024-12-13,AOS,DAU,107878.1,26-01-DAU.png,2,0.6848,False
2024-12-14,AOS,DAU,107479.8,26-01-DAU.png,2,0.6848,False
2024-12-15,AOS,DAU,138322.0,26-01-DAU.png,2,0.6848,False
2024-12-20,AOS,DAU,143047.7,26-01-DAU.png,2,0.6848,False
2024-12-21,AOS,DAU,143047.7,26-01-DAU.png,2,0.6848,False
2024-12-26,AOS,DAU,143047.7,26-01-DAU.png,2,0.6848,False
2024-12-27,AOS,DAU,143047.7,26-01-DAU.png,2,0.6848,False
2024-12-29,AOS,DAU,136465.9,26-01-DAU.png,2,0.6848,False
2024-12-30,AOS,DAU,138382.3,26-01-DAU.png,2,0.6848,False
2025-01-01,AOS,DAU,136446.8,26-01-DAU.png,2,0.6848,False
2025-01-02,AOS,DAU,138142.1,26-01-DAU.png,2,0.6961,False
2025-01-03,AOS,DAU,140841.1,26-01-DAU.png,2,0.6961,False
2025-01-05,AOS,DAU,139073.0,26-01-DAU.png,2,0.6961,False
2025-01-06,AOS,DAU,141157.7,26-01-DAU.png,2,0.6961,False
2025-01-08,AOS,DAU,144219.2,26-01-DAU.png,2,0.6961,False
2025-01-09,AOS,DAU,143724.6,26-01-DAU.png,2,0.6961,False
2025-01-11,AOS,DAU,139731.3,26-01-DAU.png,2,0.6961,False
2025-01-12,AOS,DAU,138949.0,26-01-DAU.png,2,0.6961,False
2025-01-13,AOS,DAU,139612.8,26-01-DAU.png,2,0.6961,False
2025-01-15,AOS,DAU,139852.5,26-01-DAU.png,2,0.6961,False
2025-01-16,AOS,DAU,144397.7,26-01-DAU.png,2,0.6961,False
2025-01-18,AOS,DAU,145737.7,26-01-DAU.png,2,0.6961,False
2025-01-19,AOS,DAU,143856.9,26-01-DAU.png,2,0.6961,False
2025-01-21,AOS,DAU,144628.4,26-01-DAU.png,2,0.6961,False
2025-01-22,AOS,DAU,141077.5,26-01-DAU.png,2,0.6961,False
2025-01-23,AOS,DAU,158694.3,26-01-DAU.png,2,0.6961,False
2025-01-25,AOS,DAU,155463.7,26-01-DAU.png,2,0.6961,False
2025-01-26,AOS,DAU,158751.0,26-01-DAU.png,2,0.6961,False
2025-01-28,AOS,DAU,155811.3,26-01-DAU.png,2,0.6961,False
2025-01-29,AOS,DAU,154680.8,26-01-DAU.png,2,0.6961,False
2025-02-03,AOS,DAU,156241.1,26-01-DAU.png,2,0.6961,False
2025-02-04,AOS,DAU,153658.3,26-01-DAU.png,2,0.6961,False
2025-02-05,AOS,DAU,154890.0,26-01-DAU.png,2,0.6961,False
2025-02-07,AOS,DAU,163007.8,26-01-DAU.png,2,0.6961,False
2025-02-08,AOS,DAU,170680.7,26-01-DAU.png,2,0.6961,False
2025-02-10,AOS,DAU,174036.0,26-01-DAU.png,2,0.6961,False
2025-02-11,AOS,DAU,178107.9,26-01-DAU.png,2,0.6961,False
2025-02-13,AOS,DAU,155159.9,26-01-DAU.png,2,0.6961,False
2025-02-14,AOS,DAU,156851.3,26-01-DAU.png,2,0.6961,False
2025-02-15,AOS,DAU,159980.5,26-01-DAU.png,2,0.6961,False
2025-02-17,AOS,DAU,156080.3,26-01-DAU.png,2,0.6961,False
2025-02-18,AOS,DAU,163007.8,26-01-DAU.png,2,0.6961,False
2025-02-20,AOS,DAU,146374.4,26-01-DAU.png,2,0.6961,False
2025-02-21,AOS,DAU,163007.8,26-01-DAU.png,2,0.6961,False
2025-02-23,AOS,DAU,144949.7,26-01-DAU.png,2,0.6961,False
2025-02-24,AOS,DAU,169094.3,26-01-DAU.png,2,0.6961,False
2025-02-26,AOS,DAU,172128.8,26-01-DAU.png,2,0.6961,False
2025-02-27,AOS,DAU,165077.0,26-01-DAU.png,2,0.6961,False
2025-03-03,AOS,DAU,162960.2,26-01-DAU.png,2,0.6961,False
2025-03-05,AOS,DAU,174356.3,26-01-DAU.png,2,0.6961,False
2025-03-06,AOS,DAU,176126.0,26-01-DAU.png,2,0.6961,False
2025-03-08,AOS,DAU,171043.2,26-01-DAU.png,2,0.6961,False
2025-03-09,AOS,DAU,166334.4,26-01-DAU.png,2,0.6961,False
2025-03-10,AOS,DAU,166334.4,26-01-DAU.png,2,0.6961,False
2025-03-12,AOS,DAU,167454.1,26-01-DAU.png,2,0.6961,False
2025-03-13,AOS,DAU,187223.9,26-01-DAU.png,2,0.6961,False
2025-03-15,AOS,DAU,186232.4,26-01-DAU.png,2,0.6961,False
2025-03-16,AOS,DAU,186911.2,26-01-DAU.png,2,0.6961,False
2025-03-18,AOS,DAU,179233.3,26-01-DAU.png,2,0.6961,False
2025-03-19,AOS,DAU,182967.8,26-01-DAU.png,2,0.6961,False
2025-03-21,AOS,DAU,186093.7,26-01-DAU.png,2,0.6961,False
2025-03-22,AOS,DAU,185457.3,26-01-DAU.png,2,0.6961,False
2025-03-23,AOS,DAU,176854.8,26-01-DAU.png,2,0.6961,False
2025-03-25,AOS,DAU,177508.0,26-01-DAU.png,2,0.6961,False
2025-03-26,AOS,DAU,184771.5,26-01-DAU.png,2,0.6961,False
2025-03-28,AOS,DAU,191493.3,26-01-DAU.png,2,0.6961,False
2025-03-29,AOS,DAU,191869.3,26-01-DAU.png,2,0.6961,False
2025-03-31,AOS,DAU,183740.8,26-01-DAU.png,2,0.6961,False
2025-04-01,AOS,DAU,173735.6,26-01-DAU.png,2,0.6961,False
2025-04-02,AOS,DAU,175002.1,26-01-DAU.png,2,0.6961,False
2025-04-04,AOS,DAU,163589.5,26-01-DAU.png,2,0.6961,False
2025-04-05,AOS,DAU,161080.1,26-01-DAU.png,2,0.6961,False
2025-04-07,AOS,DAU,177956.5,26-01-DAU.png,2,0.6961,False
2025-04-08,AOS,DAU,181817.6,26-01-DAU.png,2,0.6961,False
2025-04-10,AOS,DAU,176408.3,26-01-DAU.png,2,0.6961,False
2025-04-11,AOS,DAU,183041.3,26-01-DAU.png,2,0.6961,False
2025-04-12,AOS,DAU,203161.0,26-01-DAU.png,2,0.6961,False
2025-04-14,AOS,DAU,206410.3,26-01-DAU.png,2,0.6961,False
2025-04-15,AOS,DAU,215390.7,26-01-DAU.png,2,0.6961,False
2025-04-17,AOS,DAU,218160.7,26-01-DAU.png,2,0.6961,False
2025-04-18,AOS,DAU,225991.9,26-01-DAU.png,2,0.6961,False
2025-04-20,AOS,DAU,230476.9,26-01-DAU.png,2,0.6961,False
2025-04-21,AOS,DAU,227325.8,26-01-DAU.png,2,0.6961,False
2025-04-23,AOS,DAU,218668.0,26-01-DAU.png,2,0.6961,False
2025-04-24,AOS,DAU,218610.9,26-01-DAU.png,2,0.6961,False
2025-04-25,AOS,DAU,217827.8,26-01-DAU.png,2,0.6961,False
2025-04-27,AOS,DAU,214496.8,26-01-DAU.png,2,0.6961,False
2025-04-28,AOS,DAU,204805.5,26-01-DAU.png,2,0.6961,False
2025-04-30,AOS,DAU,205090.9,26-01-DAU.png,2,0.6961,False
2025-05-01,AOS,DAU,226867.8,26-01-DAU.png,2,0.6961,False
2025-05-03,AOS,DAU,206254.5,26-01-DAU.png,2,0.6961,False
2025-05-04,AOS,DAU,199889.5,26-01-DAU.png,2,0.6961,False
2025-05-05,AOS,DAU,189621.2,26-01-DAU.png,2,0.6961,False
2025-05-07,AOS,DAU,206254.5,26-01-DAU.png,2,0.6961,False
2025-05-08,AOS,DAU,188507.6,26-01-DAU.png,2,0.6961,False
2025-05-10,AOS,DAU,188054.6,26-01-DAU.png,2,0.6961,False
2025-05-11,AOS,DAU,186495.4,26-01-DAU.png,2,0.6961,False
2025-05-13,AOS,DAU,194909.8,26-01-DAU.png,2,0.6961,False
2025-05-14,AOS,DAU,183240.4,26-01-DAU.png,2,0.6961,False
2025-05-16,AOS,DAU,180458.8,26-01-DAU.png,2,0.6961,False
2025-05-17,AOS,DAU,179158.9,26-01-DAU.png,2,0.6961,False
2025-05-18,AOS,DAU,178786.0,26-01-DAU.png,2,0.6961,False
2025-05-20,AOS,DAU,183505.8,26-01-DAU.png,2,0.6961,False
2025-05-21,AOS,DAU,172987.8,26-01-DAU.png,2,0.6961,False
2025-05-23,AOS,DAU,177371.6,26-01-DAU.png,2,0.6961,False
2025-05-24,AOS,DAU,171903.0,26-01-DAU.png,2,0.6961,False
2025-05-26,AOS,DAU,173226.5,26-01-DAU.png,2,0.6961,False
2025-05-27,AOS,DAU,168054.3,26-01-DAU.png,2,0.6961,False
2025-05-28,AOS,DAU,166648.0,26-01-DAU.png,2,0.6961,False
2025-05-30,AOS,DAU,158773.2,26-01-DAU.png,2,0.6961,False
2025-05-31,AOS,DAU,185567.2,26-01-DAU.png,2,0.6961,False
2025-06-02,AOS,DAU,188781.0,26-01-DAU.png,2,0.6961,False
2025-06-03,AOS,DAU,192040.2,26-01-DAU.png,2,0.6961,False
2025-06-05,AOS,DAU,195098.8,26-01-DAU.png,2,0.6961,False
2025-06-06,AOS,DAU,195477.0,26-01-DAU.png,2,0.6961,False
2025-06-08,AOS,DAU,185933.8,26-01-DAU.png,2,0.6961,False
2025-06-09,AOS,DAU,178696.1,26-01-DAU.png,2,0.6961,False
2025-06-10,AOS,DAU,204923.9,26-01-DAU.png,2,0.6961,False
2025-06-12,AOS,DAU,215978.6,26-01-DAU.png,2,0.6961,False
2025-06-13,AOS,DAU,214836.5,26-01-DAU.png,2,0.6961,False
2025-06-15,AOS,DAU,232826.0,26-01-DAU.png,2,0.6961,False
2025-06-16,AOS,DAU,232831.5,26-01-DAU.png,2,0.6961,False
2025-06-18,AOS,DAU,219195.7,26-01-DAU.png,2,0.6961,False
2025-06-19,AOS,DAU,202883.9,26-01-DAU.png,2,0.6961,False
2025-06-20,AOS,DAU,203559.3,26-01-DAU.png,2,0.6961,False
2025-06-22,AOS,DAU,204256.5,26-01-DAU.png,2,0.6961,False
2025-06-23,AOS,DAU,229798.5,26-01-DAU.png,2,0.6961,False
2025-06-25,AOS,DAU,221970.9,26-01-DAU.png,2,0.6961,False
2025-06-26,AOS,DAU,245999.9,26-01-DAU.png,2,0.6961,False
2025-06-28,AOS,DAU,236846.8,26-01-DAU.png,2,0.6961,False
2025-06-29,AOS,DAU,230351.5,26-01-DAU.png,2,0.6961,False
2025-07-01,AOS,DAU,240127.8,26-01-DAU.png,2,0.6961,False
2025-07-02,AOS,DAU,206254.5,26-01-DAU.png,2,0.6848,False
2025-07-03,AOS,DAU,209118.0,26-01-DAU.png,2,0.6848,False
2025-07-05,AOS,DAU,219214.7,26-01-DAU.png,2,0.6848,False
2025-07-06,AOS,DAU,236900.8,26-01-DAU.png,2,0.6848,False
2025-07-08,AOS,DAU,219760.8,26-01-DAU.png,2,0.6848,False
2025-07-09,AOS,DAU,238603.7,26-01-DAU.png,2,0.6848,False
2025-07-11,AOS,DAU,239377.1,26-01-DAU.png,2,0.6848,False
2025-07-12,AOS,DAU,230252.3,26-01-DAU.png,2,0.6848,False
2025-07-14,AOS,DAU,213052.7,26-01-DAU.png,2,0.6848,False
2025-07-15,AOS,DAU,212144.5,26-01-DAU.png,2,0.6848,False
2025-07-17,AOS,DAU,206922.9,26-01-DAU.png,2,0.6848,False
2025-07-18,AOS,DAU,206254.5,26-01-DAU.png,2,0.6848,False
2025-07-19,AOS,DAU,202037.2,26-01-DAU.png,2,0.6848,False
2025-07-21,AOS,DAU,200242.6,26-01-DAU.png,2,0.6848,False
2025-07-22,AOS,DAU,200730.7,26-01-DAU.png,2,0.6848,False
2025-07-24,AOS,DAU,226139.5,26-01-DAU.png,2,0.6848,False
2025-07-25,AOS,DAU,208888.5,26-01-DAU.png,2,0.6848,False
2025-07-27,AOS,DAU,214354.2,26-01-DAU.png,2,0.6848,False
2025-07-28,AOS,DAU,223894.3,26-01-DAU.png,2,0.6848,False
2025-07-30,AOS,DAU,229046.9,26-01-DAU.png,2,0.6848,False
2025-07-31,AOS,DAU,216380.4,26-01-DAU.png,2,0.6848,False
2025-08-02,AOS,DAU,226719.1,26-01-DAU.png,2,0.6848,False
2025-08-03,AOS,DAU,235990.1,26-01-DAU.png,2,0.6848,False
2025-08-05,AOS,DAU,279211.7,26-01-DAU.png,2,0.6848,False
2025-08-06,AOS,DAU,276563.9,26-01-DAU.png,2,0.6848,False
2025-08-07,AOS,DAU,250212.3,26-01-DAU.png,2,0.6848,False
2025-08-09,AOS,DAU,248317.3,26-01-DAU.png,2,0.6848,False
2025-08-10,AOS,DAU,241910.6,26-01-DAU.png,2,0.6848,False
2025-08-12,AOS,DAU,242706.2,26-01-DAU.png,2,0.6848,False
2025-08-13,AOS,DAU,243649.9,26-01-DAU.png,2,0.6848,False
2025-08-15,AOS,DAU,246288.7,26-01-DAU.png,2,0.6848,False
2025-08-16,AOS,DAU,242251.4,26-01-DAU.png,2,0.6848,False
2025-08-18,AOS,DAU,235191.6,26-01-DAU.png,2,0.6848,False
2025-08-19,AOS,DAU,234592.8,26-01-DAU.png,2,0.6848,False
2025-08-21,AOS,DAU,239183.0,26-01-DAU.png,2,0.6848,False
2025-08-22,AOS,DAU,243931.8,26-01-DAU.png,2,0.6848,False
2025-08-24,AOS,DAU,226214.6,26-01-DAU.png,2,0.6848,False
2025-08-25,AOS,DAU,248363.1,26-01-DAU.png,2,0.6848,False
2025-08-26,AOS,DAU,253785.7,26-01-DAU.png,2,0.6848,False
2025-08-28,AOS,DAU,262808.7,26-01-DAU.png,2,0.6848,False
2025-08-29,AOS,DAU,245726.1,26-01-DAU.png,2,0.6848,False
2025-08-31,AOS,DAU,248497.7,26-01-DAU.png,2,0.6848,False
2025-09-01,AOS,DAU,256964.4,26-01-DAU.png,2,0.6848,False
2025-09-03,AOS,DAU,251416.0,26-01-DAU.png,2,0.6848,False
2025-09-04,AOS,DAU,246772.2,26-01-DAU.png,2,0.6848,False
2025-09-06,AOS,DAU,257172.0,26-01-DAU.png,2,0.6848,False
2025-09-07,AOS,DAU,260730.3,26-01-DAU.png,2,0.6848,False
2025-09-09,AOS,DAU,264401.4,26-01-DAU.png,2,0.6848,False
2025-09-10,AOS,DAU,247834.8,26-01-DAU.png,2,0.6848,False
2025-09-12,AOS,DAU,244525.6,26-01-DAU.png,2,0.6848,False
2025-09-13,AOS,DAU,248630.5,26-01-DAU.png,2,0.6848,False
2025-09-14,AOS,DAU,251447.1,26-01-DAU.png,2,0.6848,False
2025-09-16,AOS,DAU,249578.5,26-01-DAU.png,2,0.6848,False
2025-09-17,AOS,DAU,254739.7,26-01-DAU.png,2,0.6848,False
2025-09-19,AOS,DAU,257087.4,26-01-DAU.png,2,0.6848,False
2025-09-20,AOS,DAU,256139.3,26-01-DAU.png,2,0.6848,False
2025-09-22,AOS,DAU,234453.4,26-01-DAU.png,2,0.6848,False
2025-09-23,AOS,DAU,236194.6,26-01-DAU.png,2,0.6848,False
2025-09-25,AOS,DAU,262820.6,26-01-DAU.png,2,0.6848,False
2025-09-26,AOS,DAU,262861.6,26-01-DAU.png,2,0.6848,False
2025-09-28,AOS,DAU,259106.1,26-01-DAU.png,2,0.6848,False
2025-09-29,AOS,DAU,282170.9,26-01-DAU.png,2,0.6848,False
2025-10-01,AOS,DAU,284291.6,26-01-DAU.png,2,0.6848,False
2025-10-03,AOS,DAU,296800.8,26-01-DAU.png,2,0.6848,False
2025-10-05,AOS,DAU,325069.5,26-01-DAU.png,2,0.6848,False
2025-10-09,AOS,DAU,327916.7,26-01-DAU.png,2,0.6848,False
2025-10-11,AOS,DAU,319577.1,26-01-DAU.png,2,0.6848,False
2025-10-12,AOS,DAU,280414.9,26-01-DAU.png,2,0.6848,False
2025-10-14,AOS,DAU,282965.0,26-01-DAU.png,2,0.6848,False
2025-10-15,AOS,DAU,286679.5,26-01-DAU.png,2,0.6848,False
2025-10-17,AOS,DAU,264755.9,26-01-DAU.png,2,0.6848,False
2025-10-18,AOS,DAU,266169.0,26-01-DAU.png,2,0.6848,False
2025-10-19,AOS,DAU,265024.1,26-01-DAU.png,2,0.6848,False
2025-10-21,AOS,DAU,261789.7,26-01-DAU.png,2,0.6848,False
2025-10-22,AOS,DAU,259291.9,26-01-DAU.png,2,0.6848,False
2025-10-24,AOS,DAU,265960.2,26-01-DAU.png,2,0.6848,False
2025-10-25,AOS,DAU,257173.5,26-01-DAU.png,2,0.6848,False
2025-10-27,AOS,DAU,246885.1,26-01-DAU.png,2,0.6848,False
2025-10-28,AOS,DAU,251760.5,26-01-DAU.png,2,0.6848,False
2025-10-30,AOS,DAU,256729.2,26-01-DAU.png,2,0.6848,False
2025-10-31,AOS,DAU,250206.2,26-01-DAU.png,2,0.6848,False
2025-11-02,AOS,DAU,252927.0,26-01-DAU.png,2,0.6848,False
2025-11-03,AOS,DAU,267959.6,26-01-DAU.png,2,0.6848,False
2025-11-05,AOS,DAU,279816.4,26-01-DAU.png,2,0.6848,False
2025-11-06,AOS,DAU,265985.0,26-01-DAU.png,2,0.6848,False
2025-11-07,AOS,DAU,269136.6,26-01-DAU.png,2,0.6848,False
2025-11-09,AOS,DAU,275836.8,26-01-DAU.png,2,0.6848,False
2025-11-10,AOS,DAU,274583.8,26-01-DAU.png,2,0.6848,False
2025-11-12,AOS,DAU,258797.1,26-01-DAU.png,2,0.6848,False
2025-11-13,AOS,DAU,283995.1,26-01-DAU.png,2,0.6848,False
2025-11-15,AOS,DAU,286332.6,26-01-DAU.png,2,0.6848,False
2025-11-16,AOS,DAU,282240.0,26-01-DAU.png,2,0.6848,False
2025-11-18,AOS,DAU,267740.2,26-01-DAU.png,2,0.6848,False
2025-11-19,AOS,DAU,259889.6,26-01-DAU.png,2,0.6848,False
2025-11-21,AOS,DAU,260991.7,26-01-DAU.png,2,0.6848,False
2025-11-22,AOS,DAU,258964.4,26-01-DAU.png,2,0.6848,False
2025-11-24,AOS,DAU,250669.1,26-01-DAU.png,2,0.6848,False
2025-11-25,AOS,DAU,253376.9,26-01-DAU.png,2,0.6848,False
2025-11-26,AOS,DAU,262636.1,26-01-DAU.png,2,0.6848,False
2025-11-28,AOS,DAU,266434.2,26-01-DAU.png,2,0.6848,False
2025-11-29,AOS,DAU,230543.6,26-01-DAU.png,2,0.6848,False
2025-12-01,AOS,DAU,229521.2,26-01-DAU.png,2,0.6848,False
2025-12-02,AOS,DAU,230345.2,26-01-DAU.png,2,0.6848,False
2025-12-04,AOS,DAU,228200.2,26-01-DAU.png,2,0.6848,False
2025-12-05,AOS,DAU,233894.4,26-01-DAU.png,2,0.6848,False
2025-12-07,AOS,DAU,223780.0,26-01-DAU.png,2,0.6848,False
2025-12-08,AOS,DAU,225584.8,26-01-DAU.png,2,0.6848,False
2025-12-10,AOS,DAU,218465.3,26-01-DAU.png,2,0.6848,False
2025-12-11,AOS,DAU,218985.0,26-01-DAU.png,2,0.6848,False
2025-12-13,AOS,DAU,217994.5,26-01-DAU.png,2,0.6848,False
2025-12-14,AOS,DAU,218616.1,26-01-DAU.png,2,0.6848,False
2025-12-15,AOS,DAU,220445.2,26-01-DAU.png,2,0.6848,False
2025-12-17,AOS,DAU,223947.0,26-01-DAU.png,2,0.6848,False
2025-12-18,AOS,DAU,232553.6,26-01-DAU.png,2,0.6848,False
2025-12-20,AOS,DAU,258072.0,26-01-DAU.png,2,0.6848,False
2025-12-21,AOS,DAU,265252.0,26-01-DAU.png,2,0.6848,False
2025-12-23,AOS,DAU,262945.3,26-01-DAU.png,2,0.6848,False
2025-12-24,AOS,DAU,260997.7,26-01-DAU.png,2,0.6848,False
2025-12-26,AOS,DAU,270114.8,26-01-DAU.png,2,0.6848,False
2025-12-27,AOS,DAU,274668.5,26-01-DAU.png,2,0.6848,False
2025-12-29,AOS,DAU,263415.0,26-01-DAU.png,2,0.6848,False
2025-12-30,AOS,DAU,261544.2,26-01-DAU.png,2,0.6848,False
2026-01-01,AOS,DAU,301277.6,26-01-DAU.png,2,0.6848,False
2026-01-02,AOS,DAU,269742.2,26-01-DAU.png,2,0.6848,True
2026-01-03,AOS,DAU,258035.4,26-01-DAU.png,2,0.6848,True
2026-01-05,AOS,DAU,263440.0,26-01-DAU.png,2,0.6848,True
2026-01-06,AOS,DAU,260511.5,26-01-DAU.png,2,0.6848,True
2026-01-08,AOS,DAU,251075.5,26-01-DAU.png,2,0.6848,True
2026-01-09,AOS,DAU,244900.2,26-01-DAU.png,2,0.6848,True
2026-01-11,AOS,DAU,245746.2,26-01-DAU.png,2,0.6848,True
2026-01-12,AOS,DAU,251948.4,26-01-DAU.png,2,0.6848,True
2026-01-14,AOS,DAU,248699.9,26-01-DAU.png,2,0.6848,True
2026-01-15,AOS,DAU,286775.4,26-01-DAU.png,2,0.6848,True
2026-01-17,AOS,DAU,269755.4,26-01-DAU.png,2,0.6848,True
2026-01-18,AOS,DAU,271452.4,26-01-DAU.png,2,0.6848,True
2026-01-19,AOS,DAU,262434.9,26-01-DAU.png,2,0.6848,True
2026-01-21,AOS,DAU,266379.4,26-01-DAU.png,2,0.6848,True
2026-01-22,AOS,DAU,279384.8,26-01-DAU.png,2,0.6848,True
2026-01-24,AOS,DAU,274813.2,26-01-DAU.png,2,0.6848,True
2026-01-25,AOS,DAU,273280.7,26-01-DAU.png,2,0.6848,True
2023-08-11,TOTAL,DAU,133067.7,26-01-DAU.png,1,0.3761,False
2023-08-14,TOTAL,DAU,133067.7,26-01-DAU.png,1,0.3761,False
2023-08-16,TOTAL,DAU,128077.7,26-01-DAU.png,1,0.3761,False
2023-08-19,TOTAL,DAU,128077.7,26-01-DAU.png,1,0.3761,False
2023-08-22,TOTAL,DAU,128077.7,26-01-DAU.png,1,0.3761,False
2023-08-24,TOTAL,DAU,128077.7,26-01-DAU.png,1,0.3761,False
2023-08-27,TOTAL,DAU,128077.7,26-01-DAU.png,1,0.3761,False
2023-08-30,TOTAL,DAU,131404.3,26-01-DAU.png,1,0.3761,False
2023-09-01,TOTAL,DAU,136394.4,26-01-DAU.png,1,0.3761,False
2023-09-04,TOTAL,DAU,139721.0,26-01-DAU.png,1,0.3761,False
2023-09-07,TOTAL,DAU,143047.7,26-01-DAU.png,1,0.3761,False
2023-09-09,TOTAL,DAU,136394.4,26-01-DAU.png,1,0.3761,False
2023-09-12,TOTAL,DAU,148037.7,26-01-DAU.png,1,0.3761,False
2023-09-15,TOTAL,DAU,158017.8,26-01-DAU.png,1,0.3761,False
2023-09-17,TOTAL,DAU,154691.1,26-01-DAU.png,1,0.3761,False
2023-09-20,TOTAL,DAU,158017.8,26-01-DAU.png,1,0.3761,False
2023-09-23,TOTAL,DAU,161344.4,26-01-DAU.png,1,0.3761,False
2023-09-25,TOTAL,DAU,176314.5,26-01-DAU.png,1,0.3761,False
2023-09-28,TOTAL,DAU,182967.8,26-01-DAU.png,1,0.3761,False
2023-10-01,TOTAL,DAU,182967.8,26-01-DAU.png,1,0.3761,False
2023-10-03,TOTAL,DAU,184631.2,26-01-DAU.png,1,0.3761,False
2023-10-06,TOTAL,DAU,186294.5,26-01-DAU.png,1,0.3761,False
2023-10-09,TOTAL,DAU,184631.2,26-01-DAU.png,1,0.3761,False
2023-10-11,TOTAL,DAU,186294.5,26-01-DAU.png,1,0.3761,False
2023-10-14,TOTAL,DAU,186294.5,26-01-DAU.png,1,0.3761,False
2023-10-17,TOTAL,DAU,189621.2,26-01-DAU.png,1,0.3761,False
2023-10-19,TOTAL,DAU,187957.8,26-01-DAU.png,1,0.3761,False
2023-10-22,TOTAL,DAU,186294.5,26-01-DAU.png,1,0.3761,False
2023-10-25,TOTAL,DAU,186294.5,26-01-DAU.png,1,0.3761,False
2023-10-27,TOTAL,DAU,186294.5,26-01-DAU.png,1,0.3761,False
2023-10-30,TOTAL,DAU,187957.8,26-01-DAU.png,1,0.3761,False
2023-11-02,TOTAL,DAU,187957.8,26-01-DAU.png,1,0.3761,False
2023-11-04,TOTAL,DAU,184631.2,26-01-DAU.png,1,0.3761,False
2023-11-10,TOTAL,DAU,167997.8,26-01-DAU.png,1,0.3761,False
2023-11-12,TOTAL,DAU,161344.4,26-01-DAU.png,1,0.3761,False
2023-11-15,TOTAL,DAU,163007.8,26-01-DAU.png,1,0.3761,False
2023-11-18,TOTAL,DAU,161344.4,26-01-DAU.png,1,0.3761,False
2023-11-20,TOTAL,DAU,158017.8,26-01-DAU.png,1,0.3761,False
2023-11-23,TOTAL,DAU,159681.1,26-01-DAU.png,1,0.3761,False
2023-11-25,TOTAL,DAU,163007.8,26-01-DAU.png,1,0.3761,False
2023-11-28,TOTAL,DAU,163007.8,26-01-DAU.png,1,0.3761,False
2023-12-01,TOTAL,DAU,163007.8,26-01-DAU.png,1,0.3761,False
2023-12-03,TOTAL,DAU,169661.1,26-01-DAU.png,1,0.3761,False
2023-12-06,TOTAL,DAU,171324.5,26-01-DAU.png,1,0.3761,False
2023-12-09,TOTAL,DAU,172987.8,26-01-DAU.png,1,0.3761,False
2023-12-11,TOTAL,DAU,172987.8,26-01-DAU.png,1,0.3761,False
2023-12-14,TOTAL,DAU,176314.5,26-01-DAU.png,1,0.3761,False
2023-12-17,TOTAL,DAU,169661.1,26-01-DAU.png,1,0.3761,False
2023-12-19,TOTAL,DAU,169661.1,26-01-DAU.png,1,0.3761,False
2023-12-22,TOTAL,DAU,166334.4,26-01-DAU.png,1,0.3761,False
2023-12-25,TOTAL,DAU,166334.4,26-01-DAU.png,1,0.3761,False
2023-12-27,TOTAL,DAU,166334.4,26-01-DAU.png,1,0.3761,False
2023-12-30,TOTAL,DAU,158017.8,26-01-DAU.png,1,0.3761,False
2024-01-02,TOTAL,DAU,158017.8,26-01-DAU.png,1,0.3761,False
2024-01-04,TOTAL,DAU,159681.1,26-01-DAU.png,1,0.3761,False
2024-01-07,TOTAL,DAU,177977.8,26-01-DAU.png,1,0.3761,False
2024-01-10,TOTAL,DAU,182967.8,26-01-DAU.png,1,0.3761,False
2024-01-12,TOTAL,DAU,176314.5,26-01-DAU.png,1,0.3761,False
2024-01-15,TOTAL,DAU,179641.1,26-01-DAU.png,1,0.3761,False
2024-01-18,TOTAL,DAU,186294.5,26-01-DAU.png,1,0.3761,False
2024-01-20,TOTAL,DAU,179641.1,26-01-DAU.png,1,0.3761,False
2024-01-23,TOTAL,DAU,176314.5,26-01-DAU.png,1,0.3761,False
2024-01-26,TOTAL,DAU,182967.8,26-01-DAU.png,1,0.3761,False
2024-01-28,TOTAL,DAU,186294.5,26-01-DAU.png,1,0.3761,False
2024-01-31,TOTAL,DAU,187957.8,26-01-DAU.png,1,0.3761,False
2024-02-03,TOTAL,DAU,182967.8,26-01-DAU.png,1,0.3761,False
2024-02-05,TOTAL,DAU,179641.1,26-01-DAU.png,1,0.3761,False
2024-02-08,TOTAL,DAU,189621.2,26-01-DAU.png,1,0.3761,False
2024-02-11,TOTAL,DAU,181304.5,26-01-DAU.png,1,0.3761,False
2024-02-13,TOTAL,DAU,182967.8,26-01-DAU.png,1,0.3761,False
2024-02-16,TOTAL,DAU,184631.2,26-01-DAU.png,1,0.3761,False
2024-02-19,TOTAL,DAU,186294.5,26-01-DAU.png,1,0.3761,False
2024-02-21,TOTAL,DAU,181304.5,26-01-DAU.png,1,0.3761,False
2024-02-24,TOTAL,DAU,182967.8,26-01-DAU.png,1,0.3761,False
2024-02-27,TOTAL,DAU,181304.5,26-01-DAU.png,1,0.3761,False
2024-02-29,TOTAL,DAU,182967.8,26-01-DAU.png,1,0.3761,False
2024-03-03,TOTAL,DAU,179641.1,26-01-DAU.png,1,0.3761,False
2024-03-06,TOTAL,DAU,179641.1,26-01-DAU.png,1,0.3761,False
2024-03-08,TOTAL,DAU,182967.8,26-01-DAU.png,1,0.3761,False
2024-03-11,TOTAL,DAU,189621.2,26-01-DAU.png,1,0.3761,False
2024-03-13,TOTAL,DAU,184631.2,26-01-DAU.png,1,0.3761,False
2024-03-16,TOTAL,DAU,187957.8,26-01-DAU.png,1,0.3761,False
2024-03-19,TOTAL,DAU,182967.8,26-01-DAU.png,1,0.3761,False
2024-03-21,TOTAL,DAU,189621.2,26-01-DAU.png,1,0.3761,False
2024-03-24,TOTAL,DAU,189621.2,26-01-DAU.png,1,0.3761,False
2024-03-27,TOTAL,DAU,191284.5,26-01-DAU.png,1,0.3761,False
2024-03-29,TOTAL,DAU,209581.2,26-01-DAU.png,1,0.3761,False
2024-04-01,TOTAL,DAU,207917.9,26-01-DAU.png,1,0.3761,False
2024-04-04,TOTAL,DAU,201264.5,26-01-DAU.png,1,0.3761,False
2024-04-06,TOTAL,DAU,196274.5,26-01-DAU.png,1,0.3761,False
2024-04-09,TOTAL,DAU,197937.9,26-01-DAU.png,1,0.3761,False
2024-04-12,TOTAL,DAU,197937.9,26-01-DAU.png,1,0.3761,False
2024-04-14,TOTAL,DAU,196274.5,26-01-DAU.png,1,0.3761,False
2024-04-17,TOTAL,DAU,199601.2,26-01-DAU.png,1,0.3761,False
2024-04-20,TOTAL,DAU,201264.5,26-01-DAU.png,1,0.3761,False
2024-04-22,TOTAL,DAU,194611.2,26-01-DAU.png,1,0.3761,False
2024-04-25,TOTAL,DAU,192947.8,26-01-DAU.png,1,0.3761,False
2024-04-28,TOTAL,DAU,196274.5,26-01-DAU.png,1,0.3761,False
2024-04-30,TOTAL,DAU,199601.2,26-01-DAU.png,1,0.3761,False
2024-05-03,TOTAL,DAU,202927.9,26-01-DAU.png,1,0.3761,False
2024-05-06,TOTAL,DAU,199601.2,26-01-DAU.png,1,0.3761,False
2024-05-08,TOTAL,DAU,204591.2,26-01-DAU.png,1,0.3761,False
2024-05-11,TOTAL,DAU,226214.6,26-01-DAU.png,1,0.3761,False
2024-05-14,TOTAL,DAU,201264.5,26-01-DAU.png,1,0.3761,False
2024-05-16,TOTAL,DAU,194611.2,26-01-DAU.png,1,0.3761,False
2024-05-19,TOTAL,DAU,196274.5,26-01-DAU.png,1,0.3761,False
2024-05-22,TOTAL,DAU,202927.9,26-01-DAU.png,1,0.3761,False
2024-05-24,TOTAL,DAU,202927.9,26-01-DAU.png,1,0.3761,False
2024-05-27,TOTAL,DAU,206254.5,26-01-DAU.png,1,0.3761,False
2024-05-30,TOTAL,DAU,217897.9,26-01-DAU.png,1,0.3761,False
2024-06-01,TOTAL,DAU,239521.3,26-01-DAU.png,1,0.3761,False
2024-06-04,TOTAL,DAU,246174.7,26-01-DAU.png,1,0.3761,False
2024-06-07,TOTAL,DAU,252828.0,26-01-DAU.png,1,0.3761,False
2024-06-09,TOTAL,DAU,242848.0,26-01-DAU.png,1,0.3761,False
2024-06-12,TOTAL,DAU,242848.0,26-01-DAU.png,1,0.3761,False
2024-06-15,TOTAL,DAU,244511.3,26-01-DAU.png,1,0.3761,False
2024-06-17,TOTAL,DAU,246174.7,26-01-DAU.png,1,0.3761,False
2024-06-23,TOTAL,DAU,246174.7,26-01-DAU.png,1,0.3761,False
2024-06-25,TOTAL,DAU,239521.3,26-01-DAU.png,1,0.3761,False
2024-06-28,TOTAL,DAU,231204.6,26-01-DAU.png,1,0.3761,False
2024-07-01,TOTAL,DAU,222887.9,26-01-DAU.png,1,0.3761,False
2024-07-02,TOTAL,DAU,229541.3,26-01-DAU.png,1,0.6848,False
2024-07-03,TOTAL,DAU,226214.6,26-01-DAU.png,1,0.6848,False
2024-07-05,TOTAL,DAU,222887.9,26-01-DAU.png,1,0.6848,False
2024-07-06,TOTAL,DAU,226214.6,26-01-DAU.png,1,0.6848,False
2024-07-08,TOTAL,DAU,212907.9,26-01-DAU.png,1,0.6848,False
2024-07-09,TOTAL,DAU,211244.6,26-01-DAU.png,1,0.6848,False
2024-07-11,TOTAL,DAU,211244.6,26-01-DAU.png,1,0.6848,False
2024-07-12,TOTAL,DAU,209581.2,26-01-DAU.png,1,0.6848,False
2024-07-14,TOTAL,DAU,229541.3,26-01-DAU.png,1,0.6848,False
2024-07-15,TOTAL,DAU,217897.9,26-01-DAU.png,1,0.6848,False
2024-07-17,TOTAL,DAU,207917.9,26-01-DAU.png,1,0.6848,False
2024-07-18,TOTAL,DAU,241184.6,26-01-DAU.png,1,0.6848,False
2024-07-19,TOTAL,DAU,227877.9,26-01-DAU.png,1,0.6848,False
2024-07-21,TOTAL,DAU,216234.6,26-01-DAU.png,1,0.6848,False
2024-07-22,TOTAL,DAU,221224.6,26-01-DAU.png,1,0.6848,False
2024-07-24,TOTAL,DAU,227877.9,26-01-DAU.png,1,0.6848,False
2024-07-25,TOTAL,DAU,232868.0,26-01-DAU.png,1,0.6848,False
2024-07-27,TOTAL,DAU,229541.3,26-01-DAU.png,1,0.6848,False
2024-07-28,TOTAL,DAU,234531.3,26-01-DAU.png,1,0.6848,False
2024-07-30,TOTAL,DAU,237858.0,26-01-DAU.png,1,0.6848,False
2024-07-31,TOTAL,DAU,242848.0,26-01-DAU.png,1,0.6848,False
2024-08-02,TOTAL,DAU,227877.9,26-01-DAU.png,1,0.6848,False
2024-08-03,TOTAL,DAU,226214.6,26-01-DAU.png,1,0.6848,False
2024-08-05,TOTAL,DAU,229541.3,26-01-DAU.png,1,0.6848,False
2024-08-06,TOTAL,DAU,222887.9,26-01-DAU.png,1,0.6848,False
2024-08-07,TOTAL,DAU,236194.6,26-01-DAU.png,1,0.6848,False
2024-08-09,TOTAL,DAU,252828.0,26-01-DAU.png,1,0.6848,False
2024-08-10,TOTAL,DAU,279441.4,26-01-DAU.png,1,0.6848,False
2024-08-12,TOTAL,DAU,257818.0,26-01-DAU.png,1,0.6848,False
2024-08-13,TOTAL,DAU,241184.6,26-01-DAU.png,1,0.6848,False
2024-08-15,TOTAL,DAU,241184.6,26-01-DAU.png,1,0.6848,False
2024-08-16,TOTAL,DAU,242848.0,26-01-DAU.png,1,0.6848,False
2024-08-18,TOTAL,DAU,242848.0,26-01-DAU.png,1,0.6848,False
2024-08-19,TOTAL,DAU,237858.0,26-01-DAU.png,1,0.6848,False
2024-08-21,TOTAL,DAU,234531.3,26-01-DAU.png,1,0.6848,False
2024-08-22,TOTAL,DAU,239521.3,26-01-DAU.png,1,0.6848,False
2024-08-24,TOTAL,DAU,241184.6,26-01-DAU.png,1,0.6848,False
2024-08-25,TOTAL,DAU,227877.9,26-01-DAU.png,1,0.6848,False
2024-08-26,TOTAL,DAU,229541.3,26-01-DAU.png,1,0.6848,False
2024-08-28,TOTAL,DAU,222887.9,26-01-DAU.png,1,0.6848,False
2024-08-29,TOTAL,DAU,224551.3,26-01-DAU.png,1,0.6848,False
2024-08-31,TOTAL,DAU,219561.3,26-01-DAU.png,1,0.6848,False
2024-09-01,TOTAL,DAU,219561.3,26-01-DAU.png,1,0.6848,False
2024-09-04,TOTAL,DAU,222887.9,26-01-DAU.png,1,0.6848,False
2024-09-06,TOTAL,DAU,217897.9,26-01-DAU.png,1,0.6848,False
2024-09-07,TOTAL,DAU,214571.2,26-01-DAU.png,1,0.6848,False
2024-09-09,TOTAL,DAU,222887.9,26-01-DAU.png,1,0.6848,False
2024-09-10,TOTAL,DAU,226214.6,26-01-DAU.png,1,0.6848,False
2024-09-12,TOTAL,DAU,214571.2,26-01-DAU.png,1,0.6848,False
2024-09-13,TOTAL,DAU,232868.0,26-01-DAU.png,1,0.6848,False
2024-09-14,TOTAL,DAU,234531.3,26-01-DAU.png,1,0.6848,False
2024-09-16,TOTAL,DAU,237858.0,26-01-DAU.png,1,0.6848,False
2024-09-17,TOTAL,DAU,226214.6,26-01-DAU.png,1,0.6848,False
2024-09-19,TOTAL,DAU,226214.6,26-01-DAU.png,1,0.6848,False
2024-09-20,TOTAL,DAU,226214.6,26-01-DAU.png,1,0.6848,False
2024-09-22,TOTAL,DAU,224551.3,26-01-DAU.png,1,0.6848,False
2024-09-23,TOTAL,DAU,224551.3,26-01-DAU.png,1,0.6848,False
2024-09-25,TOTAL,DAU,222887.9,26-01-DAU.png,1,0.6848,False
2024-09-26,TOTAL,DAU,232868.0,26-01-DAU.png,1,0.6848,False
2024-09-28,TOTAL,DAU,222887.9,26-01-DAU.png,1,0.6848,False
2024-09-29,TOTAL,DAU,222887.9,26-01-DAU.png,1,0.6848,False
2024-10-01,TOTAL,DAU,222887.9,26-01-DAU.png,1,0.6848,False
2024-10-02,TOTAL,DAU,229541.3,26-01-DAU.png,1,0.6848,False
2024-10-03,TOTAL,DAU,224551.3,26-01-DAU.png,1,0.6848,False
2024-10-05,TOTAL,DAU,222887.9,26-01-DAU.png,1,0.6848,False
2024-10-08,TOTAL,DAU,226214.6,26-01-DAU.png,1,0.6848,False
2024-10-09,TOTAL,DAU,219561.3,26-01-DAU.png,1,0.6848,False
2024-10-11,TOTAL,DAU,217897.9,26-01-DAU.png,1,0.6848,False
2024-10-14,TOTAL,DAU,219561.3,26-01-DAU.png,1,0.6848,False
2024-10-15,TOTAL,DAU,219561.3,26-01-DAU.png,1,0.6848,False
2024-10-17,TOTAL,DAU,221224.6,26-01-DAU.png,1,0.6848,False
2024-10-18,TOTAL,DAU,229541.3,26-01-DAU.png,1,0.6848,False
2024-10-19,TOTAL,DAU,232868.0,26-01-DAU.png,1,0.6848,False
2024-10-21,TOTAL,DAU,231204.6,26-01-DAU.png,1,0.6848,False
2024-10-22,TOTAL,DAU,229541.3,26-01-DAU.png,1,0.6848,False
2024-10-24,TOTAL,DAU,226214.6,26-01-DAU.png,1,0.6848,False
2024-10-25,TOTAL,DAU,227877.9,26-01-DAU.png,1,0.6848,False
2024-10-28,TOTAL,DAU,231204.6,26-01-DAU.png,1,0.6848,False
2024-10-30,TOTAL,DAU,247838.0,26-01-DAU.png,1,0.6848,False
2024-10-31,TOTAL,DAU,256154.7,26-01-DAU.png,1,0.6848,False
2024-11-02,TOTAL,DAU,247838.0,26-01-DAU.png,1,0.6848,False
2024-11-03,TOTAL,DAU,251164.7,26-01-DAU.png,1,0.6848,False
2024-11-05,TOTAL,DAU,249501.3,26-01-DAU.png,1,0.6848,False
2024-11-06,TOTAL,DAU,246174.7,26-01-DAU.png,1,0.6848,False
2024-11-07,TOTAL,DAU,246174.7,26-01-DAU.png,1,0.6848,False
2024-11-09,TOTAL,DAU,252828.0,26-01-DAU.png,1,0.6848,False
2024-11-10,TOTAL,DAU,282768.1,26-01-DAU.png,1,0.6848,False
2024-11-12,TOTAL,DAU,266134.7,26-01-DAU.png,1,0.6848,False
2024-11-13,TOTAL,DAU,267798.0,26-01-DAU.png,1,0.6848,False
2024-11-15,TOTAL,DAU,279441.4,26-01-DAU.png,1,0.6848,False
2024-11-16,TOTAL,DAU,266134.7,26-01-DAU.png,1,0.6848,False
2024-11-18,TOTAL,DAU,264471.4,26-01-DAU.png,1,0.6848,False
2024-11-19,TOTAL,DAU,264471.4,26-01-DAU.png,1,0.6848,False
2024-11-21,TOTAL,DAU,264471.4,26-01-DAU.png,1,0.6848,False
2024-11-22,TOTAL,DAU,291084.8,26-01-DAU.png,1,0.6848,False
2024-11-24,TOTAL,DAU,294411.5,26-01-DAU.png,1,0.6848,False
2024-11-25,TOTAL,DAU,277778.1,26-01-DAU.png,1,0.6848,False
2024-11-26,TOTAL,DAU,279441.4,26-01-DAU.png,1,0.6848,False
2024-11-28,TOTAL,DAU,284431.4,26-01-DAU.png,1,0.6848,False
2024-11-29,TOTAL,DAU,277778.1,26-01-DAU.png,1,0.6848,False
2024-12-01,TOTAL,DAU,279441.4,26-01-DAU.png,1,0.6848,False
2024-12-02,TOTAL,DAU,286094.8,26-01-DAU.png,1,0.6848,False
2024-12-04,TOTAL,DAU,281104.7,26-01-DAU.png,1,0.6848,False
2024-12-05,TOTAL,DAU,266134.7,26-01-DAU.png,1,0.6848,False
2024-12-07,TOTAL,DAU,262808.0,26-01-DAU.png,1,0.6848,False
2024-12-08,TOTAL,DAU,259481.4,26-01-DAU.png,1,0.6848,False
2024-12-10,TOTAL,DAU,261144.7,26-01-DAU.png,1,0.6848,False
2024-12-11,TOTAL,DAU,274451.4,26-01-DAU.png,1,0.6848,False
2024-12-13,TOTAL,DAU,287758.1,26-01-DAU.png,1,0.6848,False
2024-12-14,TOTAL,DAU,304391.5,26-01-DAU.png,1,0.6848,False
2024-12-15,TOTAL,DAU,304391.5,26-01-DAU.png,1,0.6848,False
2024-12-17,TOTAL,DAU,286094.8,26-01-DAU.png,1,0.6848,False
2024-12-18,TOTAL,DAU,271124.7,26-01-DAU.png,1,0.6848,False
2024-12-20,TOTAL,DAU,297738.1,26-01-DAU.png,1,0.6848,False
2024-12-21,TOTAL,DAU,324351.5,26-01-DAU.png,1,0.6848,False
2024-12-23,TOTAL,DAU,301064.8,26-01-DAU.png,1,0.6848,False
2024-12-24,TOTAL,DAU,311044.8,26-01-DAU.png,1,0.6848,False
2024-12-26,TOTAL,DAU,311044.8,26-01-DAU.png,1,0.6848,False
2024-12-27,TOTAL,DAU,319361.5,26-01-DAU.png,1,0.6848,False
2024-12-29,TOTAL,DAU,314371.5,26-01-DAU.png,1,0.6848,False
2024-12-30,TOTAL,DAU,317698.2,26-01-DAU.png,1,0.6848,False
2025-01-01,TOTAL,DAU,321024.9,26-01-DAU.png,1,0.6848,False
2025-01-02,TOTAL,DAU,332668.2,26-01-DAU.png,1,0.6961,False
2025-01-03,TOTAL,DAU,327678.2,26-01-DAU.png,1,0.6961,False
2025-01-05,TOTAL,DAU,327678.2,26-01-DAU.png,1,0.6961,False
2025-01-06,TOTAL,DAU,322688.2,26-01-DAU.png,1,0.6961,False
2025-01-08,TOTAL,DAU,342648.2,26-01-DAU.png,1,0.6961,False
2025-01-09,TOTAL,DAU,326014.9,26-01-DAU.png,1,0.6961,False
2025-01-11,TOTAL,DAU,319361.5,26-01-DAU.png,1,0.6961,False
2025-01-12,TOTAL,DAU,321024.9,26-01-DAU.png,1,0.6961,False
2025-01-13,TOTAL,DAU,322688.2,26-01-DAU.png,1,0.6961,False
2025-01-15,TOTAL,DAU,322688.2,26-01-DAU.png,1,0.6961,False
2025-01-16,TOTAL,DAU,329341.5,26-01-DAU.png,1,0.6961,False
2025-01-18,TOTAL,DAU,331004.9,26-01-DAU.png,1,0.6961,False
2025-01-19,TOTAL,DAU,345974.9,26-01-DAU.png,1,0.6961,False
2025-01-21,TOTAL,DAU,329341.5,26-01-DAU.png,1,0.6961,False
2025-01-22,TOTAL,DAU,326014.9,26-01-DAU.png,1,0.6961,False
2025-01-23,TOTAL,DAU,350964.9,26-01-DAU.png,1,0.6961,False
2025-01-25,TOTAL,DAU,354291.6,26-01-DAU.png,1,0.6961,False
2025-01-26,TOTAL,DAU,369261.7,26-01-DAU.png,1,0.6961,False
2025-01-28,TOTAL,DAU,349301.6,26-01-DAU.png,1,0.6961,False
2025-01-29,TOTAL,DAU,375915.0,26-01-DAU.png,1,0.6961,False
2025-01-31,TOTAL,DAU,372588.3,26-01-DAU.png,1,0.6961,False
2025-02-01,TOTAL,DAU,354291.6,26-01-DAU.png,1,0.6961,False
2025-02-03,TOTAL,DAU,352628.3,26-01-DAU.png,1,0.6961,False
2025-02-04,TOTAL,DAU,357618.3,26-01-DAU.png,1,0.6961,False
2025-02-05,TOTAL,DAU,352628.3,26-01-DAU.png,1,0.6961,False
2025-02-07,TOTAL,DAU,360945.0,26-01-DAU.png,1,0.6961,False
2025-02-08,TOTAL,DAU,372588.3,26-01-DAU.png,1,0.6961,False
2025-02-10,TOTAL,DAU,407518.4,26-01-DAU.png,1,0.6961,False
2025-02-11,TOTAL,DAU,379241.7,26-01-DAU.png,1,0.6961,False
2025-02-13,TOTAL,DAU,364271.6,26-01-DAU.png,1,0.6961,False
2025-02-14,TOTAL,DAU,350964.9,26-01-DAU.png,1,0.6961,False
2025-02-15,TOTAL,DAU,357618.3,26-01-DAU.png,1,0.6961,False
2025-02-17,TOTAL,DAU,360945.0,26-01-DAU.png,1,0.6961,False
2025-02-18,TOTAL,DAU,354291.6,26-01-DAU.png,1,0.6961,False
2025-02-20,TOTAL,DAU,350964.9,26-01-DAU.png,1,0.6961,False
2025-02-21,TOTAL,DAU,362608.3,26-01-DAU.png,1,0.6961,False
2025-02-23,TOTAL,DAU,349301.6,26-01-DAU.png,1,0.6961,False
2025-02-24,TOTAL,DAU,345974.9,26-01-DAU.png,1,0.6961,False
2025-02-26,TOTAL,DAU,379241.7,26-01-DAU.png,1,0.6961,False
2025-02-27,TOTAL,DAU,362608.3,26-01-DAU.png,1,0.6961,False
2025-02-28,TOTAL,DAU,357618.3,26-01-DAU.png,1,0.6961,False
2025-03-02,TOTAL,DAU,360945.0,26-01-DAU.png,1,0.6961,False
2025-03-03,TOTAL,DAU,402528.4,26-01-DAU.png,1,0.6961,False
2025-03-06,TOTAL,DAU,402528.4,26-01-DAU.png,1,0.6961,False
2025-03-08,TOTAL,DAU,385895.0,26-01-DAU.png,1,0.6961,False
2025-03-09,TOTAL,DAU,382568.4,26-01-DAU.png,1,0.6961,False
2025-03-10,TOTAL,DAU,382568.4,26-01-DAU.png,1,0.6961,False
2025-03-12,TOTAL,DAU,382568.4,26-01-DAU.png,1,0.6961,False
2025-03-13,TOTAL,DAU,380905.0,26-01-DAU.png,1,0.6961,False
2025-03-15,TOTAL,DAU,422488.5,26-01-DAU.png,1,0.6961,False
2025-03-16,TOTAL,DAU,419161.8,26-01-DAU.png,1,0.6961,False
2025-03-18,TOTAL,DAU,395875.1,26-01-DAU.png,1,0.6961,False
2025-03-19,TOTAL,DAU,394211.7,26-01-DAU.png,1,0.6961,False
2025-03-21,TOTAL,DAU,404191.7,26-01-DAU.png,1,0.6961,False
2025-03-22,TOTAL,DAU,395875.1,26-01-DAU.png,1,0.6961,False
2025-03-23,TOTAL,DAU,392548.4,26-01-DAU.png,1,0.6961,False
2025-03-25,TOTAL,DAU,392548.4,26-01-DAU.png,1,0.6961,False
2025-03-26,TOTAL,DAU,409181.8,26-01-DAU.png,1,0.6961,False
2025-03-28,TOTAL,DAU,445775.2,26-01-DAU.png,1,0.6961,False
2025-03-29,TOTAL,DAU,415835.1,26-01-DAU.png,1,0.6961,False
2025-03-31,TOTAL,DAU,412508.4,26-01-DAU.png,1,0.6961,False
2025-04-01,TOTAL,DAU,407518.4,26-01-DAU.png,1,0.6961,False
2025-04-02,TOTAL,DAU,409181.8,26-01-DAU.png,1,0.6961,False
2025-04-04,TOTAL,DAU,394211.7,26-01-DAU.png,1,0.6961,False
2025-04-05,TOTAL,DAU,397538.4,26-01-DAU.png,1,0.6961,False
2025-04-07,TOTAL,DAU,400865.1,26-01-DAU.png,1,0.6961,False
2025-04-08,TOTAL,DAU,410845.1,26-01-DAU.png,1,0.6961,False
2025-04-11,TOTAL,DAU,430805.1,26-01-DAU.png,1,0.6961,False
2025-04-12,TOTAL,DAU,460745.2,26-01-DAU.png,1,0.6961,False
2025-04-14,TOTAL,DAU,490685.3,26-01-DAU.png,1,0.6961,False
2025-04-15,TOTAL,DAU,505655.3,26-01-DAU.png,1,0.6961,False
2025-04-17,TOTAL,DAU,502328.7,26-01-DAU.png,1,0.6961,False
2025-04-18,TOTAL,DAU,507318.7,26-01-DAU.png,1,0.6961,False
2025-04-20,TOTAL,DAU,510645.4,26-01-DAU.png,1,0.6961,False
2025-04-21,TOTAL,DAU,508982.0,26-01-DAU.png,1,0.6961,False
2025-04-23,TOTAL,DAU,492348.6,26-01-DAU.png,1,0.6961,False
2025-04-24,TOTAL,DAU,490685.3,26-01-DAU.png,1,0.6961,False
2025-04-25,TOTAL,DAU,487358.6,26-01-DAU.png,1,0.6961,False
2025-04-27,TOTAL,DAU,484032.0,26-01-DAU.png,1,0.6961,False
2025-04-28,TOTAL,DAU,487358.6,26-01-DAU.png,1,0.6961,False
2025-04-30,TOTAL,DAU,497338.7,26-01-DAU.png,1,0.6961,False
2025-05-01,TOTAL,DAU,494012.0,26-01-DAU.png,1,0.6961,False
2025-05-03,TOTAL,DAU,479041.9,26-01-DAU.png,1,0.6961,False
2025-05-05,TOTAL,DAU,450765.2,26-01-DAU.png,1,0.6961,False
2025-05-07,TOTAL,DAU,447438.5,26-01-DAU.png,1,0.6961,False
2025-05-08,TOTAL,DAU,444111.9,26-01-DAU.png,1,0.6961,False
2025-05-10,TOTAL,DAU,437458.5,26-01-DAU.png,1,0.6961,False
2025-05-11,TOTAL,DAU,470725.3,26-01-DAU.png,1,0.6961,False
2025-05-13,TOTAL,DAU,440785.2,26-01-DAU.png,1,0.6961,False
2025-05-14,TOTAL,DAU,410845.1,26-01-DAU.png,1,0.6961,False
2025-05-16,TOTAL,DAU,407518.4,26-01-DAU.png,1,0.6961,False
2025-05-17,TOTAL,DAU,417498.4,26-01-DAU.png,1,0.6961,False
2025-05-18,TOTAL,DAU,407518.4,26-01-DAU.png,1,0.6961,False
2025-05-20,TOTAL,DAU,410845.1,26-01-DAU.png,1,0.6961,False
2025-05-21,TOTAL,DAU,400865.1,26-01-DAU.png,1,0.6961,False
2025-05-23,TOTAL,DAU,412508.4,26-01-DAU.png,1,0.6961,False
2025-05-24,TOTAL,DAU,404191.7,26-01-DAU.png,1,0.6961,False
2025-05-26,TOTAL,DAU,390885.0,26-01-DAU.png,1,0.6961,False
2025-05-27,TOTAL,DAU,394211.7,26-01-DAU.png,1,0.6961,False
2025-05-28,TOTAL,DAU,384231.7,26-01-DAU.png,1,0.6961,False
2025-05-30,TOTAL,DAU,382568.4,26-01-DAU.png,1,0.6961,False
2025-05-31,TOTAL,DAU,389221.7,26-01-DAU.png,1,0.6961,False
2025-06-02,TOTAL,DAU,417498.4,26-01-DAU.png,1,0.6961,False
2025-06-03,TOTAL,DAU,449101.9,26-01-DAU.png,1,0.6961,False
2025-06-05,TOTAL,DAU,432468.5,26-01-DAU.png,1,0.6961,False
2025-06-06,TOTAL,DAU,449101.9,26-01-DAU.png,1,0.6961,False
2025-06-08,TOTAL,DAU,452428.5,26-01-DAU.png,1,0.6961,False
2025-06-09,TOTAL,DAU,455755.2,26-01-DAU.png,1,0.6961,False
2025-06-10,TOTAL,DAU,450765.2,26-01-DAU.png,1,0.6961,False
2025-06-12,TOTAL,DAU,455755.2,26-01-DAU.png,1,0.6961,False
2025-06-13,TOTAL,DAU,503992.0,26-01-DAU.png,1,0.6961,False
2025-06-16,TOTAL,DAU,525615.4,26-01-DAU.png,1,0.6961,False
2025-06-18,TOTAL,DAU,475715.3,26-01-DAU.png,1,0.6961,False
2025-06-19,TOTAL,DAU,472388.6,26-01-DAU.png,1,0.6961,False
2025-06-20,TOTAL,DAU,485695.3,26-01-DAU.png,1,0.6961,False
2025-06-22,TOTAL,DAU,487358.6,26-01-DAU.png,1,0.6961,False
2025-06-23,TOTAL,DAU,485695.3,26-01-DAU.png,1,0.6961,False
2025-06-25,TOTAL,DAU,500665.3,26-01-DAU.png,1,0.6961,False
2025-06-28,TOTAL,DAU,512308.7,26-01-DAU.png,1,0.6961,False
2025-06-29,TOTAL,DAU,508982.0,26-01-DAU.png,1,0.6961,False
2025-07-01,TOTAL,DAU,512308.7,26-01-DAU.png,1,0.6961,False
2025-07-02,TOTAL,DAU,503992.0,26-01-DAU.png,1,0.6848,False
2025-07-03,TOTAL,DAU,489022.0,26-01-DAU.png,1,0.6848,False
2025-07-05,TOTAL,DAU,485695.3,26-01-DAU.png,1,0.6848,False
2025-07-06,TOTAL,DAU,495675.3,26-01-DAU.png,1,0.6848,False
2025-07-08,TOTAL,DAU,500665.3,26-01-DAU.png,1,0.6848,False
2025-07-09,TOTAL,DAU,492348.6,26-01-DAU.png,1,0.6848,False
2025-07-11,TOTAL,DAU,494012.0,26-01-DAU.png,1,0.6848,False
2025-07-12,TOTAL,DAU,500665.3,26-01-DAU.png,1,0.6848,False
2025-07-14,TOTAL,DAU,505655.3,26-01-DAU.png,1,0.6848,False
2025-07-15,TOTAL,DAU,494012.0,26-01-DAU.png,1,0.6848,False
2025-07-17,TOTAL,DAU,492348.6,26-01-DAU.png,1,0.6848,False
2025-07-18,TOTAL,DAU,490685.3,26-01-DAU.png,1,0.6848,False
2025-07-19,TOTAL,DAU,487358.6,26-01-DAU.png,1,0.6848,False
2025-07-21,TOTAL,DAU,490685.3,26-01-DAU.png,1,0.6848,False
2025-07-22,TOTAL,DAU,497338.7,26-01-DAU.png,1,0.6848,False
2025-07-24,TOTAL,DAU,528942.1,26-01-DAU.png,1,0.6848,False
2025-07-25,TOTAL,DAU,485695.3,26-01-DAU.png,1,0.6848,False
2025-07-27,TOTAL,DAU,507318.7,26-01-DAU.png,1,0.6848,False
2025-07-28,TOTAL,DAU,485695.3,26-01-DAU.png,1,0.6848,False
2025-07-30,TOTAL,DAU,523952.1,26-01-DAU.png,1,0.6848,False
2025-07-31,TOTAL,DAU,495675.3,26-01-DAU.png,1,0.6848,False
2025-08-02,TOTAL,DAU,502328.7,26-01-DAU.png,1,0.6848,False
2025-08-07,TOTAL,DAU,567198.8,26-01-DAU.png,1,0.6848,False
2025-08-09,TOTAL,DAU,558882.2,26-01-DAU.png,1,0.6848,False
2025-08-10,TOTAL,DAU,558882.2,26-01-DAU.png,1,0.6848,False
2025-08-12,TOTAL,DAU,535595.4,26-01-DAU.png,1,0.6848,False
2025-08-13,TOTAL,DAU,555555.5,26-01-DAU.png,1,0.6848,False
2025-08-15,TOTAL,DAU,577178.9,26-01-DAU.png,1,0.6848,False
2025-08-16,TOTAL,DAU,565535.5,26-01-DAU.png,1,0.6848,False
2025-08-18,TOTAL,DAU,535595.4,26-01-DAU.png,1,0.6848,False
2025-08-19,TOTAL,DAU,532268.8,26-01-DAU.png,1,0.6848,False
2025-08-21,TOTAL,DAU,550565.5,26-01-DAU.png,1,0.6848,False
2025-08-22,TOTAL,DAU,548902.1,26-01-DAU.png,1,0.6848,False
2025-08-24,TOTAL,DAU,537258.8,26-01-DAU.png,1,0.6848,False
2025-08-25,TOTAL,DAU,537258.8,26-01-DAU.png,1,0.6848,False
2025-08-28,TOTAL,DAU,598802.3,26-01-DAU.png,1,0.6848,False
2025-08-29,TOTAL,DAU,562208.8,26-01-DAU.png,1,0.6848,False
2025-08-31,TOTAL,DAU,558882.2,26-01-DAU.png,1,0.6848,False
2025-09-01,TOTAL,DAU,583832.2,26-01-DAU.png,1,0.6848,False
2025-09-03,TOTAL,DAU,578842.2,26-01-DAU.png,1,0.6848,False
2025-09-04,TOTAL,DAU,553892.1,26-01-DAU.png,1,0.6848,False
2025-09-06,TOTAL,DAU,577178.9,26-01-DAU.png,1,0.6848,False
2025-09-07,TOTAL,DAU,610445.6,26-01-DAU.png,1,0.6848,False
2025-09-10,TOTAL,DAU,588822.2,26-01-DAU.png,1,0.6848,False
2025-09-12,TOTAL,DAU,587158.9,26-01-DAU.png,1,0.6848,False
2025-09-13,TOTAL,DAU,593812.3,26-01-DAU.png,1,0.6848,False
2025-09-14,TOTAL,DAU,603792.3,26-01-DAU.png,1,0.6848,False
2025-09-16,TOTAL,DAU,578842.2,26-01-DAU.png,1,0.6848,False
2025-09-17,TOTAL,DAU,578842.2,26-01-DAU.png,1,0.6848,False
2025-09-19,TOTAL,DAU,583832.2,26-01-DAU.png,1,0.6848,False
2025-09-20,TOTAL,DAU,585495.6,26-01-DAU.png,1,0.6848,False
2025-09-22,TOTAL,DAU,573852.2,26-01-DAU.png,1,0.6848,False
2025-09-23,TOTAL,DAU,572188.9,26-01-DAU.png,1,0.6848,False
2025-09-25,TOTAL,DAU,580505.5,26-01-DAU.png,1,0.6848,False
2025-09-26,TOTAL,DAU,593812.3,26-01-DAU.png,1,0.6848,False
2025-09-28,TOTAL,DAU,590485.6,26-01-DAU.png,1,0.6848,False
2025-09-29,TOTAL,DAU,615435.6,26-01-DAU.png,1,0.6848,False
2025-10-01,TOTAL,DAU,696939.2,26-01-DAU.png,1,0.6848,False
2025-10-14,TOTAL,DAU,705255.9,26-01-DAU.png,1,0.6848,False
2025-10-15,TOTAL,DAU,665335.8,26-01-DAU.png,1,0.6848,False
2025-10-17,TOTAL,DAU,652029.1,26-01-DAU.png,1,0.6848,False
2025-10-18,TOTAL,DAU,657019.1,26-01-DAU.png,1,0.6848,False
2025-10-19,TOTAL,DAU,642049.0,26-01-DAU.png,1,0.6848,False
2025-10-21,TOTAL,DAU,642049.0,26-01-DAU.png,1,0.6848,False
2025-10-22,TOTAL,DAU,650365.7,26-01-DAU.png,1,0.6848,False
2025-10-24,TOTAL,DAU,660345.8,26-01-DAU.png,1,0.6848,False
2025-10-25,TOTAL,DAU,620425.7,26-01-DAU.png,1,0.6848,False
2025-10-27,TOTAL,DAU,600465.6,26-01-DAU.png,1,0.6848,False
2025-10-28,TOTAL,DAU,592148.9,26-01-DAU.png,1,0.6848,False
2025-10-30,TOTAL,DAU,598802.3,26-01-DAU.png,1,0.6848,False
2025-10-31,TOTAL,DAU,598802.3,26-01-DAU.png,1,0.6848,False
2025-11-02,TOTAL,DAU,592148.9,26-01-DAU.png,1,0.6848,False
2025-11-03,TOTAL,DAU,625415.7,26-01-DAU.png,1,0.6848,False
2025-11-06,TOTAL,DAU,652029.1,26-01-DAU.png,1,0.6848,False
2025-11-07,TOTAL,DAU,623752.3,26-01-DAU.png,1,0.6848,False
2025-11-09,TOTAL,DAU,623752.3,26-01-DAU.png,1,0.6848,False
2025-11-10,TOTAL,DAU,630405.7,26-01-DAU.png,1,0.6848,False
2025-11-12,TOTAL,DAU,648702.4,26-01-DAU.png,1,0.6848,False
2025-11-13,TOTAL,DAU,648702.4,26-01-DAU.png,1,0.6848,False
2025-11-15,TOTAL,DAU,647039.1,26-01-DAU.png,1,0.6848,False
2025-11-18,TOTAL,DAU,622089.0,26-01-DAU.png,1,0.6848,False
2025-11-19,TOTAL,DAU,608782.3,26-01-DAU.png,1,0.6848,False
2025-11-21,TOTAL,DAU,605455.6,26-01-DAU.png,1,0.6848,False
2025-11-22,TOTAL,DAU,600465.6,26-01-DAU.png,1,0.6848,False
2025-11-24,TOTAL,DAU,593812.3,26-01-DAU.png,1,0.6848,False
2025-11-25,TOTAL,DAU,588822.2,26-01-DAU.png,1,0.6848,False
2025-11-26,TOTAL,DAU,593812.3,26-01-DAU.png,1,0.6848,False
2025-11-28,TOTAL,DAU,605455.6,26-01-DAU.png,1,0.6848,False
2025-11-29,TOTAL,DAU,558882.2,26-01-DAU.png,1,0.6848,False
2025-12-01,TOTAL,DAU,563872.2,26-01-DAU.png,1,0.6848,False
2025-12-02,TOTAL,DAU,558882.2,26-01-DAU.png,1,0.6848,False
2025-12-04,TOTAL,DAU,553892.1,26-01-DAU.png,1,0.6848,False
2025-12-05,TOTAL,DAU,538922.1,26-01-DAU.png,1,0.6848,False
2025-12-07,TOTAL,DAU,542248.8,26-01-DAU.png,1,0.6848,False
2025-12-08,TOTAL,DAU,540585.4,26-01-DAU.png,1,0.6848,False
2025-12-10,TOTAL,DAU,538922.1,26-01-DAU.png,1,0.6848,False
2025-12-11,TOTAL,DAU,530605.4,26-01-DAU.png,1,0.6848,False
2025-12-13,TOTAL,DAU,512308.7,26-01-DAU.png,1,0.6848,False
2025-12-14,TOTAL,DAU,532268.8,26-01-DAU.png,1,0.6848,False
2025-12-15,TOTAL,DAU,548902.1,26-01-DAU.png,1,0.6848,False
2025-12-21,TOTAL,DAU,637059.0,26-01-DAU.png,1,0.6848,False
2025-12-23,TOTAL,DAU,608782.3,26-01-DAU.png,1,0.6848,False
2025-12-24,TOTAL,DAU,597138.9,26-01-DAU.png,1,0.6848,False
2025-12-26,TOTAL,DAU,640385.7,26-01-DAU.png,1,0.6848,False
2025-12-27,TOTAL,DAU,675315.8,26-01-DAU.png,1,0.6848,False
2025-12-29,TOTAL,DAU,643712.4,26-01-DAU.png,1,0.6848,False
2025-12-30,TOTAL,DAU,650365.7,26-01-DAU.png,1,0.6848,False
2026-01-01,TOTAL,DAU,681969.2,26-01-DAU.png,1,0.6848,False
2026-01-03,TOTAL,DAU,675315.8,26-01-DAU.png,1,0.6848,True
2026-01-05,TOTAL,DAU,635395.7,26-01-DAU.png,1,0.6848,True
2026-01-06,TOTAL,DAU,630405.7,26-01-DAU.png,1,0.6848,True
2026-01-08,TOTAL,DAU,635395.7,26-01-DAU.png,1,0.6848,True
2026-01-09,TOTAL,DAU,613772.3,26-01-DAU.png,1,0.6848,True
2026-01-11,TOTAL,DAU,602128.9,26-01-DAU.png,1,0.6848,True
2026-01-12,TOTAL,DAU,613772.3,26-01-DAU.png,1,0.6848,True
2026-01-14,TOTAL,DAU,610445.6,26-01-DAU.png,1,0.6848,True
2026-01-15,TOTAL,DAU,612109.0,26-01-DAU.png,1,0.6848,True
2026-01-17,TOTAL,DAU,633732.4,26-01-DAU.png,1,0.6848,True
2026-01-18,TOTAL,DAU,620425.7,26-01-DAU.png,1,0.6848,True
2026-01-19,TOTAL,DAU,617099.0,26-01-DAU.png,1,0.6848,True
2026-01-21,TOTAL,DAU,620425.7,26-01-DAU.png,1,0.6848,True
2026-01-22,TOTAL,DAU,653692.4,26-01-DAU.png,1,0.6848,True
2026-01-24,TOTAL,DAU,655355.7,26-01-DAU.png,1,0.6848,True
2026-01-25,TOTAL,DAU,613772.3,26-01-DAU.png,1,0.6848,True
2023-08-11,TOTAL,DAU,133952.9,26-01-DAU.png,2,0.3761,False
2023-08-14,TOTAL,DAU,134465.7,26-01-DAU.png,2,0.3761,False
2023-08-16,TOTAL,DAU,128502.3,26-01-DAU.png,2,0.3761,False
2023-08-19,TOTAL,DAU,126414.3,26-01-DAU.png,2,0.3761,False
2023-08-22,TOTAL,DAU,127517.8,26-01-DAU.png,2,0.3761,False
2023-08-24,TOTAL,DAU,127558.8,26-01-DAU.png,2,0.3761,False
2023-08-27,TOTAL,DAU,128933.9,26-01-DAU.png,2,0.3761,False
2023-08-30,TOTAL,DAU,131763.6,26-01-DAU.png,2,0.3761,False
2023-09-01,TOTAL,DAU,136635.0,26-01-DAU.png,2,0.3761,False
2023-09-04,TOTAL,DAU,139699.8,26-01-DAU.png,2,0.3761,False
2023-09-07,TOTAL,DAU,140570.8,26-01-DAU.png,2,0.3761,False
2023-09-09,TOTAL,DAU,138667.1,26-01-DAU.png,2,0.3761,False
2023-09-12,TOTAL,DAU,142894.7,26-01-DAU.png,2,0.3761,False
2023-09-15,TOTAL,DAU,149701.1,26-01-DAU.png,2,0.3761,False
2023-09-17,TOTAL,DAU,163007.8,26-01-DAU.png,2,0.3761,False
2023-09-20,TOTAL,DAU,155126.3,26-01-DAU.png,2,0.3761,False
2023-09-23,TOTAL,DAU,162824.8,26-01-DAU.png,2,0.3761,False
2023-09-25,TOTAL,DAU,173359.2,26-01-DAU.png,2,0.3761,False
2023-09-28,TOTAL,DAU,185414.3,26-01-DAU.png,2,0.3761,False
2023-10-01,TOTAL,DAU,182739.5,26-01-DAU.png,2,0.3761,False
2023-10-03,TOTAL,DAU,183717.4,26-01-DAU.png,2,0.3761,False
2023-10-06,TOTAL,DAU,185275.4,26-01-DAU.png,2,0.3761,False
2023-10-09,TOTAL,DAU,185340.1,26-01-DAU.png,2,0.3761,False
2023-10-11,TOTAL,DAU,182262.7,26-01-DAU.png,2,0.3761,False
2023-10-14,TOTAL,DAU,184880.7,26-01-DAU.png,2,0.3761,False
2023-10-17,TOTAL,DAU,189829.3,26-01-DAU.png,2,0.3761,False
2023-10-19,TOTAL,DAU,187979.6,26-01-DAU.png,2,0.3761,False
2023-10-22,TOTAL,DAU,187477.4,26-01-DAU.png,2,0.3761,False
2023-10-25,TOTAL,DAU,184626.0,26-01-DAU.png,2,0.3761,False
2023-10-27,TOTAL,DAU,188331.4,26-01-DAU.png,2,0.3761,False
2023-10-30,TOTAL,DAU,190117.2,26-01-DAU.png,2,0.3761,False
2023-11-02,TOTAL,DAU,184996.7,26-01-DAU.png,2,0.3761,False
2023-11-04,TOTAL,DAU,179385.3,26-01-DAU.png,2,0.3761,False
2023-11-07,TOTAL,DAU,175924.0,26-01-DAU.png,2,0.3761,False
2023-11-10,TOTAL,DAU,171352.2,26-01-DAU.png,2,0.3761,False
2023-11-12,TOTAL,DAU,161468.4,26-01-DAU.png,2,0.3761,False
2023-11-15,TOTAL,DAU,158479.4,26-01-DAU.png,2,0.3761,False
2023-11-18,TOTAL,DAU,161044.5,26-01-DAU.png,2,0.3761,False
2023-11-20,TOTAL,DAU,160155.7,26-01-DAU.png,2,0.3761,False
2023-11-23,TOTAL,DAU,160236.6,26-01-DAU.png,2,0.3761,False
2023-11-25,TOTAL,DAU,161845.6,26-01-DAU.png,2,0.3761,False
2023-11-28,TOTAL,DAU,162693.2,26-01-DAU.png,2,0.3761,False
2023-12-01,TOTAL,DAU,161276.4,26-01-DAU.png,2,0.3761,False
2023-12-03,TOTAL,DAU,178670.1,26-01-DAU.png,2,0.3761,False
2023-12-06,TOTAL,DAU,176376.7,26-01-DAU.png,2,0.3761,False
2023-12-09,TOTAL,DAU,179329.4,26-01-DAU.png,2,0.3761,False
2023-12-11,TOTAL,DAU,174371.6,26-01-DAU.png,2,0.3761,False
2023-12-14,TOTAL,DAU,173445.1,26-01-DAU.png,2,0.3761,False
2023-12-17,TOTAL,DAU,171594.2,26-01-DAU.png,2,0.3761,False
2023-12-19,TOTAL,DAU,167521.9,26-01-DAU.png,2,0.3761,False
2023-12-22,TOTAL,DAU,165543.0,26-01-DAU.png,2,0.3761,False
2023-12-25,TOTAL,DAU,164053.3,26-01-DAU.png,2,0.3761,False
2023-12-27,TOTAL,DAU,164320.5,26-01-DAU.png,2,0.3761,False
2023-12-30,TOTAL,DAU,157137.2,26-01-DAU.png,2,0.3761,False
2024-01-02,TOTAL,DAU,157808.7,26-01-DAU.png,2,0.3761,False
2024-01-04,TOTAL,DAU,167349.2,26-01-DAU.png,2,0.3761,False
2024-01-07,TOTAL,DAU,175626.2,26-01-DAU.png,2,0.3761,False
2024-01-10,TOTAL,DAU,179439.4,26-01-DAU.png,2,0.3761,False
2024-01-12,TOTAL,DAU,179520.7,26-01-DAU.png,2,0.3761,False
2024-01-15,TOTAL,DAU,178394.0,26-01-DAU.png,2,0.3761,False
2024-01-18,TOTAL,DAU,182343.4,26-01-DAU.png,2,0.3761,False
2024-01-20,TOTAL,DAU,179808.1,26-01-DAU.png,2,0.3761,False
2024-01-23,TOTAL,DAU,178090.2,26-01-DAU.png,2,0.3761,False
2024-01-26,TOTAL,DAU,184612.4,26-01-DAU.png,2,0.3761,False
2024-01-28,TOTAL,DAU,190953.3,26-01-DAU.png,2,0.3761,False
2024-01-31,TOTAL,DAU,189519.2,26-01-DAU.png,2,0.3761,False
2024-02-03,TOTAL,DAU,187216.0,26-01-DAU.png,2,0.3761,False
2024-02-05,TOTAL,DAU,185761.6,26-01-DAU.png,2,0.3761,False
2024-02-08,TOTAL,DAU,185300.9,26-01-DAU.png,2,0.3761,False
2024-02-11,TOTAL,DAU,181767.7,26-01-DAU.png,2,0.3761,False
2024-02-13,TOTAL,DAU,181333.0,26-01-DAU.png,2,0.3761,False
2024-02-16,TOTAL,DAU,181356.6,26-01-DAU.png,2,0.3761,False
2024-02-19,TOTAL,DAU,186407.2,26-01-DAU.png,2,0.3761,False
2024-02-21,TOTAL,DAU,181690.5,26-01-DAU.png,2,0.3761,False
2024-02-24,TOTAL,DAU,181553.2,26-01-DAU.png,2,0.3761,False
2024-02-27,TOTAL,DAU,178320.4,26-01-DAU.png,2,0.3761,False
2024-02-29,TOTAL,DAU,181689.0,26-01-DAU.png,2,0.3761,False
2024-03-03,TOTAL,DAU,179302.6,26-01-DAU.png,2,0.3761,False
2024-03-06,TOTAL,DAU,179762.7,26-01-DAU.png,2,0.3761,False
2024-03-08,TOTAL,DAU,181989.0,26-01-DAU.png,2,0.3761,False
2024-03-11,TOTAL,DAU,190488.4,26-01-DAU.png,2,0.3761,False
2024-03-13,TOTAL,DAU,187922.3,26-01-DAU.png,2,0.3761,False
2024-03-16,TOTAL,DAU,187606.9,26-01-DAU.png,2,0.3761,False
2024-03-19,TOTAL,DAU,183088.5,26-01-DAU.png,2,0.3761,False
2024-03-21,TOTAL,DAU,189278.8,26-01-DAU.png,2,0.3761,False
2024-03-24,TOTAL,DAU,189527.8,26-01-DAU.png,2,0.3761,False
2024-03-27,TOTAL,DAU,197365.1,26-01-DAU.png,2,0.3761,False
2024-03-29,TOTAL,DAU,193364.7,26-01-DAU.png,2,0.3761,False
2024-04-01,TOTAL,DAU,214912.9,26-01-DAU.png,2,0.3761,False
2024-04-04,TOTAL,DAU,200148.5,26-01-DAU.png,2,0.3761,False
2024-04-06,TOTAL,DAU,197551.2,26-01-DAU.png,2,0.3761,False
2024-04-09,TOTAL,DAU,197389.1,26-01-DAU.png,2,0.3761,False
2024-04-12,TOTAL,DAU,198348.7,26-01-DAU.png,2,0.3761,False
2024-04-14,TOTAL,DAU,195577.2,26-01-DAU.png,2,0.3761,False
2024-04-17,TOTAL,DAU,197026.8,26-01-DAU.png,2,0.3761,False
2024-04-20,TOTAL,DAU,195268.3,26-01-DAU.png,2,0.3761,False
2024-04-22,TOTAL,DAU,199513.8,26-01-DAU.png,2,0.3761,False
2024-04-25,TOTAL,DAU,195439.7,26-01-DAU.png,2,0.3761,False
2024-04-28,TOTAL,DAU,195185.1,26-01-DAU.png,2,0.3761,False
2024-04-30,TOTAL,DAU,202510.5,26-01-DAU.png,2,0.3761,False
2024-05-03,TOTAL,DAU,203951.7,26-01-DAU.png,2,0.3761,False
2024-05-06,TOTAL,DAU,198718.6,26-01-DAU.png,2,0.3761,False
2024-05-08,TOTAL,DAU,207189.7,26-01-DAU.png,2,0.3761,False
2024-05-11,TOTAL,DAU,215191.1,26-01-DAU.png,2,0.3761,False
2024-05-14,TOTAL,DAU,207341.5,26-01-DAU.png,2,0.3761,False
2024-05-16,TOTAL,DAU,195001.5,26-01-DAU.png,2,0.3761,False
2024-05-19,TOTAL,DAU,192982.5,26-01-DAU.png,2,0.3761,False
2024-05-22,TOTAL,DAU,201279.1,26-01-DAU.png,2,0.3761,False
2024-05-24,TOTAL,DAU,205335.1,26-01-DAU.png,2,0.3761,False
2024-05-27,TOTAL,DAU,211509.4,26-01-DAU.png,2,0.3761,False
2024-05-30,TOTAL,DAU,212404.4,26-01-DAU.png,2,0.3761,False
2024-06-01,TOTAL,DAU,217724.5,26-01-DAU.png,2,0.3761,False
2024-06-04,TOTAL,DAU,249316.0,26-01-DAU.png,2,0.3761,False
2024-06-07,TOTAL,DAU,249313.0,26-01-DAU.png,2,0.3761,False
2024-06-09,TOTAL,DAU,248653.4,26-01-DAU.png,2,0.3761,False
2024-06-12,TOTAL,DAU,247419.9,26-01-DAU.png,2,0.3761,False
2024-06-15,TOTAL,DAU,246237.0,26-01-DAU.png,2,0.3761,False
2024-06-17,TOTAL,DAU,246124.2,26-01-DAU.png,2,0.3761,False
2024-06-20,TOTAL,DAU,246224.1,26-01-DAU.png,2,0.3761,False
2024-06-23,TOTAL,DAU,245310.6,26-01-DAU.png,2,0.3761,False
2024-06-25,TOTAL,DAU,235852.6,26-01-DAU.png,2,0.3761,False
2024-06-28,TOTAL,DAU,238442.6,26-01-DAU.png,2,0.3761,False
2024-07-01,TOTAL,DAU,232868.0,26-01-DAU.png,2,0.3761,False
2024-07-02,TOTAL,DAU,228780.8,26-01-DAU.png,2,0.6848,False
2024-07-03,TOTAL,DAU,221866.1,26-01-DAU.png,2,0.6848,False
2024-07-05,TOTAL,DAU,220227.8,26-01-DAU.png,2,0.6848,False
2024-07-06,TOTAL,DAU,222009.7,26-01-DAU.png,2,0.6848,False
2024-07-08,TOTAL,DAU,217760.0,26-01-DAU.png,2,0.6848,False
2024-07-09,TOTAL,DAU,208624.2,26-01-DAU.png,2,0.6848,False
2024-07-11,TOTAL,DAU,208545.3,26-01-DAU.png,2,0.6848,False
2024-07-12,TOTAL,DAU,223359.8,26-01-DAU.png,2,0.6848,False
2024-07-14,TOTAL,DAU,225064.1,26-01-DAU.png,2,0.6848,False
2024-07-15,TOTAL,DAU,219261.3,26-01-DAU.png,2,0.6848,False
2024-07-17,TOTAL,DAU,225446.1,26-01-DAU.png,2,0.6848,False
2024-07-18,TOTAL,DAU,225928.7,26-01-DAU.png,2,0.6848,False
2024-07-19,TOTAL,DAU,227936.4,26-01-DAU.png,2,0.6848,False
2024-07-21,TOTAL,DAU,216847.9,26-01-DAU.png,2,0.6848,False
2024-07-22,TOTAL,DAU,217659.7,26-01-DAU.png,2,0.6848,False
2024-07-24,TOTAL,DAU,218624.7,26-01-DAU.png,2,0.6848,False
2024-07-25,TOTAL,DAU,234881.3,26-01-DAU.png,2,0.6848,False
2024-07-27,TOTAL,DAU,229483.3,26-01-DAU.png,2,0.6848,False
2024-07-28,TOTAL,DAU,231774.8,26-01-DAU.png,2,0.6848,False
2024-07-30,TOTAL,DAU,232093.8,26-01-DAU.png,2,0.6848,False
2024-07-31,TOTAL,DAU,238350.3,26-01-DAU.png,2,0.6848,False
2024-08-02,TOTAL,DAU,227686.2,26-01-DAU.png,2,0.6848,False
2024-08-03,TOTAL,DAU,224478.6,26-01-DAU.png,2,0.6848,False
2024-08-05,TOTAL,DAU,229557.0,26-01-DAU.png,2,0.6848,False
2024-08-06,TOTAL,DAU,227960.2,26-01-DAU.png,2,0.6848,False
2024-08-07,TOTAL,DAU,230622.5,26-01-DAU.png,2,0.6848,False
2024-08-09,TOTAL,DAU,255330.3,26-01-DAU.png,2,0.6848,False
2024-08-10,TOTAL,DAU,267583.4,26-01-DAU.png,2,0.6848,False
2024-08-12,TOTAL,DAU,252395.8,26-01-DAU.png,2,0.6848,False
2024-08-13,TOTAL,DAU,246937.8,26-01-DAU.png,2,0.6848,False
2024-08-15,TOTAL,DAU,234635.6,26-01-DAU.png,2,0.6848,False
2024-08-16,TOTAL,DAU,234105.0,26-01-DAU.png,2,0.6848,False
2024-08-18,TOTAL,DAU,232801.6,26-01-DAU.png,2,0.6848,False
2024-08-19,TOTAL,DAU,232421.5,26-01-DAU.png,2,0.6848,False
2024-08-21,TOTAL,DAU,236251.3,26-01-DAU.png,2,0.6848,False
2024-08-22,TOTAL,DAU,236848.0,26-01-DAU.png,2,0.6848,False
2024-08-24,TOTAL,DAU,234118.5,26-01-DAU.png,2,0.6848,False
2024-08-25,TOTAL,DAU,234875.3,26-01-DAU.png,2,0.6848,False
2024-08-26,TOTAL,DAU,225669.7,26-01-DAU.png,2,0.6848,False
2024-08-28,TOTAL,DAU,222887.9,26-01-DAU.png,2,0.6848,False
2024-08-29,TOTAL,DAU,223853.9,26-01-DAU.png,2,0.6848,False
2024-08-31,TOTAL,DAU,218330.9,26-01-DAU.png,2,0.6848,False
2024-09-01,TOTAL,DAU,216134.2,26-01-DAU.png,2,0.6848,False
2024-09-03,TOTAL,DAU,218618.2,26-01-DAU.png,2,0.6848,False
2024-09-04,TOTAL,DAU,214725.1,26-01-DAU.png,2,0.6848,False
2024-09-06,TOTAL,DAU,213056.4,26-01-DAU.png,2,0.6848,False
2024-09-07,TOTAL,DAU,215819.5,26-01-DAU.png,2,0.6848,False
2024-09-09,TOTAL,DAU,220755.0,26-01-DAU.png,2,0.6848,False
2024-09-10,TOTAL,DAU,223428.8,26-01-DAU.png,2,0.6848,False
2024-09-12,TOTAL,DAU,218580.3,26-01-DAU.png,2,0.6848,False
2024-09-13,TOTAL,DAU,231871.2,26-01-DAU.png,2,0.6848,False
2024-09-14,TOTAL,DAU,242630.6,26-01-DAU.png,2,0.6848,False
2024-09-16,TOTAL,DAU,239080.9,26-01-DAU.png,2,0.6848,False
2024-09-17,TOTAL,DAU,228399.2,26-01-DAU.png,2,0.6848,False
2024-09-19,TOTAL,DAU,225841.1,26-01-DAU.png,2,0.6848,False
2024-09-20,TOTAL,DAU,226331.3,26-01-DAU.png,2,0.6848,False
2024-09-22,TOTAL,DAU,221886.6,26-01-DAU.png,2,0.6848,False
2024-09-23,TOTAL,DAU,225586.7,26-01-DAU.png,2,0.6848,False
2024-09-25,TOTAL,DAU,230165.7,26-01-DAU.png,2,0.6848,False
2024-09-26,TOTAL,DAU,234516.5,26-01-DAU.png,2,0.6848,False
2024-09-28,TOTAL,DAU,220612.1,26-01-DAU.png,2,0.6848,False
2024-09-29,TOTAL,DAU,218890.3,26-01-DAU.png,2,0.6848,False
2024-10-01,TOTAL,DAU,224215.4,26-01-DAU.png,2,0.6848,False
2024-10-02,TOTAL,DAU,228585.1,26-01-DAU.png,2,0.6848,False
2024-10-03,TOTAL,DAU,224924.0,26-01-DAU.png,2,0.6848,False
2024-10-05,TOTAL,DAU,225590.2,26-01-DAU.png,2,0.6848,False
2024-10-06,TOTAL,DAU,227465.4,26-01-DAU.png,2,0.6848,False
2024-10-08,TOTAL,DAU,229024.2,26-01-DAU.png,2,0.6848,False
2024-10-09,TOTAL,DAU,216761.4,26-01-DAU.png,2,0.6848,False
2024-10-11,TOTAL,DAU,218981.7,26-01-DAU.png,2,0.6848,False
2024-10-12,TOTAL,DAU,225096.8,26-01-DAU.png,2,0.6848,False
2024-10-14,TOTAL,DAU,223943.1,26-01-DAU.png,2,0.6848,False
2024-10-15,TOTAL,DAU,216640.0,26-01-DAU.png,2,0.6848,False
2024-10-17,TOTAL,DAU,228615.5,26-01-DAU.png,2,0.6848,False
2024-10-18,TOTAL,DAU,229007.6,26-01-DAU.png,2,0.6848,False
2024-10-19,TOTAL,DAU,238036.4,26-01-DAU.png,2,0.6848,False
2024-10-21,TOTAL,DAU,233021.7,26-01-DAU.png,2,0.6848,False
2024-10-22,TOTAL,DAU,232277.7,26-01-DAU.png,2,0.6848,False
2024-10-24,TOTAL,DAU,233618.5,26-01-DAU.png,2,0.6848,False
2024-10-25,TOTAL,DAU,228128.7,26-01-DAU.png,2,0.6848,False
2024-10-27,TOTAL,DAU,224901.1,26-01-DAU.png,2,0.6848,False
2024-10-28,TOTAL,DAU,261457.0,26-01-DAU.png,2,0.6848,False
2024-10-30,TOTAL,DAU,250225.5,26-01-DAU.png,2,0.6848,False
2024-10-31,TOTAL,DAU,259797.7,26-01-DAU.png,2,0.6848,False
2024-11-02,TOTAL,DAU,250063.5,26-01-DAU.png,2,0.6848,False
2024-11-03,TOTAL,DAU,250550.7,26-01-DAU.png,2,0.6848,False
2024-11-05,TOTAL,DAU,250546.6,26-01-DAU.png,2,0.6848,False
2024-11-06,TOTAL,DAU,248582.7,26-01-DAU.png,2,0.6848,False
2024-11-07,TOTAL,DAU,244404.6,26-01-DAU.png,2,0.6848,False
2024-11-09,TOTAL,DAU,262055.4,26-01-DAU.png,2,0.6848,False
2024-11-10,TOTAL,DAU,269718.8,26-01-DAU.png,2,0.6848,False
2024-11-12,TOTAL,DAU,265191.2,26-01-DAU.png,2,0.6848,False
2024-11-13,TOTAL,DAU,266096.3,26-01-DAU.png,2,0.6848,False
2024-11-15,TOTAL,DAU,268720.5,26-01-DAU.png,2,0.6848,False
2024-11-16,TOTAL,DAU,280499.4,26-01-DAU.png,2,0.6848,False
2024-11-18,TOTAL,DAU,266498.8,26-01-DAU.png,2,0.6848,False
2024-11-19,TOTAL,DAU,260089.4,26-01-DAU.png,2,0.6848,False
2024-11-21,TOTAL,DAU,306057.1,26-01-DAU.png,2,0.6848,False
2024-11-22,TOTAL,DAU,297079.7,26-01-DAU.png,2,0.6848,False
2024-11-24,TOTAL,DAU,295207.2,26-01-DAU.png,2,0.6848,False
2024-11-25,TOTAL,DAU,282745.5,26-01-DAU.png,2,0.6848,False
2024-11-26,TOTAL,DAU,278130.5,26-01-DAU.png,2,0.6848,False
2024-11-28,TOTAL,DAU,275406.9,26-01-DAU.png,2,0.6848,False
2024-11-29,TOTAL,DAU,281477.9,26-01-DAU.png,2,0.6848,False
2024-12-01,TOTAL,DAU,275052.7,26-01-DAU.png,2,0.6848,False
2024-12-02,TOTAL,DAU,276244.5,26-01-DAU.png,2,0.6848,False
2024-12-04,TOTAL,DAU,276879.6,26-01-DAU.png,2,0.6848,False
2024-12-05,TOTAL,DAU,269608.9,26-01-DAU.png,2,0.6848,False
2024-12-07,TOTAL,DAU,258455.4,26-01-DAU.png,2,0.6848,False
2024-12-08,TOTAL,DAU,259449.3,26-01-DAU.png,2,0.6848,False
2024-12-10,TOTAL,DAU,263349.9,26-01-DAU.png,2,0.6848,False
2024-12-11,TOTAL,DAU,263088.6,26-01-DAU.png,2,0.6848,False
2024-12-13,TOTAL,DAU,267983.6,26-01-DAU.png,2,0.6848,False
2024-12-14,TOTAL,DAU,289188.1,26-01-DAU.png,2,0.6848,False
2024-12-15,TOTAL,DAU,297794.8,26-01-DAU.png,2,0.6848,False
2024-12-17,TOTAL,DAU,280746.9,26-01-DAU.png,2,0.6848,False
2024-12-18,TOTAL,DAU,294684.1,26-01-DAU.png,2,0.6848,False
2024-12-20,TOTAL,DAU,298703.0,26-01-DAU.png,2,0.6848,False
2024-12-21,TOTAL,DAU,313328.7,26-01-DAU.png,2,0.6848,False
2024-12-23,TOTAL,DAU,309180.1,26-01-DAU.png,2,0.6848,False
2024-12-24,TOTAL,DAU,302913.4,26-01-DAU.png,2,0.6848,False
2024-12-26,TOTAL,DAU,311999.2,26-01-DAU.png,2,0.6848,False
2024-12-27,TOTAL,DAU,322760.0,26-01-DAU.png,2,0.6848,False
2024-12-29,TOTAL,DAU,317794.2,26-01-DAU.png,2,0.6848,False
2024-12-30,TOTAL,DAU,316795.1,26-01-DAU.png,2,0.6848,False
2025-01-01,TOTAL,DAU,320267.5,26-01-DAU.png,2,0.6848,False
2025-01-02,TOTAL,DAU,329381.1,26-01-DAU.png,2,0.6961,False
2025-01-03,TOTAL,DAU,327165.6,26-01-DAU.png,2,0.6961,False
2025-01-05,TOTAL,DAU,324613.3,26-01-DAU.png,2,0.6961,False
2025-01-06,TOTAL,DAU,327776.6,26-01-DAU.png,2,0.6961,False
2025-01-08,TOTAL,DAU,335916.0,26-01-DAU.png,2,0.6961,False
2025-01-09,TOTAL,DAU,330200.0,26-01-DAU.png,2,0.6961,False
2025-01-11,TOTAL,DAU,316302.8,26-01-DAU.png,2,0.6961,False
2025-01-12,TOTAL,DAU,321234.8,26-01-DAU.png,2,0.6961,False
2025-01-13,TOTAL,DAU,329989.7,26-01-DAU.png,2,0.6961,False
2025-01-15,TOTAL,DAU,323811.3,26-01-DAU.png,2,0.6961,False
2025-01-16,TOTAL,DAU,335870.4,26-01-DAU.png,2,0.6961,False
2025-01-18,TOTAL,DAU,333956.0,26-01-DAU.png,2,0.6961,False
2025-01-19,TOTAL,DAU,347689.6,26-01-DAU.png,2,0.6961,False
2025-01-21,TOTAL,DAU,338614.1,26-01-DAU.png,2,0.6961,False
2025-01-22,TOTAL,DAU,333385.6,26-01-DAU.png,2,0.6961,False
2025-01-23,TOTAL,DAU,347290.7,26-01-DAU.png,2,0.6961,False
2025-01-25,TOTAL,DAU,362714.3,26-01-DAU.png,2,0.6961,False
2025-01-26,TOTAL,DAU,364455.4,26-01-DAU.png,2,0.6961,False
2025-01-28,TOTAL,DAU,366974.3,26-01-DAU.png,2,0.6961,False
2025-01-29,TOTAL,DAU,374398.3,26-01-DAU.png,2,0.6961,False
2025-01-31,TOTAL,DAU,368909.1,26-01-DAU.png,2,0.6961,False
2025-02-01,TOTAL,DAU,356888.2,26-01-DAU.png,2,0.6961,False
2025-02-03,TOTAL,DAU,347367.3,26-01-DAU.png,2,0.6961,False
2025-02-04,TOTAL,DAU,354188.6,26-01-DAU.png,2,0.6961,False
2025-02-05,TOTAL,DAU,355902.7,26-01-DAU.png,2,0.6961,False
2025-02-07,TOTAL,DAU,355173.6,26-01-DAU.png,2,0.6961,False
2025-02-08,TOTAL,DAU,374719.4,26-01-DAU.png,2,0.6961,False
2025-02-10,TOTAL,DAU,386055.9,26-01-DAU.png,2,0.6961,False
2025-02-11,TOTAL,DAU,385020.6,26-01-DAU.png,2,0.6961,False
2025-02-13,TOTAL,DAU,363494.0,26-01-DAU.png,2,0.6961,False
2025-02-14,TOTAL,DAU,363346.9,26-01-DAU.png,2,0.6961,False
2025-02-15,TOTAL,DAU,363776.5,26-01-DAU.png,2,0.6961,False
2025-02-17,TOTAL,DAU,353761.5,26-01-DAU.png,2,0.6961,False
2025-02-18,TOTAL,DAU,351352.6,26-01-DAU.png,2,0.6961,False
2025-02-20,TOTAL,DAU,359383.4,26-01-DAU.png,2,0.6961,False
2025-02-21,TOTAL,DAU,358491.8,26-01-DAU.png,2,0.6961,False
2025-02-23,TOTAL,DAU,364959.1,26-01-DAU.png,2,0.6961,False
2025-02-24,TOTAL,DAU,367860.6,26-01-DAU.png,2,0.6961,False
2025-02-26,TOTAL,DAU,367369.6,26-01-DAU.png,2,0.6961,False
2025-02-27,TOTAL,DAU,376376.5,26-01-DAU.png,2,0.6961,False
2025-02-28,TOTAL,DAU,354380.8,26-01-DAU.png,2,0.6961,False
2025-03-02,TOTAL,DAU,364820.4,26-01-DAU.png,2,0.6961,False
2025-03-03,TOTAL,DAU,413486.7,26-01-DAU.png,2,0.6961,False
2025-03-05,TOTAL,DAU,412242.2,26-01-DAU.png,2,0.6961,False
2025-03-06,TOTAL,DAU,400210.0,26-01-DAU.png,2,0.6961,False
2025-03-08,TOTAL,DAU,390677.5,26-01-DAU.png,2,0.6961,False
2025-03-09,TOTAL,DAU,384569.8,26-01-DAU.png,2,0.6961,False
2025-03-10,TOTAL,DAU,382580.8,26-01-DAU.png,2,0.6961,False
2025-03-12,TOTAL,DAU,381252.9,26-01-DAU.png,2,0.6961,False
2025-03-13,TOTAL,DAU,384692.0,26-01-DAU.png,2,0.6961,False
2025-03-15,TOTAL,DAU,408164.3,26-01-DAU.png,2,0.6961,False
2025-03-16,TOTAL,DAU,416279.3,26-01-DAU.png,2,0.6961,False
2025-03-18,TOTAL,DAU,400405.2,26-01-DAU.png,2,0.6961,False
2025-03-19,TOTAL,DAU,393691.9,26-01-DAU.png,2,0.6961,False
2025-03-21,TOTAL,DAU,401615.8,26-01-DAU.png,2,0.6961,False
2025-03-22,TOTAL,DAU,399157.0,26-01-DAU.png,2,0.6961,False
2025-03-23,TOTAL,DAU,388057.4,26-01-DAU.png,2,0.6961,False
2025-03-25,TOTAL,DAU,424040.2,26-01-DAU.png,2,0.6961,False
2025-03-26,TOTAL,DAU,434355.9,26-01-DAU.png,2,0.6961,False
2025-03-28,TOTAL,DAU,438449.1,26-01-DAU.png,2,0.6961,False
2025-03-29,TOTAL,DAU,421691.6,26-01-DAU.png,2,0.6961,False
2025-03-31,TOTAL,DAU,411511.5,26-01-DAU.png,2,0.6961,False
2025-04-01,TOTAL,DAU,401380.6,26-01-DAU.png,2,0.6961,False
2025-04-02,TOTAL,DAU,399574.5,26-01-DAU.png,2,0.6961,False
2025-04-04,TOTAL,DAU,390603.5,26-01-DAU.png,2,0.6961,False
2025-04-05,TOTAL,DAU,397172.6,26-01-DAU.png,2,0.6961,False
2025-04-07,TOTAL,DAU,412424.3,26-01-DAU.png,2,0.6961,False
2025-04-08,TOTAL,DAU,424491.8,26-01-DAU.png,2,0.6961,False
2025-04-10,TOTAL,DAU,406822.6,26-01-DAU.png,2,0.6961,False
2025-04-11,TOTAL,DAU,410116.2,26-01-DAU.png,2,0.6961,False
2025-04-12,TOTAL,DAU,451168.0,26-01-DAU.png,2,0.6961,False
2025-04-14,TOTAL,DAU,493737.0,26-01-DAU.png,2,0.6961,False
2025-04-15,TOTAL,DAU,500052.5,26-01-DAU.png,2,0.6961,False
2025-04-17,TOTAL,DAU,497156.5,26-01-DAU.png,2,0.6961,False
2025-04-18,TOTAL,DAU,506522.2,26-01-DAU.png,2,0.6961,False
2025-04-20,TOTAL,DAU,513212.8,26-01-DAU.png,2,0.6961,False
2025-04-21,TOTAL,DAU,509417.8,26-01-DAU.png,2,0.6961,False
2025-04-23,TOTAL,DAU,498141.0,26-01-DAU.png,2,0.6961,False
2025-04-24,TOTAL,DAU,497715.8,26-01-DAU.png,2,0.6961,False
2025-04-25,TOTAL,DAU,496093.4,26-01-DAU.png,2,0.6961,False
2025-04-27,TOTAL,DAU,477678.5,26-01-DAU.png,2,0.6961,False
2025-04-28,TOTAL,DAU,479629.0,26-01-DAU.png,2,0.6961,False
2025-04-30,TOTAL,DAU,483603.5,26-01-DAU.png,2,0.6961,False
2025-05-01,TOTAL,DAU,484882.3,26-01-DAU.png,2,0.6961,False
2025-05-03,TOTAL,DAU,480838.3,26-01-DAU.png,2,0.6961,False
2025-05-04,TOTAL,DAU,457295.6,26-01-DAU.png,2,0.6961,False
2025-05-05,TOTAL,DAU,456235.0,26-01-DAU.png,2,0.6961,False
2025-05-07,TOTAL,DAU,455709.2,26-01-DAU.png,2,0.6961,False
2025-05-08,TOTAL,DAU,455960.5,26-01-DAU.png,2,0.6961,False
2025-05-10,TOTAL,DAU,450974.6,26-01-DAU.png,2,0.6961,False
2025-05-11,TOTAL,DAU,448902.2,26-01-DAU.png,2,0.6961,False
2025-05-13,TOTAL,DAU,438797.9,26-01-DAU.png,2,0.6961,False
2025-05-14,TOTAL,DAU,418999.4,26-01-DAU.png,2,0.6961,False
2025-05-16,TOTAL,DAU,410368.4,26-01-DAU.png,2,0.6961,False
2025-05-17,TOTAL,DAU,423252.3,26-01-DAU.png,2,0.6961,False
2025-05-18,TOTAL,DAU,420146.2,26-01-DAU.png,2,0.6961,False
2025-05-20,TOTAL,DAU,417405.2,26-01-DAU.png,2,0.6961,False
2025-05-21,TOTAL,DAU,406654.1,26-01-DAU.png,2,0.6961,False
2025-05-23,TOTAL,DAU,408929.9,26-01-DAU.png,2,0.6961,False
2025-05-24,TOTAL,DAU,405939.2,26-01-DAU.png,2,0.6961,False
2025-05-26,TOTAL,DAU,384619.3,26-01-DAU.png,2,0.6961,False
2025-05-27,TOTAL,DAU,386648.0,26-01-DAU.png,2,0.6961,False
2025-05-28,TOTAL,DAU,389501.0,26-01-DAU.png,2,0.6961,False
2025-05-30,TOTAL,DAU,382972.2,26-01-DAU.png,2,0.6961,False
2025-05-31,TOTAL,DAU,407204.1,26-01-DAU.png,2,0.6961,False
2025-06-02,TOTAL,DAU,413692.8,26-01-DAU.png,2,0.6961,False
2025-06-03,TOTAL,DAU,442372.0,26-01-DAU.png,2,0.6961,False
2025-06-05,TOTAL,DAU,437885.9,26-01-DAU.png,2,0.6961,False
2025-06-06,TOTAL,DAU,436527.7,26-01-DAU.png,2,0.6961,False
2025-06-08,TOTAL,DAU,439000.3,26-01-DAU.png,2,0.6961,False
2025-06-09,TOTAL,DAU,451022.3,26-01-DAU.png,2,0.6961,False
2025-06-10,TOTAL,DAU,457481.7,26-01-DAU.png,2,0.6961,False
2025-06-12,TOTAL,DAU,499237.4,26-01-DAU.png,2,0.6961,False
2025-06-13,TOTAL,DAU,499622.7,26-01-DAU.png,2,0.6961,False
2025-06-15,TOTAL,DAU,510289.1,26-01-DAU.png,2,0.6961,False
2025-06-16,TOTAL,DAU,508238.3,26-01-DAU.png,2,0.6961,False
2025-06-18,TOTAL,DAU,492984.1,26-01-DAU.png,2,0.6961,False
2025-06-19,TOTAL,DAU,487257.3,26-01-DAU.png,2,0.6961,False
2025-06-20,TOTAL,DAU,486084.7,26-01-DAU.png,2,0.6961,False
2025-06-22,TOTAL,DAU,485256.2,26-01-DAU.png,2,0.6961,False
2025-06-23,TOTAL,DAU,515167.5,26-01-DAU.png,2,0.6961,False
2025-06-25,TOTAL,DAU,524941.7,26-01-DAU.png,2,0.6961,False
2025-06-26,TOTAL,DAU,553044.9,26-01-DAU.png,2,0.6961,False
2025-06-28,TOTAL,DAU,512081.2,26-01-DAU.png,2,0.6961,False
2025-06-29,TOTAL,DAU,514980.9,26-01-DAU.png,2,0.6961,False
2025-07-01,TOTAL,DAU,518027.6,26-01-DAU.png,2,0.6961,False
2025-07-02,TOTAL,DAU,498133.6,26-01-DAU.png,2,0.6848,False
2025-07-03,TOTAL,DAU,489946.0,26-01-DAU.png,2,0.6848,False
2025-07-05,TOTAL,DAU,480660.8,26-01-DAU.png,2,0.6848,False
2025-07-06,TOTAL,DAU,497403.5,26-01-DAU.png,2,0.6848,False
2025-07-08,TOTAL,DAU,517724.8,26-01-DAU.png,2,0.6848,False
2025-07-09,TOTAL,DAU,526891.3,26-01-DAU.png,2,0.6848,False
2025-07-11,TOTAL,DAU,523660.1,26-01-DAU.png,2,0.6848,False
2025-07-12,TOTAL,DAU,526328.9,26-01-DAU.png,2,0.6848,False
2025-07-14,TOTAL,DAU,500960.7,26-01-DAU.png,2,0.6848,False
2025-07-15,TOTAL,DAU,491497.4,26-01-DAU.png,2,0.6848,False
2025-07-17,TOTAL,DAU,484036.5,26-01-DAU.png,2,0.6848,False
2025-07-18,TOTAL,DAU,493548.3,26-01-DAU.png,2,0.6848,False
2025-07-19,TOTAL,DAU,489234.0,26-01-DAU.png,2,0.6848,False
2025-07-21,TOTAL,DAU,483346.2,26-01-DAU.png,2,0.6848,False
2025-07-22,TOTAL,DAU,504358.8,26-01-DAU.png,2,0.6848,False
2025-07-24,TOTAL,DAU,515734.7,26-01-DAU.png,2,0.6848,False
2025-07-25,TOTAL,DAU,486368.6,26-01-DAU.png,2,0.6848,False
2025-07-27,TOTAL,DAU,511097.9,26-01-DAU.png,2,0.6848,False
2025-07-28,TOTAL,DAU,517747.8,26-01-DAU.png,2,0.6848,False
2025-07-30,TOTAL,DAU,535507.7,26-01-DAU.png,2,0.6848,False
2025-07-31,TOTAL,DAU,498281.5,26-01-DAU.png,2,0.6848,False
2025-08-02,TOTAL,DAU,566729.7,26-01-DAU.png,2,0.6848,False
2025-08-07,TOTAL,DAU,571679.8,26-01-DAU.png,2,0.6848,False
2025-08-09,TOTAL,DAU,561802.5,26-01-DAU.png,2,0.6848,False
2025-08-10,TOTAL,DAU,559440.5,26-01-DAU.png,2,0.6848,False
2025-08-12,TOTAL,DAU,554471.5,26-01-DAU.png,2,0.6848,False
2025-08-13,TOTAL,DAU,557156.3,26-01-DAU.png,2,0.6848,False
2025-08-15,TOTAL,DAU,571258.1,26-01-DAU.png,2,0.6848,False
2025-08-16,TOTAL,DAU,572391.7,26-01-DAU.png,2,0.6848,False
2025-08-18,TOTAL,DAU,530368.0,26-01-DAU.png,2,0.6848,False
2025-08-19,TOTAL,DAU,532019.5,26-01-DAU.png,2,0.6848,False
2025-08-21,TOTAL,DAU,551331.7,26-01-DAU.png,2,0.6848,False
2025-08-22,TOTAL,DAU,553265.2,26-01-DAU.png,2,0.6848,False
2025-08-24,TOTAL,DAU,538020.1,26-01-DAU.png,2,0.6848,False
2025-08-26,TOTAL,DAU,588789.6,26-01-DAU.png,2,0.6848,False
2025-08-28,TOTAL,DAU,611888.9,26-01-DAU.png,2,0.6848,False
2025-08-29,TOTAL,DAU,569176.3,26-01-DAU.png,2,0.6848,False
2025-08-31,TOTAL,DAU,571440.3,26-01-DAU.png,2,0.6848,False
2025-09-01,TOTAL,DAU,576616.5,26-01-DAU.png,2,0.6848,False
2025-09-03,TOTAL,DAU,573749.6,26-01-DAU.png,2,0.6848,False
2025-09-04,TOTAL,DAU,571625.5,26-01-DAU.png,2,0.6848,False
2025-09-07,TOTAL,DAU,629337.0,26-01-DAU.png,2,0.6848,False
2025-09-10,TOTAL,DAU,603520.1,26-01-DAU.png,2,0.6848,False
2025-09-12,TOTAL,DAU,584154.0,26-01-DAU.png,2,0.6848,False
2025-09-13,TOTAL,DAU,590307.8,26-01-DAU.png,2,0.6848,False
2025-09-14,TOTAL,DAU,594636.6,26-01-DAU.png,2,0.6848,False
2025-09-16,TOTAL,DAU,578836.2,26-01-DAU.png,2,0.6848,False
2025-09-17,TOTAL,DAU,570963.6,26-01-DAU.png,2,0.6848,False
2025-09-19,TOTAL,DAU,579994.7,26-01-DAU.png,2,0.6848,False
2025-09-20,TOTAL,DAU,588974.4,26-01-DAU.png,2,0.6848,False
2025-09-22,TOTAL,DAU,562881.0,26-01-DAU.png,2,0.6848,False
2025-09-23,TOTAL,DAU,559740.2,26-01-DAU.png,2,0.6848,False
2025-09-25,TOTAL,DAU,590242.6,26-01-DAU.png,2,0.6848,False
2025-09-26,TOTAL,DAU,606767.1,26-01-DAU.png,2,0.6848,False
2025-09-28,TOTAL,DAU,611413.8,26-01-DAU.png,2,0.6848,False
2025-09-29,TOTAL,DAU,693930.3,26-01-DAU.png,2,0.6848,False
2025-10-01,TOTAL,DAU,701737.6,26-01-DAU.png,2,0.6848,False
2025-10-03,TOTAL,DAU,706363.6,26-01-DAU.png,2,0.6848,False
2025-10-11,TOTAL,DAU,734020.1,26-01-DAU.png,2,0.6848,False
2025-10-14,TOTAL,DAU,683649.6,26-01-DAU.png,2,0.6848,False
2025-10-15,TOTAL,DAU,670144.7,26-01-DAU.png,2,0.6848,False
2025-10-17,TOTAL,DAU,651074.1,26-01-DAU.png,2,0.6848,False
2025-10-18,TOTAL,DAU,656896.1,26-01-DAU.png,2,0.6848,False
2025-10-19,TOTAL,DAU,649493.8,26-01-DAU.png,2,0.6848,False
2025-10-21,TOTAL,DAU,641336.1,26-01-DAU.png,2,0.6848,False
2025-10-22,TOTAL,DAU,640805.7,26-01-DAU.png,2,0.6848,False
2025-10-24,TOTAL,DAU,639799.4,26-01-DAU.png,2,0.6848,False
2025-10-25,TOTAL,DAU,626119.8,26-01-DAU.png,2,0.6848,False
2025-10-27,TOTAL,DAU,599102.4,26-01-DAU.png,2,0.6848,False
2025-10-28,TOTAL,DAU,592813.4,26-01-DAU.png,2,0.6848,False
2025-10-30,TOTAL,DAU,608425.2,26-01-DAU.png,2,0.6848,False
2025-10-31,TOTAL,DAU,595164.6,26-01-DAU.png,2,0.6848,False
2025-11-02,TOTAL,DAU,606425.1,26-01-DAU.png,2,0.6848,False
2025-11-03,TOTAL,DAU,633264.8,26-01-DAU.png,2,0.6848,False
2025-11-06,TOTAL,DAU,644741.8,26-01-DAU.png,2,0.6848,False
2025-11-07,TOTAL,DAU,626424.0,26-01-DAU.png,2,0.6848,False
2025-11-09,TOTAL,DAU,629566.5,26-01-DAU.png,2,0.6848,False
2025-11-10,TOTAL,DAU,646013.3,26-01-DAU.png,2,0.6848,False
2025-11-12,TOTAL,DAU,643577.5,26-01-DAU.png,2,0.6848,False
2025-11-13,TOTAL,DAU,620173.4,26-01-DAU.png,2,0.6848,False
2025-11-15,TOTAL,DAU,640078.5,26-01-DAU.png,2,0.6848,False
2025-11-16,TOTAL,DAU,654851.9,26-01-DAU.png,2,0.6848,False
2025-11-18,TOTAL,DAU,625040.6,26-01-DAU.png,2,0.6848,False
2025-11-19,TOTAL,DAU,605574.9,26-01-DAU.png,2,0.6848,False
2025-11-21,TOTAL,DAU,605584.0,26-01-DAU.png,2,0.6848,False
2025-11-22,TOTAL,DAU,609073.4,26-01-DAU.png,2,0.6848,False
2025-11-24,TOTAL,DAU,589736.9,26-01-DAU.png,2,0.6848,False
2025-11-25,TOTAL,DAU,579873.5,26-01-DAU.png,2,0.6848,False
2025-11-26,TOTAL,DAU,589783.3,26-01-DAU.png,2,0.6848,False
2025-11-28,TOTAL,DAU,594044.3,26-01-DAU.png,2,0.6848,False
2025-11-29,TOTAL,DAU,576598.7,26-01-DAU.png,2,0.6848,False
2025-12-01,TOTAL,DAU,559248.7,26-01-DAU.png,2,0.6848,False
2025-12-02,TOTAL,DAU,558515.9,26-01-DAU.png,2,0.6848,False
2025-12-04,TOTAL,DAU,561278.7,26-01-DAU.png,2,0.6848,False
2025-12-05,TOTAL,DAU,548417.6,26-01-DAU.png,2,0.6848,False
2025-12-07,TOTAL,DAU,532166.6,26-01-DAU.png,2,0.6848,False
2025-12-08,TOTAL,DAU,536789.7,26-01-DAU.png,2,0.6848,False
2025-12-10,TOTAL,DAU,543009.8,26-01-DAU.png,2,0.6848,False
2025-12-11,TOTAL,DAU,541195.0,26-01-DAU.png,2,0.6848,False
2025-12-13,TOTAL,DAU,526148.0,26-01-DAU.png,2,0.6848,False
2025-12-14,TOTAL,DAU,532026.7,26-01-DAU.png,2,0.6848,False
2025-12-15,TOTAL,DAU,546399.2,26-01-DAU.png,2,0.6848,False
2025-12-17,TOTAL,DAU,630594.3,26-01-DAU.png,2,0.6848,False
2025-12-20,TOTAL,DAU,662060.9,26-01-DAU.png,2,0.6848,False
2025-12-21,TOTAL,DAU,640524.0,26-01-DAU.png,2,0.6848,False
2025-12-23,TOTAL,DAU,621021.6,26-01-DAU.png,2,0.6848,False
2025-12-24,TOTAL,DAU,682711.4,26-01-DAU.png,2,0.6848,False
2025-12-26,TOTAL,DAU,649886.5,26-01-DAU.png,2,0.6848,False
2025-12-27,TOTAL,DAU,678319.0,26-01-DAU.png,2,0.6848,False
2025-12-29,TOTAL,DAU,644177.2,26-01-DAU.png,2,0.6848,False
2025-12-30,TOTAL,DAU,647650.4,26-01-DAU.png,2,0.6848,False
2026-01-01,TOTAL,DAU,672301.9,26-01-DAU.png,2,0.6848,False
2026-01-03,TOTAL,DAU,677345.9,26-01-DAU.png,2,0.6848,True
2026-01-05,TOTAL,DAU,661528.2,26-01-DAU.png,2,0.6848,True
2026-01-06,TOTAL,DAU,636003.5,26-01-DAU.png,2,0.6848,True
2026-01-08,TOTAL,DAU,606244.4,26-01-DAU.png,2,0.6848,True
2026-01-09,TOTAL,DAU,608928.3,26-01-DAU.png,2,0.6848,True
2026-01-11,TOTAL,DAU,601955.0,26-01-DAU.png,2,0.6848,True
2026-01-12,TOTAL,DAU,618639.5,26-01-DAU.png,2,0.6848,True
2026-01-14,TOTAL,DAU,609830.8,26-01-DAU.png,2,0.6848,True
2026-01-15,TOTAL,DAU,603130.1,26-01-DAU.png,2,0.6848,True
2026-01-17,TOTAL,DAU,602901.8,26-01-DAU.png,2,0.6848,True
2026-01-18,TOTAL,DAU,626674.4,26-01-DAU.png,2,0.6848,True
2026-01-19,TOTAL,DAU,631015.7,26-01-DAU.png,2,0.6848,True
2026-01-21,TOTAL,DAU,614475.3,26-01-DAU.png,2,0.6848,True
2026-01-22,TOTAL,DAU,642346.6,26-01-DAU.png,2,0.6848,True
2026-01-24,TOTAL,DAU,645036.2,26-01-DAU.png,2,0.6848,True
2026-01-25,TOTAL,DAU,626977.5,26-01-DAU.png,2,0.6848,True
