date,platform,metric,value,source_image,extraction_run,px_per_day,extrapolated
2024-07-02,STEAM,MAU,114410.2,26-01-MAU.png,1,0.9264,False
2024-07-03,STEAM,MAU,114410.2,26-01-MAU.png,1,0.9264,False
2024-07-04,STEAM,MAU,119118.2,26-01-MAU.png,1,0.9264,False
2024-07-05,STEAM,MAU,121472.3,26-01-MAU.png,1,0.9264,False
2024-07-06,STEAM,MAU,126180.3,26-01-MAU.png,1,0.9264,False
2024-07-07,STEAM,MAU,128534.4,26-01-MAU.png,1,0.9264,False
2024-07-09,STEAM,MAU,133242.5,26-01-MAU.png,1,0.9264,False
2024-07-10,STEAM,MAU,137950.5,26-01-MAU.png,1,0.9264,False
2024-07-11,STEAM,MAU,142658.6,26-01-MAU.png,1,0.9264,False
2024-07-12,STEAM,MAU,147366.7,26-01-MAU.png,1,0.9264,False
2024-07-13,STEAM,MAU,147366.7,26-01-MAU.png,1,0.9264,False
2024-07-14,STEAM,MAU,152074.7,26-01-MAU.png,1,0.9264,False
2024-07-15,STEAM,MAU,156782.8,26-01-MAU.png,1,0.9264,False
2024-07-16,STEAM,MAU,161490.9,26-01-MAU.png,1,0.9264,False
2024-07-17,STEAM,MAU,163844.9,26-01-MAU.png,1,0.9264,False
2024-07-18,STEAM,MAU,166199.0,26-01-MAU.png,1,0.9264,False
2024-07-19,STEAM,MAU,170907.0,26-01-MAU.png,1,0.9264,False
2024-07-20,STEAM,MAU,173261.1,26-01-MAU.png,1,0.9264,False
2024-07-21,STEAM,MAU,175615.1,26-01-MAU.png,1,0.9264,False
2024-07-23,STEAM,MAU,175615.1,26-01-MAU.png,1,0.9264,False
2024-07-24,STEAM,MAU,175615.1,26-01-MAU.png,1,0.9264,False
2024-07-25,STEAM,MAU,175615.1,26-01-MAU.png,1,0.9264,False
2024-07-26,STEAM,MAU,175615.1,26-01-MAU.png,1,0.9264,False
2024-07-27,STEAM,MAU,175615.1,26-01-MAU.png,1,0.9264,False
2024-07-28,STEAM,MAU,175615.1,26-01-MAU.png,1,0.9264,False
2024-07-29,STEAM,MAU,175615.1,26-01-MAU.png,1,0.9264,False
2024-07-30,STEAM,MAU,175615.1,26-01-MAU.png,1,0.9264,False
2024-07-31,STEAM,MAU,175615.1,26-01-MAU.png,1,0.9264,False
2024-08-01,STEAM,MAU,175615.1,26-01-MAU.png,1,0.9264,False
2024-08-02,STEAM,MAU,175615.1,26-01-MAU.png,1,0.9264,False
2024-08-03,STEAM,MAU,175615.1,26-01-MAU.png,1,0.9264,False
2024-08-05,STEAM,MAU,175615.1,26-01-MAU.png,1,0.9264,False
2024-08-06,STEAM,MAU,175615.1,26-01-MAU.png,1,0.9264,False
2024-08-07,STEAM,MAU,175615.1,26-01-MAU.png,1,0.9264,False
2024-08-08,STEAM,MAU,175615.1,26-01-MAU.png,1,0.9264,False
2024-08-09,STEAM,MAU,175615.1,26-01-MAU.png,1,0.9264,False
2024-08-10,STEAM,MAU,175615.1,26-01-MAU.png,1,0.9264,False
2024-08-11,STEAM,MAU,175615.1,26-01-MAU.png,1,0.9264,False
2024-08-12,STEAM,MAU,175615.1,26-01-MAU.png,1,0.9264,False
2024-08-13,STEAM,MAU,175615.1,26-01-MAU.png,1,0.9264,False
2024-08-14,STEAM,MAU,175615.1,26-01-MAU.png,1,0.9264,False
2024-08-15,STEAM,MAU,175615.1,26-01-MAU.png,1,0.9264,False
2024-08-16,STEAM,MAU,175615.1,26-01-MAU.png,1,0.9264,False
2024-08-17,STEAM,MAU,175615.1,26-01-MAU.png,1,0.9264,False
2024-08-19,STEAM,MAU,175615.1,26-01-MAU.png,1,0.9264,False
2024-08-20,STEAM,MAU,177969.1,26-01-MAU.png,1,0.9264,False
2024-08-21,STEAM,MAU,180323.2,26-01-MAU.png,1,0.9264,False
2024-08-22,STEAM,MAU,180323.2,26-01-MAU.png,1,0.9264,False
2024-08-23,STEAM,MAU,180323.2,26-01-MAU.png,1,0.9264,False
2024-08-24,STEAM,MAU,180323.2,26-01-MAU.png,1,0.9264,False
2024-08-25,STEAM,MAU,180323.2,26-01-MAU.png,1,0.9264,False
2024-08-26,STEAM,MAU,180323.2,26-01-MAU.png,1,0.9264,False
2024-08-27,STEAM,MAU,180323.2,26-01-MAU.png,1,0.9264,False
2024-08-28,STEAM,MAU,180323.2,26-01-MAU.png,1,0.9264,False
2024-08-29,STEAM,MAU,180323.2,26-01-MAU.png,1,0.9264,False
2024-08-30,STEAM,MAU,182677.2,26-01-MAU.png,1,0.9264,False
2024-08-31,STEAM,MAU,182677.2,26-01-MAU.png,1,0.9264,False
2024-09-02,STEAM,MAU,182677.2,26-01-MAU.png,1,0.9264,False
2024-09-03,STEAM,MAU,185031.3,26-01-MAU.png,1,0.9264,False
2024-09-04,STEAM,MAU,185031.3,26-01-MAU.png,1,0.9264,False
2024-09-05,STEAM,MAU,185031.3,26-01-MAU.png,1,0.9264,False
2024-09-06,STEAM,MAU,185031.3,26-01-MAU.png,1,0.9264,False
2024-09-07,STEAM,MAU,185031.3,26-01-MAU.png,1,0.9264,False
2024-09-08,STEAM,MAU,187385.3,26-01-MAU.png,1,0.9264,False
2024-09-09,STEAM,MAU,189739.3,26-01-MAU.png,1,0.9264,False
2024-09-10,STEAM,MAU,189739.3,26-01-MAU.png,1,0.9264,False
2024-09-11,STEAM,MAU,189739.3,26-01-MAU.png,1,0.9264,False
2024-09-12,STEAM,MAU,189739.3,26-01-MAU.png,1,0.9264,False
2024-09-13,STEAM,MAU,189739.3,26-01-MAU.png,1,0.9264,False
2024-09-15,STEAM,MAU,189739.3,26-01-MAU.png,1,0.9264,False
2024-09-16,STEAM,MAU,192093.4,26-01-MAU.png,1,0.9264,False
2024-09-17,STEAM,MAU,192093.4,26-01-MAU.png,1,0.9264,False
2024-09-18,STEAM,MAU,194447.4,26-01-MAU.png,1,0.9264,False
2024-09-19,STEAM,MAU,194447.4,26-01-MAU.png,1,0.9264,False
2024-09-20,STEAM,MAU,196801.4,26-01-MAU.png,1,0.9264,False
2024-09-21,STEAM,MAU,196801.4,26-01-MAU.png,1,0.9264,False
2024-09-22,STEAM,MAU,196801.4,26-01-MAU.png,1,0.9264,False
2024-09-23,STEAM,MAU,199155.5,26-01-MAU.png,1,0.9264,False
2024-09-24,STEAM,MAU,199155.5,26-01-MAU.png,1,0.9264,False
2024-09-25,STEAM,MAU,199155.5,26-01-MAU.png,1,0.9264,False
2024-09-26,STEAM,MAU,199155.5,26-01-MAU.png,1,0.9264,False
2024-09-27,STEAM,MAU,201509.5,26-01-MAU.png,1,0.9264,False
2024-09-29,STEAM,MAU,203863.5,26-01-MAU.png,1,0.9264,False
2024-09-30,STEAM,MAU,203863.5,26-01-MAU.png,1,0.9264,False
2024-10-01,STEAM,MAU,203863.5,26-01-MAU.png,1,0.9264,False
2024-10-02,STEAM,MAU,203863.5,26-01-MAU.png,1,0.9264,False
2024-10-03,STEAM,MAU,208571.6,26-01-MAU.png,1,0.9264,False
2024-10-04,STEAM,MAU,208571.6,26-01-MAU.png,1,0.9264,False
2024-10-05,STEAM,MAU,208571.6,26-01-MAU.png,1,0.9264,False
2024-10-06,STEAM,MAU,208571.6,26-01-MAU.png,1,0.9264,False
2024-10-07,STEAM,MAU,210925.7,26-01-MAU.png,1,0.9264,False
2024-10-08,STEAM,MAU,213279.7,26-01-MAU.png,1,0.9264,False
2024-10-09,STEAM,MAU,213279.7,26-01-MAU.png,1,0.9264,False
2024-10-10,STEAM,MAU,213279.7,26-01-MAU.png,1,0.9264,False
2024-10-12,STEAM,MAU,213279.7,26-01-MAU.png,1,0.9264,False
2024-10-13,STEAM,MAU,215633.7,26-01-MAU.png,1,0.9264,False
2024-10-14,STEAM,MAU,217987.8,26-01-MAU.png,1,0.9264,False
2024-10-15,STEAM,MAU,217987.8,26-01-MAU.png,1,0.9264,False
2024-10-16,STEAM,MAU,217987.8,26-01-MAU.png,1,0.9264,False
2024-10-17,STEAM,MAU,217987.8,26-01-MAU.png,1,0.9264,False
2024-10-18,STEAM,MAU,220341.8,26-01-MAU.png,1,0.9264,False
2024-10-19,STEAM,MAU,220341.8,26-01-MAU.png,1,0.9264,False
2024-10-20,STEAM,MAU,222695.8,26-01-MAU.png,1,0.9264,False
2024-10-21,STEAM,MAU,222695.8,26-01-MAU.png,1,0.9264,False
2024-10-22,STEAM,MAU,222695.8,26-01-MAU.png,1,0.9264,False
2024-10-23,STEAM,MAU,225049.9,26-01-MAU.png,1,0.9264,False
2024-10-24,STEAM,MAU,227403.9,26-01-MAU.png,1,0.9264,False
2024-10-26,STEAM,MAU,227403.9,26-01-MAU.png,1,0.9264,False
2024-10-27,STEAM,MAU,227403.9,26-01-MAU.png,1,0.9264,False
2024-10-28,STEAM,MAU,227403.9,26-01-MAU.png,1,0.9264,False
2024-10-29,STEAM,MAU,227403.9,26-01-MAU.png,1,0.9264,False
2024-10-30,STEAM,MAU,227403.9,26-01-MAU.png,1,0.9264,False
2024-10-31,STEAM,MAU,227403.9,26-01-MAU.png,1,0.9264,False
2024-11-01,STEAM,MAU,229757.9,26-01-MAU.png,1,0.9264,False
2024-11-02,STEAM,MAU,229757.9,26-01-MAU.png,1,0.9264,False
2024-11-03,STEAM,MAU,229757.9,26-01-MAU.png,1,0.9264,False
2024-11-04,STEAM,MAU,229757.9,26-01-MAU.png,1,0.9264,False
2024-11-05,STEAM,MAU,229757.9,26-01-MAU.png,1,0.9264,False
2024-11-06,STEAM,MAU,232112.0,26-01-MAU.png,1,0.9264,False
2024-11-07,STEAM,MAU,232112.0,26-01-MAU.png,1,0.9264,False
2024-11-09,STEAM,MAU,232112.0,26-01-MAU.png,1,0.9264,False
2024-11-10,STEAM,MAU,232112.0,26-01-MAU.png,1,0.9264,False
2024-11-11,STEAM,MAU,232112.0,26-01-MAU.png,1,0.9264,False
2024-11-12,STEAM,MAU,232112.0,26-01-MAU.png,1,0.9264,False
2024-11-13,STEAM,MAU,234466.0,26-01-MAU.png,1,0.9264,False
2024-11-14,STEAM,MAU,234466.0,26-01-MAU.png,1,0.9264,False
2024-11-15,STEAM,MAU,236820.1,26-01-MAU.png,1,0.9264,False
2024-11-16,STEAM,MAU,236820.1,26-01-MAU.png,1,0.9264,False
2024-11-17,STEAM,MAU,236820.1,26-01-MAU.png,1,0.9264,False
2024-11-18,STEAM,MAU,236820.1,26-01-MAU.png,1,0.9264,False
2024-11-19,STEAM,MAU,236820.1,26-01-MAU.png,1,0.9264,False
2024-11-20,STEAM,MAU,236820.1,26-01-MAU.png,1,0.9264,False
2024-11-22,STEAM,MAU,236820.1,26-01-MAU.png,1,0.9264,False
2024-11-23,STEAM,MAU,239174.1,26-01-MAU.png,1,0.9264,False
2024-11-24,STEAM,MAU,239174.1,26-01-MAU.png,1,0.9264,False
2024-11-25,STEAM,MAU,239174.1,26-01-MAU.png,1,0.9264,False
2024-11-26,STEAM,MAU,241528.1,26-01-MAU.png,1,0.9264,False
2024-11-27,STEAM,MAU,241528.1,26-01-MAU.png,1,0.9264,False
2024-11-28,STEAM,MAU,241528.1,26-01-MAU.png,1,0.9264,False
2024-11-29,STEAM,MAU,241528.1,26-01-MAU.png,1,0.9264,False
2024-11-30,STEAM,MAU,241528.1,26-01-MAU.png,1,0.9264,False
2024-12-01,STEAM,MAU,243882.2,26-01-MAU.png,1,0.9264,False
2024-12-02,STEAM,MAU,246236.2,26-01-MAU.png,1,0.9264,False
2024-12-03,STEAM,MAU,246236.2,26-01-MAU.png,1,0.9264,False
2024-12-04,STEAM,MAU,246236.2,26-01-MAU.png,1,0.9264,False
2024-12-06,STEAM,MAU,246236.2,26-01-MAU.png,1,0.9264,False
2024-12-07,STEAM,MAU,248590.2,26-01-MAU.png,1,0.9264,False
2024-12-08,STEAM,MAU,248590.2,26-01-MAU.png,1,0.9264,False
2024-12-09,STEAM,MAU,248590.2,26-01-MAU.png,1,0.9264,False
2024-12-10,STEAM,MAU,250944.3,26-01-MAU.png,1,0.9264,False
2024-12-11,STEAM,MAU,250944.3,26-01-MAU.png,1,0.9264,False
2024-12-12,STEAM,MAU,250944.3,26-01-MAU.png,1,0.9264,False
2024-12-13,STEAM,MAU,250944.3,26-01-MAU.png,1,0.9264,False
2024-12-14,STEAM,MAU,253298.3,26-01-MAU.png,1,0.9264,False
2024-12-15,STEAM,MAU,255652.3,26-01-MAU.png,1,0.9264,False
2024-12-16,STEAM,MAU,255652.3,26-01-MAU.png,1,0.9264,False
2024-12-17,STEAM,MAU,255652.3,26-01-MAU.png,1,0.9264,False
2024-12-19,STEAM,MAU,255652.3,26-01-MAU.png,1,0.9264,False
2024-12-20,STEAM,MAU,255652.3,26-01-MAU.png,1,0.9264,False
2024-12-21,STEAM,MAU,255652.3,26-01-MAU.png,1,0.9264,False
2024-12-22,STEAM,MAU,255652.3,26-01-MAU.png,1,0.9264,False
2024-12-23,STEAM,MAU,255652.3,26-01-MAU.png,1,0.9264,False
2024-12-24,STEAM,MAU,255652.3,26-01-MAU.png,1,0.9264,False
2024-12-25,STEAM,MAU,253298.3,26-01-MAU.png,1,0.9264,False
2024-12-26,STEAM,MAU,253298.3,26-01-MAU.png,1,0.9264,False
2024-12-27,STEAM,MAU,253298.3,26-01-MAU.png,1,0.9264,False
2024-12-28,STEAM,MAU,250944.3,26-01-MAU.png,1,0.9264,False
2024-12-29,STEAM,MAU,250944.3,26-01-MAU.png,1,0.9264,False
2024-12-30,STEAM,MAU,250944.3,26-01-MAU.png,1,0.9264,False
2024-12-31,STEAM,MAU,250944.3,26-01-MAU.png,1,0.9264,False
2025-01-02,STEAM,MAU,250944.3,26-01-MAU.png,1,0.9264,False
2025-01-03,STEAM,MAU,250944.3,26-01-MAU.png,1,0.9264,False
2025-01-04,STEAM,MAU,250944.3,26-01-MAU.png,1,0.9264,False
2025-01-05,STEAM,MAU,250944.3,26-01-MAU.png,1,0.9264,False
2025-01-06,STEAM,MAU,250944.3,26-01-MAU.png,1,0.9264,False
2025-01-07,STEAM,MAU,250944.3,26-01-MAU.png,1,0.9264,False
2025-01-08,STEAM,MAU,250944.3,26-01-MAU.png,1,0.9264,False
2025-01-09,STEAM,MAU,250944.3,26-01-MAU.png,1,0.9264,False
2025-01-10,STEAM,MAU,250944.3,26-01-MAU.png,1,0.9264,False
2025-01-11,STEAM,MAU,250944.3,26-01-MAU.png,1,0.9264,False
2025-01-12,STEAM,MAU,250944.3,26-01-MAU.png,1,0.9264,False
2025-01-13,STEAM,MAU,250944.3,26-01-MAU.png,1,0.9264,False
2025-01-14,STEAM,MAU,250944.3,26-01-MAU.png,1,0.9264,False
2025-01-16,STEAM,MAU,250944.3,26-01-MAU.png,1,0.9264,False
2025-01-17,STEAM,MAU,250944.3,26-01-MAU.png,1,0.9264,False
2025-01-18,STEAM,MAU,250944.3,26-01-MAU.png,1,0.9264,False
2025-01-19,STEAM,MAU,250944.3,26-01-MAU.png,1,0.9264,False
2025-01-20,STEAM,MAU,250944.3,26-01-MAU.png,1,0.9264,False
2025-01-21,STEAM,MAU,250944.3,26-01-MAU.png,1,0.9264,False
2025-01-22,STEAM,MAU,250944.3,26-01-MAU.png,1,0.9264,False
2025-01-23,STEAM,MAU,253298.3,26-01-MAU.png,1,0.9264,False
2025-01-24,STEAM,MAU,255652.3,26-01-MAU.png,1,0.9264,False
2025-01-25,STEAM,MAU,255652.3,26-01-MAU.png,1,0.9264,False
2025-01-26,STEAM,MAU,255652.3,26-01-MAU.png,1,0.9264,False
2025-01-27,STEAM,MAU,255652.3,26-01-MAU.png,1,0.9264,False
2025-01-29,STEAM,MAU,258006.4,26-01-MAU.png,1,0.9264,False
2025-01-30,STEAM,MAU,260360.4,26-01-MAU.png,1,0.9264,False
2025-01-31,STEAM,MAU,262714.5,26-01-MAU.png,1,0.9264,False
2025-02-01,STEAM,MAU,265068.5,26-01-MAU.png,1,0.9264,False
2025-02-02,STEAM,MAU,265068.5,26-01-MAU.png,1,0.9264,False
2025-02-03,STEAM,MAU,267422.5,26-01-MAU.png,1,0.9264,False
2025-02-04,STEAM,MAU,269776.6,26-01-MAU.png,1,0.9264,False
2025-02-05,STEAM,MAU,269776.6,26-01-MAU.png,1,0.9264,False
2025-02-06,STEAM,MAU,272130.6,26-01-MAU.png,1,0.9264,False
2025-02-07,STEAM,MAU,274484.6,26-01-MAU.png,1,0.9264,False
2025-02-08,STEAM,MAU,274484.6,26-01-MAU.png,1,0.9264,False
2025-02-09,STEAM,MAU,274484.6,26-01-MAU.png,1,0.9264,False
2025-02-10,STEAM,MAU,279192.7,26-01-MAU.png,1,0.9264,False
2025-02-12,STEAM,MAU,279192.7,26-01-MAU.png,1,0.9264,False
2025-02-13,STEAM,MAU,283900.8,26-01-MAU.png,1,0.9264,False
2025-02-14,STEAM,MAU,283900.8,26-01-MAU.png,1,0.9264,False
2025-02-15,STEAM,MAU,283900.8,26-01-MAU.png,1,0.9264,False
2025-02-16,STEAM,MAU,288608.9,26-01-MAU.png,1,0.9264,False
2025-02-17,STEAM,MAU,290962.9,26-01-MAU.png,1,0.9264,False
2025-02-18,STEAM,MAU,293316.9,26-01-MAU.png,1,0.9264,False
2025-02-19,STEAM,MAU,293316.9,26-01-MAU.png,1,0.9264,False
2025-02-20,STEAM,MAU,293316.9,26-01-MAU.png,1,0.9264,False
2025-02-21,STEAM,MAU,298025.0,26-01-MAU.png,1,0.9264,False
2025-02-22,STEAM,MAU,300379.0,26-01-MAU.png,1,0.9264,False
2025-02-23,STEAM,MAU,302733.1,26-01-MAU.png,1,0.9264,False
2025-02-25,STEAM,MAU,302733.1,26-01-MAU.png,1,0.9264,False
2025-02-26,STEAM,MAU,307441.1,26-01-MAU.png,1,0.9264,False
2025-02-27,STEAM,MAU,307441.1,26-01-MAU.png,1,0.9264,False
2025-02-28,STEAM,MAU,309795.2,26-01-MAU.png,1,0.9264,False
2025-03-01,STEAM,MAU,312149.2,26-01-MAU.png,1,0.9264,False
2025-03-02,STEAM,MAU,312149.2,26-01-MAU.png,1,0.9264,False
2025-03-03,STEAM,MAU,316857.3,26-01-MAU.png,1,0.9264,False
2025-03-04,STEAM,MAU,316857.3,26-01-MAU.png,1,0.9264,False
2025-03-05,STEAM,MAU,321565.4,26-01-MAU.png,1,0.9264,False
2025-03-06,STEAM,MAU,321565.4,26-01-MAU.png,1,0.9264,False
2025-03-07,STEAM,MAU,321565.4,26-01-MAU.png,1,0.9264,False
2025-03-08,STEAM,MAU,326273.4,26-01-MAU.png,1,0.9264,False
2025-03-09,STEAM,MAU,326273.4,26-01-MAU.png,1,0.9264,False
2025-03-11,STEAM,MAU,330981.5,26-01-MAU.png,1,0.9264,False
2025-03-12,STEAM,MAU,330981.5,26-01-MAU.png,1,0.9264,False
2025-03-13,STEAM,MAU,333335.5,26-01-MAU.png,1,0.9264,False
2025-03-14,STEAM,MAU,335689.6,26-01-MAU.png,1,0.9264,False
2025-03-15,STEAM,MAU,335689.6,26-01-MAU.png,1,0.9264,False
2025-03-16,STEAM,MAU,340397.7,26-01-MAU.png,1,0.9264,False
2025-03-17,STEAM,MAU,340397.7,26-01-MAU.png,1,0.9264,False
2025-03-18,STEAM,MAU,342751.7,26-01-MAU.png,1,0.9264,False
2025-03-19,STEAM,MAU,345105.7,26-01-MAU.png,1,0.9264,False
2025-03-20,STEAM,MAU,345105.7,26-01-MAU.png,1,0.9264,False
2025-03-21,STEAM,MAU,347459.8,26-01-MAU.png,1,0.9264,False
2025-03-22,STEAM,MAU,349813.8,26-01-MAU.png,1,0.9264,False
2025-03-23,STEAM,MAU,349813.8,26-01-MAU.png,1,0.9264,False
2025-03-25,STEAM,MAU,354521.9,26-01-MAU.png,1,0.9264,False
2025-03-26,STEAM,MAU,354521.9,26-01-MAU.png,1,0.9264,False
2025-03-27,STEAM,MAU,356875.9,26-01-MAU.png,1,0.9264,False
2025-03-28,STEAM,MAU,359230.0,26-01-MAU.png,1,0.9264,False
2025-03-29,STEAM,MAU,361584.0,26-01-MAU.png,1,0.9264,False
2025-03-30,STEAM,MAU,363938.0,26-01-MAU.png,1,0.9264,False
2025-03-31,STEAM,MAU,366292.1,26-01-MAU.png,1,0.9264,False
2025-04-01,STEAM,MAU,368646.1,26-01-MAU.png,1,0.9264,False
2025-04-02,STEAM,MAU,368646.1,26-01-MAU.png,1,0.9264,False
2025-04-03,STEAM,MAU,373354.2,26-01-MAU.png,1,0.9264,False
2025-04-04,STEAM,MAU,373354.2,26-01-MAU.png,1,0.9264,False
2025-04-05,STEAM,MAU,375708.2,26-01-MAU.png,1,0.9264,False
2025-04-07,STEAM,MAU,378062.2,26-01-MAU.png,1,0.9264,False
2025-04-08,STEAM,MAU,378062.2,26-01-MAU.png,1,0.9264,False
2025-04-09,STEAM,MAU,382770.3,26-01-MAU.png,1,0.9264,False
2025-04-10,STEAM,MAU,382770.3,26-01-MAU.png,1,0.9264,False
2025-04-11,STEAM,MAU,385124.4,26-01-MAU.png,1,0.9264,False
2025-04-12,STEAM,MAU,385124.4,26-01-MAU.png,1,0.9264,False
2025-04-13,STEAM,MAU,387478.4,26-01-MAU.png,1,0.9264,False
2025-04-14,STEAM,MAU,387478.4,26-01-MAU.png,1,0.9264,False
2025-04-15,STEAM,MAU,387478.4,26-01-MAU.png,1,0.9264,False
2025-04-16,STEAM,MAU,387478.4,26-01-MAU.png,1,0.9264,False
2025-04-17,STEAM,MAU,387478.4,26-01-MAU.png,1,0.9264,False
2025-04-18,STEAM,MAU,389832.4,26-01-MAU.png,1,0.9264,False
2025-04-19,STEAM,MAU,389832.4,26-01-MAU.png,1,0.9264,False
2025-04-21,STEAM,MAU,392186.5,26-01-MAU.png,1,0.9264,False
2025-04-22,STEAM,MAU,392186.5,26-01-MAU.png,1,0.9264,False
2025-04-23,STEAM,MAU,392186.5,26-01-MAU.png,1,0.9264,False
2025-04-24,STEAM,MAU,392186.5,26-01-MAU.png,1,0.9264,False
2025-04-25,STEAM,MAU,392186.5,26-01-MAU.png,1,0.9264,False
2025-04-26,STEAM,MAU,394540.5,26-01-MAU.png,1,0.9264,False
2025-04-27,STEAM,MAU,394540.5,26-01-MAU.png,1,0.9264,False
2025-04-28,STEAM,MAU,394540.5,26-01-MAU.png,1,0.9264,False
2025-04-29,STEAM,MAU,396894.5,26-01-MAU.png,1,0.9264,False
2025-04-30,STEAM,MAU,396894.5,26-01-MAU.png,1,0.9264,False
2025-05-01,STEAM,MAU,399248.6,26-01-MAU.png,1,0.9264,False
2025-05-02,STEAM,MAU,401602.6,26-01-MAU.png,1,0.9264,False
2025-05-04,STEAM,MAU,403956.6,26-01-MAU.png,1,0.9264,False
2025-05-05,STEAM,MAU,406310.7,26-01-MAU.png,1,0.9264,False
2025-05-06,STEAM,MAU,406310.7,26-01-MAU.png,1,0.9264,False
2025-05-07,STEAM,MAU,411018.8,26-01-MAU.png,1,0.9264,False
2025-05-08,STEAM,MAU,411018.8,26-01-MAU.png,1,0.9264,False
2025-05-09,STEAM,MAU,413372.8,26-01-MAU.png,1,0.9264,False
2025-05-10,STEAM,MAU,415726.8,26-01-MAU.png,1,0.9264,False
2025-05-11,STEAM,MAU,415726.8,26-01-MAU.png,1,0.9264,False
2025-05-12,STEAM,MAU,415726.8,26-01-MAU.png,1,0.9264,False
2025-05-13,STEAM,MAU,420434.9,26-01-MAU.png,1,0.9264,False
2025-05-14,STEAM,MAU,422788.9,26-01-MAU.png,1,0.9264,False
2025-05-15,STEAM,MAU,425143.0,26-01-MAU.png,1,0.9264,False
2025-05-16,STEAM,MAU,425143.0,26-01-MAU.png,1,0.9264,False
2025-05-18,STEAM,MAU,429851.0,26-01-MAU.png,1,0.9264,False
2025-05-19,STEAM,MAU,429851.0,26-01-MAU.png,1,0.9264,False
2025-05-20,STEAM,MAU,432205.1,26-01-MAU.png,1,0.9264,False
2025-05-21,STEAM,MAU,434559.1,26-01-MAU.png,1,0.9264,False
2025-05-22,STEAM,MAU,434559.1,26-01-MAU.png,1,0.9264,False
2025-05-23,STEAM,MAU,436913.2,26-01-MAU.png,1,0.9264,False
2025-05-24,STEAM,MAU,439267.2,26-01-MAU.png,1,0.9264,False
2025-05-25,STEAM,MAU,439267.2,26-01-MAU.png,1,0.9264,False
2025-05-26,STEAM,MAU,441621.2,26-01-MAU.png,1,0.9264,False
2025-05-27,STEAM,MAU,441621.2,26-01-MAU.png,1,0.9264,False
2025-05-28,STEAM,MAU,443975.3,26-01-MAU.png,1,0.9264,False
2025-05-29,STEAM,MAU,446329.3,26-01-MAU.png,1,0.9264,False
2025-05-31,STEAM,MAU,448683.3,26-01-MAU.png,1,0.9264,False
2025-06-01,STEAM,MAU,448683.3,26-01-MAU.png,1,0.9264,False
2025-06-02,STEAM,MAU,451037.4,26-01-MAU.png,1,0.9264,False
2025-06-03,STEAM,MAU,453391.4,26-01-MAU.png,1,0.9264,False
2025-06-04,STEAM,MAU,453391.4,26-01-MAU.png,1,0.9264,False
2025-06-05,STEAM,MAU,453391.4,26-01-MAU.png,1,0.9264,False
2025-06-06,STEAM,MAU,458099.5,26-01-MAU.png,1,0.9264,False
2025-06-07,STEAM,MAU,458099.5,26-01-MAU.png,1,0.9264,False
2025-06-08,STEAM,MAU,462807.6,26-01-MAU.png,1,0.9264,False
2025-06-09,STEAM,MAU,465161.6,26-01-MAU.png,1,0.9264,False
2025-06-10,STEAM,MAU,467515.6,26-01-MAU.png,1,0.9264,False
2025-06-11,STEAM,MAU,467515.6,26-01-MAU.png,1,0.9264,False
2025-06-12,STEAM,MAU,472223.7,26-01-MAU.png,1,0.9264,False
2025-06-14,STEAM,MAU,472223.7,26-01-MAU.png,1,0.9264,False
2025-06-15,STEAM,MAU,476931.8,26-01-MAU.png,1,0.9264,False
2025-06-16,STEAM,MAU,479285.8,26-01-MAU.png,1,0.9264,False
2025-06-17,STEAM,MAU,483993.9,26-01-MAU.png,1,0.9264,False
2025-06-18,STEAM,MAU,486347.9,26-01-MAU.png,1,0.9264,False
2025-06-19,STEAM,MAU,486347.9,26-01-MAU.png,1,0.9264,False
2025-06-20,STEAM,MAU,491056.0,26-01-MAU.png,1,0.9264,False
2025-06-21,STEAM,MAU,491056.0,26-01-MAU.png,1,0.9264,False
2025-06-22,STEAM,MAU,495764.1,26-01-MAU.png,1,0.9264,False
2025-06-23,STEAM,MAU,495764.1,26-01-MAU.png,1,0.9264,False
2025-06-24,STEAM,MAU,495764.1,26-01-MAU.png,1,0.9264,False
2025-06-25,STEAM,MAU,495764.1,26-01-MAU.png,1,0.9264,False
2025-06-26,STEAM,MAU,495764.1,26-01-MAU.png,1,0.9264,False
2025-06-28,STEAM,MAU,495764.1,26-01-MAU.png,1,0.9264,False
2025-06-29,STEAM,MAU,495764.1,26-01-MAU.png,1,0.9264,False
2025-06-30,STEAM,MAU,495764.1,26-01-MAU.png,1,0.9264,False
2025-07-01,STEAM,MAU,491056.0,26-01-MAU.png,1,0.9264,False
2025-07-02,STEAM,MAU,491056.0,26-01-MAU.png,1,0.9264,False
2025-07-03,STEAM,MAU,491056.0,26-01-MAU.png,1,0.9264,False
2025-07-04,STEAM,MAU,491056.0,26-01-MAU.png,1,0.9264,False
2025-07-05,STEAM,MAU,491056.0,26-01-MAU.png,1,0.9264,False
2025-07-06,STEAM,MAU,486347.9,26-01-MAU.png,1,0.9264,False
2025-07-07,STEAM,MAU,486347.9,26-01-MAU.png,1,0.9264,False
2025-07-08,STEAM,MAU,486347.9,26-01-MAU.png,1,0.9264,False
2025-07-09,STEAM,MAU,486347.9,26-01-MAU.png,1,0.9264,False
2025-07-11,STEAM,MAU,483993.9,26-01-MAU.png,1,0.9264,False
2025-07-12,STEAM,MAU,481639.8,26-01-MAU.png,1,0.9264,False
2025-07-13,STEAM,MAU,481639.8,26-01-MAU.png,1,0.9264,False
2025-07-14,STEAM,MAU,483993.9,26-01-MAU.png,1,0.9264,False
2025-07-15,STEAM,MAU,486347.9,26-01-MAU.png,1,0.9264,False
2025-07-16,STEAM,MAU,488702.0,26-01-MAU.png,1,0.9264,False
2025-07-17,STEAM,MAU,491056.0,26-01-MAU.png,1,0.9264,False
2025-07-18,STEAM,MAU,495764.1,26-01-MAU.png,1,0.9264,False
2025-07-19,STEAM,MAU,498118.1,26-01-MAU.png,1,0.9264,False
2025-07-20,STEAM,MAU,500472.1,26-01-MAU.png,1,0.9264,False
2025-07-21,STEAM,MAU,502826.2,26-01-MAU.png,1,0.9264,False
2025-07-22,STEAM,MAU,509888.3,26-01-MAU.png,1,0.9264,False
2025-07-23,STEAM,MAU,514596.4,26-01-MAU.png,1,0.9264,False
2025-07-25,STEAM,MAU,514596.4,26-01-MAU.png,1,0.9264,False
2025-07-26,STEAM,MAU,519304.4,26-01-MAU.png,1,0.9264,False
2025-07-27,STEAM,MAU,521658.5,26-01-MAU.png,1,0.9264,False
2025-07-28,STEAM,MAU,524012.5,26-01-MAU.png,1,0.9264,False
2025-07-29,STEAM,MAU,528720.6,26-01-MAU.png,1,0.9264,False
2025-07-30,STEAM,MAU,535782.7,26-01-MAU.png,1,0.9264,False
2025-07-31,STEAM,MAU,538136.7,26-01-MAU.png,1,0.9264,False
2025-08-09,STEAM,MAU,547552.9,26-01-MAU.png,1,0.9264,False
2025-08-10,STEAM,MAU,552260.9,26-01-MAU.png,1,0.9264,False
2025-08-11,STEAM,MAU,556969.0,26-01-MAU.png,1,0.9264,False
2025-08-12,STEAM,MAU,556969.0,26-01-MAU.png,1,0.9264,False
2025-08-13,STEAM,MAU,559323.0,26-01-MAU.png,1,0.9264,False
2025-08-14,STEAM,MAU,561677.1,26-01-MAU.png,1,0.9264,False
2025-08-15,STEAM,MAU,564031.1,26-01-MAU.png,1,0.9264,False
2025-08-16,STEAM,MAU,566385.2,26-01-MAU.png,1,0.9264,False
2025-08-17,STEAM,MAU,566385.2,26-01-MAU.png,1,0.9264,False
2025-08-18,STEAM,MAU,571093.2,26-01-MAU.png,1,0.9264,False
2025-08-19,STEAM,MAU,571093.2,26-01-MAU.png,1,0.9264,False
2025-08-21,STEAM,MAU,575801.3,26-01-MAU.png,1,0.9264,False
2025-08-22,STEAM,MAU,580509.4,26-01-MAU.png,1,0.9264,False
2025-08-23,STEAM,MAU,582863.4,26-01-MAU.png,1,0.9264,False
2025-08-24,STEAM,MAU,587571.5,26-01-MAU.png,1,0.9264,False
2025-08-25,STEAM,MAU,592279.6,26-01-MAU.png,1,0.9264,False
2025-08-26,STEAM,MAU,594633.6,26-01-MAU.png,1,0.9264,False
2025-08-27,STEAM,MAU,599341.7,26-01-MAU.png,1,0.9264,False
2025-08-28,STEAM,MAU,604049.7,26-01-MAU.png,1,0.9264,False
2025-08-29,STEAM,MAU,608757.8,26-01-MAU.png,1,0.9264,False
2025-08-30,STEAM,MAU,613465.9,26-01-MAU.png,1,0.9264,False
2025-08-31,STEAM,MAU,618174.0,26-01-MAU.png,1,0.9264,False
2025-09-01,STEAM,MAU,620528.0,26-01-MAU.png,1,0.9264,False
2025-09-02,STEAM,MAU,627590.1,26-01-MAU.png,1,0.9264,False
2025-09-04,STEAM,MAU,629944.1,26-01-MAU.png,1,0.9264,False
2025-09-05,STEAM,MAU,637006.3,26-01-MAU.png,1,0.9264,False
2025-09-06,STEAM,MAU,639360.3,26-01-MAU.png,1,0.9264,False
2025-09-07,STEAM,MAU,644068.4,26-01-MAU.png,1,0.9264,False
2025-09-08,STEAM,MAU,646422.4,26-01-MAU.png,1,0.9264,False
2025-09-09,STEAM,MAU,644068.4,26-01-MAU.png,1,0.9264,False
2025-09-14,STEAM,MAU,655838.5,26-01-MAU.png,1,0.9264,False
2025-09-15,STEAM,MAU,651130.5,26-01-MAU.png,1,0.9264,False
2025-09-17,STEAM,MAU,655838.5,26-01-MAU.png,1,0.9264,False
2025-09-18,STEAM,MAU,655838.5,26-01-MAU.png,1,0.9264,False
2025-09-19,STEAM,MAU,655838.5,26-01-MAU.png,1,0.9264,False
2025-09-20,STEAM,MAU,655838.5,26-01-MAU.png,1,0.9264,False
2025-09-21,STEAM,MAU,658192.6,26-01-MAU.png,1,0.9264,False
2025-09-22,STEAM,MAU,660546.6,26-01-MAU.png,1,0.9264,False
2025-09-23,STEAM,MAU,660546.6,26-01-MAU.png,1,0.9264,False
2025-09-24,STEAM,MAU,660546.6,26-01-MAU.png,1,0.9264,False
2025-09-25,STEAM,MAU,662900.7,26-01-MAU.png,1,0.9264,False
2025-09-26,STEAM,MAU,662900.7,26-01-MAU.png,1,0.9264,False
2025-09-27,STEAM,MAU,665254.7,26-01-MAU.png,1,0.9264,False
2025-09-28,STEAM,MAU,672316.8,26-01-MAU.png,1,0.9264,False
2025-09-29,STEAM,MAU,674670.8,26-01-MAU.png,1,0.9264,False
2025-10-01,STEAM,MAU,679378.9,26-01-MAU.png,1,0.9264,False
2025-10-02,STEAM,MAU,684087.0,26-01-MAU.png,1,0.9264,False
2025-10-03,STEAM,MAU,688795.1,26-01-MAU.png,1,0.9264,False
2025-10-04,STEAM,MAU,693503.1,26-01-MAU.png,1,0.9264,False
2025-10-05,STEAM,MAU,698211.2,26-01-MAU.png,1,0.9264,False
2025-10-06,STEAM,MAU,702919.3,26-01-MAU.png,1,0.9264,False
2025-10-07,STEAM,MAU,707627.3,26-01-MAU.png,1,0.9264,False
2025-10-08,STEAM,MAU,712335.4,26-01-MAU.png,1,0.9264,False
2025-10-09,STEAM,MAU,717043.5,26-01-MAU.png,1,0.9264,False
2025-10-10,STEAM,MAU,721751.6,26-01-MAU.png,1,0.9264,False
2025-10-11,STEAM,MAU,726459.6,26-01-MAU.png,1,0.9264,False
2025-10-12,STEAM,MAU,728813.7,26-01-MAU.png,1,0.9264,False
2025-10-14,STEAM,MAU,735875.8,26-01-MAU.png,1,0.9264,False
2025-10-15,STEAM,MAU,738229.8,26-01-MAU.png,1,0.9264,False
2025-10-16,STEAM,MAU,740583.9,26-01-MAU.png,1,0.9264,False
2025-10-17,STEAM,MAU,740583.9,26-01-MAU.png,1,0.9264,False
2025-10-18,STEAM,MAU,740583.9,26-01-MAU.png,1,0.9264,False
2025-10-19,STEAM,MAU,740583.9,26-01-MAU.png,1,0.9264,False
2025-10-20,STEAM,MAU,740583.9,26-01-MAU.png,1,0.9264,False
2025-10-21,STEAM,MAU,738229.8,26-01-MAU.png,1,0.9264,False
2025-10-22,STEAM,MAU,738229.8,26-01-MAU.png,1,0.9264,False
2025-10-23,STEAM,MAU,738229.8,26-01-MAU.png,1,0.9264,False
2025-10-24,STEAM,MAU,735875.8,26-01-MAU.png,1,0.9264,False
2025-10-25,STEAM,MAU,735875.8,26-01-MAU.png,1,0.9264,False
2025-10-26,STEAM,MAU,735875.8,26-01-MAU.png,1,0.9264,False
2025-10-28,STEAM,MAU,735875.8,26-01-MAU.png,1,0.9264,False
2025-10-29,STEAM,MAU,731167.7,26-01-MAU.png,1,0.9264,False
2025-10-30,STEAM,MAU,731167.7,26-01-MAU.png,1,0.9264,False
2025-10-31,STEAM,MAU,731167.7,26-01-MAU.png,1,0.9264,False
2025-11-01,STEAM,MAU,731167.7,26-01-MAU.png,1,0.9264,False
2025-11-02,STEAM,MAU,728813.7,26-01-MAU.png,1,0.9264,False
2025-11-03,STEAM,MAU,728813.7,26-01-MAU.png,1,0.9264,False
2025-11-04,STEAM,MAU,728813.7,26-01-MAU.png,1,0.9264,False
2025-11-05,STEAM,MAU,728813.7,26-01-MAU.png,1,0.9264,False
2025-11-06,STEAM,MAU,728813.7,26-01-MAU.png,1,0.9264,False
2025-11-07,STEAM,MAU,731167.7,26-01-MAU.png,1,0.9264,False
2025-11-08,STEAM,MAU,731167.7,26-01-MAU.png,1,0.9264,False
2025-11-09,STEAM,MAU,731167.7,26-01-MAU.png,1,0.9264,False
2025-11-11,STEAM,MAU,731167.7,26-01-MAU.png,1,0.9264,False
2025-11-12,STEAM,MAU,731167.7,26-01-MAU.png,1,0.9264,False
2025-11-13,STEAM,MAU,733521.7,26-01-MAU.png,1,0.9264,False
2025-11-14,STEAM,MAU,735875.8,26-01-MAU.png,1,0.9264,False
2025-11-15,STEAM,MAU,735875.8,26-01-MAU.png,1,0.9264,False
2025-11-16,STEAM,MAU,735875.8,26-01-MAU.png,1,0.9264,False
2025-11-17,STEAM,MAU,735875.8,26-01-MAU.png,1,0.9264,False
2025-11-18,STEAM,MAU,735875.8,26-01-MAU.png,1,0.9264,False
2025-11-19,STEAM,MAU,735875.8,26-01-MAU.png,1,0.9264,False
2025-11-20,STEAM,MAU,738229.8,26-01-MAU.png,1,0.9264,False
2025-11-21,STEAM,MAU,738229.8,26-01-MAU.png,1,0.9264,False
2025-11-22,STEAM,MAU,738229.8,26-01-MAU.png,1,0.9264,False
2025-11-24,STEAM,MAU,738229.8,26-01-MAU.png,1,0.9264,False
2025-11-25,STEAM,MAU,738229.8,26-01-MAU.png,1,0.9264,False
2025-11-26,STEAM,MAU,735875.8,26-01-MAU.png,1,0.9264,False
2025-11-27,STEAM,MAU,735875.8,26-01-MAU.png,1,0.9264,False
2025-11-28,STEAM,MAU,735875.8,26-01-MAU.png,1,0.9264,False
2025-11-29,STEAM,MAU,735875.8,26-01-MAU.png,1,0.9264,False
2025-11-30,STEAM,MAU,733521.7,26-01-MAU.png,1,0.9264,False
2025-12-01,STEAM,MAU,731167.7,26-01-MAU.png,1,0.9264,False
2025-12-02,STEAM,MAU,731167.7,26-01-MAU.png,1,0.9264,False
2025-12-03,STEAM,MAU,728813.7,26-01-MAU.png,1,0.9264,False
2025-12-04,STEAM,MAU,728813.7,26-01-MAU.png,1,0.9264,False
2025-12-05,STEAM,MAU,728813.7,26-01-MAU.png,1,0.9264,False
2025-12-06,STEAM,MAU,726459.6,26-01-MAU.png,1,0.9264,False
2025-12-08,STEAM,MAU,726459.6,26-01-MAU.png,1,0.9264,False
2025-12-09,STEAM,MAU,724105.6,26-01-MAU.png,1,0.9264,False
2025-12-10,STEAM,MAU,721751.6,26-01-MAU.png,1,0.9264,False
2025-12-11,STEAM,MAU,724105.6,26-01-MAU.png,1,0.9264,False
2025-12-12,STEAM,MAU,726459.6,26-01-MAU.png,1,0.9264,False
2025-12-13,STEAM,MAU,731167.7,26-01-MAU.png,1,0.9264,False
2025-12-14,STEAM,MAU,733521.7,26-01-MAU.png,1,0.9264,False
2025-12-15,STEAM,MAU,738229.8,26-01-MAU.png,1,0.9264,False
2025-12-16,STEAM,MAU,745291.9,26-01-MAU.png,1,0.9264,False
2025-12-17,STEAM,MAU,750000.0,26-01-MAU.png,1,0.9264,False
2025-12-18,STEAM,MAU,752354.0,26-01-MAU.png,1,0.9264,False
2025-12-19,STEAM,MAU,759416.1,26-01-MAU.png,1,0.9264,False
2025-12-21,STEAM,MAU,761770.2,26-01-MAU.png,1,0.9264,False
2025-12-22,STEAM,MAU,766478.3,26-01-MAU.png,1,0.9264,False
2025-12-23,STEAM,MAU,771186.3,26-01-MAU.png,1,0.9264,False
2025-12-24,STEAM,MAU,778248.4,26-01-MAU.png,1,0.9264,False
2025-12-25,STEAM,MAU,780602.5,26-01-MAU.png,1,0.9264,False
2025-12-26,STEAM,MAU,787664.6,26-01-MAU.png,1,0.9264,False
2025-12-27,STEAM,MAU,790018.6,26-01-MAU.png,1,0.9264,False
2025-12-28,STEAM,MAU,797080.7,26-01-MAU.png,1,0.9264,False
2025-12-29,STEAM,MAU,799434.8,26-01-MAU.png,1,0.9264,False
2024-07-01,STEAM,MAU,111361.4,26-01-MAU.png,2,0.9264,False
2024-07-02,STEAM,MAU,112506.6,26-01-MAU.png,2,0.9264,False
2024-07-03,STEAM,MAU,111771.1,26-01-MAU.png,2,0.9264,False
2024-07-04,STEAM,MAU,114426.7,26-01-MAU.png,2,0.9264,False
2024-07-05,STEAM,MAU,120048.7,26-01-MAU.png,2,0.9264,False
2024-07-06,STEAM,MAU,126202.1,26-01-MAU.png,2,0.9264,False
2024-07-07,STEAM,MAU,127888.2,26-01-MAU.png,2,0.9264,False
2024-07-09,STEAM,MAU,136584.4,26-01-MAU.png,2,0.9264,False
2024-07-10,STEAM,MAU,132311.0,26-01-MAU.png,2,0.9264,False
2024-07-11,STEAM,MAU,140845.7,26-01-MAU.png,2,0.9264,False
2024-07-12,STEAM,MAU,145388.6,26-01-MAU.png,2,0.9264,False
2024-07-13,STEAM,MAU,147508.2,26-01-MAU.png,2,0.9264,False
2024-07-14,STEAM,MAU,148581.3,26-01-MAU.png,2,0.9264,False
2024-07-15,STEAM,MAU,147734.6,26-01-MAU.png,2,0.9264,False
2024-07-16,STEAM,MAU,148335.8,26-01-MAU.png,2,0.9264,False
2024-07-17,STEAM,MAU,158970.2,26-01-MAU.png,2,0.9264,False
2024-07-18,STEAM,MAU,162792.9,26-01-MAU.png,2,0.9264,False
2024-07-19,STEAM,MAU,171041.6,26-01-MAU.png,2,0.9264,False
2024-07-20,STEAM,MAU,170529.0,26-01-MAU.png,2,0.9264,False
2024-07-21,STEAM,MAU,176437.2,26-01-MAU.png,2,0.9264,False
2024-07-23,STEAM,MAU,177592.9,26-01-MAU.png,2,0.9264,False
2024-07-24,STEAM,MAU,177211.2,26-01-MAU.png,2,0.9264,False
2024-07-25,STEAM,MAU,177115.7,26-01-MAU.png,2,0.9264,False
2024-07-26,STEAM,MAU,177029.1,26-01-MAU.png,2,0.9264,False
2024-07-27,STEAM,MAU,177205.1,26-01-MAU.png,2,0.9264,False
2024-07-28,STEAM,MAU,176327.5,26-01-MAU.png,2,0.9264,False
2024-07-29,STEAM,MAU,176487.1,26-01-MAU.png,2,0.9264,False
2024-07-30,STEAM,MAU,176487.1,26-01-MAU.png,2,0.9264,False
2024-07-31,STEAM,MAU,176487.1,26-01-MAU.png,2,0.9264,False
2024-08-01,STEAM,MAU,176996.5,26-01-MAU.png,2,0.9264,False
2024-08-02,STEAM,MAU,174374.3,26-01-MAU.png,2,0.9264,False
2024-08-03,STEAM,MAU,174374.3,26-01-MAU.png,2,0.9264,False
2024-08-05,STEAM,MAU,176331.2,26-01-MAU.png,2,0.9264,False
2024-08-06,STEAM,MAU,175949.2,26-01-MAU.png,2,0.9264,False
2024-08-07,STEAM,MAU,175144.8,26-01-MAU.png,2,0.9264,False
2024-08-08,STEAM,MAU,175144.8,26-01-MAU.png,2,0.9264,False
2024-08-09,STEAM,MAU,176131.8,26-01-MAU.png,2,0.9264,False
2024-08-10,STEAM,MAU,175948.5,26-01-MAU.png,2,0.9264,False
2024-08-11,STEAM,MAU,176296.9,26-01-MAU.png,2,0.9264,False
2024-08-12,STEAM,MAU,177297.0,26-01-MAU.png,2,0.9264,False
2024-08-13,STEAM,MAU,176936.6,26-01-MAU.png,2,0.9264,False
2024-08-14,STEAM,MAU,175280.3,26-01-MAU.png,2,0.9264,False
2024-08-15,STEAM,MAU,174781.6,26-01-MAU.png,2,0.9264,False
2024-08-16,STEAM,MAU,174898.7,26-01-MAU.png,2,0.9264,False
2024-08-17,STEAM,MAU,174308.7,26-01-MAU.png,2,0.9264,False
2024-08-19,STEAM,MAU,178176.5,26-01-MAU.png,2,0.9264,False
2024-08-20,STEAM,MAU,177051.5,26-01-MAU.png,2,0.9264,False
2024-08-21,STEAM,MAU,180677.9,26-01-MAU.png,2,0.9264,False
2024-08-22,STEAM,MAU,179959.4,26-01-MAU.png,2,0.9264,False
2024-08-23,STEAM,MAU,180997.5,26-01-MAU.png,2,0.9264,False
2024-08-24,STEAM,MAU,179988.1,26-01-MAU.png,2,0.9264,False
2024-08-25,STEAM,MAU,179432.4,26-01-MAU.png,2,0.9264,False
2024-08-26,STEAM,MAU,175836.0,26-01-MAU.png,2,0.9264,False
2024-08-27,STEAM,MAU,178185.7,26-01-MAU.png,2,0.9264,False
2024-08-28,STEAM,MAU,178317.9,26-01-MAU.png,2,0.9264,False
2024-08-29,STEAM,MAU,179460.4,26-01-MAU.png,2,0.9264,False
2024-08-30,STEAM,MAU,179400.5,26-01-MAU.png,2,0.9264,False
2024-08-31,STEAM,MAU,182646.2,26-01-MAU.png,2,0.9264,False
2024-09-02,STEAM,MAU,186970.9,26-01-MAU.png,2,0.9264,False
2024-09-03,STEAM,MAU,185099.2,26-01-MAU.png,2,0.9264,False
2024-09-04,STEAM,MAU,184135.4,26-01-MAU.png,2,0.9264,False
2024-09-05,STEAM,MAU,186475.5,26-01-MAU.png,2,0.9264,False
2024-09-06,STEAM,MAU,188837.9,26-01-MAU.png,2,0.9264,False
2024-09-07,STEAM,MAU,189694.2,26-01-MAU.png,2,0.9264,False
2024-09-08,STEAM,MAU,189089.3,26-01-MAU.png,2,0.9264,False
2024-09-09,STEAM,MAU,189293.2,26-01-MAU.png,2,0.9264,False
2024-09-10,STEAM,MAU,188762.1,26-01-MAU.png,2,0.9264,False
2024-09-11,STEAM,MAU,188392.5,26-01-MAU.png,2,0.9264,False
2024-09-12,STEAM,MAU,188104.2,26-01-MAU.png,2,0.9264,False
2024-09-13,STEAM,MAU,189175.0,26-01-MAU.png,2,0.9264,False
2024-09-15,STEAM,MAU,188375.5,26-01-MAU.png,2,0.9264,False
2024-09-16,STEAM,MAU,189448.4,26-01-MAU.png,2,0.9264,False
2024-09-17,STEAM,MAU,195105.3,26-01-MAU.png,2,0.9264,False
2024-09-18,STEAM,MAU,194883.4,26-01-MAU.png,2,0.9264,False
2024-09-19,STEAM,MAU,196541.5,26-01-MAU.png,2,0.9264,False
2024-09-20,STEAM,MAU,196114.4,26-01-MAU.png,2,0.9264,False
2024-09-21,STEAM,MAU,199048.4,26-01-MAU.png,2,0.9264,False
2024-09-22,STEAM,MAU,198576.8,26-01-MAU.png,2,0.9264,False
2024-09-23,STEAM,MAU,199228.9,26-01-MAU.png,2,0.9264,False
2024-09-24,STEAM,MAU,198847.6,26-01-MAU.png,2,0.9264,False
2024-09-25,STEAM,MAU,198855.4,26-01-MAU.png,2,0.9264,False
2024-09-26,STEAM,MAU,199346.0,26-01-MAU.png,2,0.9264,False
2024-09-27,STEAM,MAU,201324.9,26-01-MAU.png,2,0.9264,False
2024-09-29,STEAM,MAU,204946.5,26-01-MAU.png,2,0.9264,False
2024-09-30,STEAM,MAU,205501.2,26-01-MAU.png,2,0.9264,False
2024-10-01,STEAM,MAU,206160.8,26-01-MAU.png,2,0.9264,False
2024-10-02,STEAM,MAU,208370.8,26-01-MAU.png,2,0.9264,False
2024-10-03,STEAM,MAU,206993.7,26-01-MAU.png,2,0.9264,False
2024-10-04,STEAM,MAU,207602.2,26-01-MAU.png,2,0.9264,False
2024-10-05,STEAM,MAU,208098.1,26-01-MAU.png,2,0.9264,False
2024-10-06,STEAM,MAU,208692.6,26-01-MAU.png,2,0.9264,False
2024-10-07,STEAM,MAU,209400.4,26-01-MAU.png,2,0.9264,False
2024-10-08,STEAM,MAU,211466.9,26-01-MAU.png,2,0.9264,False
2024-10-09,STEAM,MAU,213123.7,26-01-MAU.png,2,0.9264,False
2024-10-10,STEAM,MAU,215011.6,26-01-MAU.png,2,0.9264,False
2024-10-12,STEAM,MAU,215350.6,26-01-MAU.png,2,0.9264,False
2024-10-13,STEAM,MAU,215772.6,26-01-MAU.png,2,0.9264,False
2024-10-14,STEAM,MAU,217966.1,26-01-MAU.png,2,0.9264,False
2024-10-15,STEAM,MAU,219209.3,26-01-MAU.png,2,0.9264,False
2024-10-16,STEAM,MAU,218572.5,26-01-MAU.png,2,0.9264,False
2024-10-17,STEAM,MAU,218264.6,26-01-MAU.png,2,0.9264,False
2024-10-18,STEAM,MAU,217770.4,26-01-MAU.png,2,0.9264,False
2024-10-19,STEAM,MAU,220266.4,26-01-MAU.png,2,0.9264,False
2024-10-20,STEAM,MAU,222909.9,26-01-MAU.png,2,0.9264,False
2024-10-21,STEAM,MAU,222465.8,26-01-MAU.png,2,0.9264,False
2024-10-22,STEAM,MAU,226793.0,26-01-MAU.png,2,0.9264,False
2024-10-23,STEAM,MAU,227044.1,26-01-MAU.png,2,0.9264,False
2024-10-24,STEAM,MAU,227469.8,26-01-MAU.png,2,0.9264,False
2024-10-26,STEAM,MAU,227201.9,26-01-MAU.png,2,0.9264,False
2024-10-27,STEAM,MAU,227345.4,26-01-MAU.png,2,0.9264,False
2024-10-28,STEAM,MAU,227628.3,26-01-MAU.png,2,0.9264,False
2024-10-29,STEAM,MAU,227737.3,26-01-MAU.png,2,0.9264,False
2024-10-30,STEAM,MAU,227520.7,26-01-MAU.png,2,0.9264,False
2024-10-31,STEAM,MAU,227350.6,26-01-MAU.png,2,0.9264,False
2024-11-01,STEAM,MAU,226957.2,26-01-MAU.png,2,0.9264,False
2024-11-02,STEAM,MAU,227122.3,26-01-MAU.png,2,0.9264,False
2024-11-03,STEAM,MAU,228448.6,26-01-MAU.png,2,0.9264,False
2024-11-04,STEAM,MAU,225948.4,26-01-MAU.png,2,0.9264,False
2024-11-05,STEAM,MAU,231325.2,26-01-MAU.png,2,0.9264,False
2024-11-06,STEAM,MAU,235009.2,26-01-MAU.png,2,0.9264,False
2024-11-07,STEAM,MAU,232378.3,26-01-MAU.png,2,0.9264,False
2024-11-09,STEAM,MAU,232769.0,26-01-MAU.png,2,0.9264,False
2024-11-10,STEAM,MAU,232954.6,26-01-MAU.png,2,0.9264,False
2024-11-11,STEAM,MAU,233240.5,26-01-MAU.png,2,0.9264,False
2024-11-12,STEAM,MAU,238463.7,26-01-MAU.png,2,0.9264,False
2024-11-13,STEAM,MAU,238890.8,26-01-MAU.png,2,0.9264,False
2024-11-14,STEAM,MAU,237809.0,26-01-MAU.png,2,0.9264,False
2024-11-15,STEAM,MAU,236871.8,26-01-MAU.png,2,0.9264,False
2024-11-16,STEAM,MAU,235280.7,26-01-MAU.png,2,0.9264,False
2024-11-17,STEAM,MAU,236168.1,26-01-MAU.png,2,0.9264,False
2024-11-18,STEAM,MAU,236271.1,26-01-MAU.png,2,0.9264,False
2024-11-19,STEAM,MAU,235055.4,26-01-MAU.png,2,0.9264,False
2024-11-20,STEAM,MAU,235284.9,26-01-MAU.png,2,0.9264,False
2024-11-22,STEAM,MAU,232433.3,26-01-MAU.png,2,0.9264,False
2024-11-23,STEAM,MAU,233819.0,26-01-MAU.png,2,0.9264,False
2024-11-24,STEAM,MAU,235944.3,26-01-MAU.png,2,0.9264,False
2024-11-25,STEAM,MAU,239104.7,26-01-MAU.png,2,0.9264,False
2024-11-26,STEAM,MAU,238663.6,26-01-MAU.png,2,0.9264,False
2024-11-27,STEAM,MAU,243138.6,26-01-MAU.png,2,0.9264,False
2024-11-28,STEAM,MAU,243078.8,26-01-MAU.png,2,0.9264,False
2024-11-29,STEAM,MAU,244320.6,26-01-MAU.png,2,0.9264,False
2024-11-30,STEAM,MAU,243779.1,26-01-MAU.png,2,0.9264,False
2024-12-01,STEAM,MAU,246897.5,26-01-MAU.png,2,0.9264,False
2024-12-02,STEAM,MAU,246682.6,26-01-MAU.png,2,0.9264,False
2024-12-03,STEAM,MAU,247282.7,26-01-MAU.png,2,0.9264,False
2024-12-04,STEAM,MAU,247721.3,26-01-MAU.png,2,0.9264,False
2024-12-06,STEAM,MAU,246928.2,26-01-MAU.png,2,0.9264,False
2024-12-07,STEAM,MAU,247240.2,26-01-MAU.png,2,0.9264,False
2024-12-08,STEAM,MAU,246726.4,26-01-MAU.png,2,0.9264,False
2024-12-09,STEAM,MAU,249896.2,26-01-MAU.png,2,0.9264,False
2024-12-10,STEAM,MAU,249778.5,26-01-MAU.png,2,0.9264,False
2024-12-11,STEAM,MAU,252265.5,26-01-MAU.png,2,0.9264,False
2024-12-12,STEAM,MAU,254042.6,26-01-MAU.png,2,0.9264,False
2024-12-13,STEAM,MAU,253208.7,26-01-MAU.png,2,0.9264,False
2024-12-14,STEAM,MAU,256433.6,26-01-MAU.png,2,0.9264,False
2024-12-15,STEAM,MAU,256548.2,26-01-MAU.png,2,0.9264,False
2024-12-16,STEAM,MAU,256677.4,26-01-MAU.png,2,0.9264,False
2024-12-17,STEAM,MAU,257009.5,26-01-MAU.png,2,0.9264,False
2024-12-19,STEAM,MAU,257009.5,26-01-MAU.png,2,0.9264,False
2024-12-20,STEAM,MAU,257484.5,26-01-MAU.png,2,0.9264,False
2024-12-21,STEAM,MAU,255222.0,26-01-MAU.png,2,0.9264,False
2024-12-22,STEAM,MAU,255671.2,26-01-MAU.png,2,0.9264,False
2024-12-23,STEAM,MAU,255639.9,26-01-MAU.png,2,0.9264,False
2024-12-24,STEAM,MAU,255858.0,26-01-MAU.png,2,0.9264,False
2024-12-25,STEAM,MAU,256827.9,26-01-MAU.png,2,0.9264,False
2024-12-26,STEAM,MAU,256551.1,26-01-MAU.png,2,0.9264,False
2024-12-27,STEAM,MAU,256796.5,26-01-MAU.png,2,0.9264,False
2024-12-28,STEAM,MAU,255161.7,26-01-MAU.png,2,0.9264,False
2024-12-29,STEAM,MAU,253042.9,26-01-MAU.png,2,0.9264,False
2024-12-30,STEAM,MAU,253158.3,26-01-MAU.png,2,0.9264,False
2024-12-31,STEAM,MAU,252931.9,26-01-MAU.png,2,0.9264,False
2025-01-02,STEAM,MAU,252912.7,26-01-MAU.png,2,0.9264,False
2025-01-03,STEAM,MAU,253822.4,26-01-MAU.png,2,0.9264,False
2025-01-04,STEAM,MAU,251199.3,26-01-MAU.png,2,0.9264,False
2025-01-05,STEAM,MAU,251446.6,26-01-MAU.png,2,0.9264,False
2025-01-06,STEAM,MAU,251145.5,26-01-MAU.png,2,0.9264,False
2025-01-07,STEAM,MAU,251131.4,26-01-MAU.png,2,0.9264,False
2025-01-08,STEAM,MAU,251508.3,26-01-MAU.png,2,0.9264,False
2025-01-09,STEAM,MAU,252054.1,26-01-MAU.png,2,0.9264,False
2025-01-10,STEAM,MAU,252054.1,26-01-MAU.png,2,0.9264,False
2025-01-11,STEAM,MAU,252054.1,26-01-MAU.png,2,0.9264,False
2025-01-12,STEAM,MAU,251243.6,26-01-MAU.png,2,0.9264,False
2025-01-13,STEAM,MAU,252065.6,26-01-MAU.png,2,0.9264,False
2025-01-14,STEAM,MAU,252065.6,26-01-MAU.png,2,0.9264,False
2025-01-16,STEAM,MAU,253194.6,26-01-MAU.png,2,0.9264,False
2025-01-17,STEAM,MAU,253121.9,26-01-MAU.png,2,0.9264,False
2025-01-18,STEAM,MAU,254329.2,26-01-MAU.png,2,0.9264,False
2025-01-19,STEAM,MAU,254330.7,26-01-MAU.png,2,0.9264,False
2025-01-20,STEAM,MAU,256645.1,26-01-MAU.png,2,0.9264,False
2025-01-21,STEAM,MAU,256287.7,26-01-MAU.png,2,0.9264,False
2025-01-22,STEAM,MAU,255833.5,26-01-MAU.png,2,0.9264,False
2025-01-23,STEAM,MAU,256491.4,26-01-MAU.png,2,0.9264,False
2025-01-24,STEAM,MAU,253368.3,26-01-MAU.png,2,0.9264,False
2025-01-25,STEAM,MAU,253039.2,26-01-MAU.png,2,0.9264,False
2025-01-26,STEAM,MAU,252929.6,26-01-MAU.png,2,0.9264,False
2025-01-27,STEAM,MAU,256355.4,26-01-MAU.png,2,0.9264,False
2025-01-29,STEAM,MAU,257478.9,26-01-MAU.png,2,0.9264,False
2025-01-30,STEAM,MAU,259029.5,26-01-MAU.png,2,0.9264,False
2025-01-31,STEAM,MAU,260437.2,26-01-MAU.png,2,0.9264,False
2025-02-01,STEAM,MAU,264135.7,26-01-MAU.png,2,0.9264,False
2025-02-02,STEAM,MAU,264017.3,26-01-MAU.png,2,0.9264,False
2025-02-03,STEAM,MAU,263730.8,26-01-MAU.png,2,0.9264,False
2025-02-04,STEAM,MAU,267015.0,26-01-MAU.png,2,0.9264,False
2025-02-05,STEAM,MAU,268677.4,26-01-MAU.png,2,0.9264,False
2025-02-06,STEAM,MAU,271666.6,26-01-MAU.png,2,0.9264,False
2025-02-07,STEAM,MAU,273163.1,26-01-MAU.png,2,0.9264,False
2025-02-08,STEAM,MAU,273310.5,26-01-MAU.png,2,0.9264,False
2025-02-09,STEAM,MAU,273067.0,26-01-MAU.png,2,0.9264,False
2025-02-10,STEAM,MAU,276670.9,26-01-MAU.png,2,0.9264,False
2025-02-12,STEAM,MAU,283420.8,26-01-MAU.png,2,0.9264,False
2025-02-13,STEAM,MAU,281349.9,26-01-MAU.png,2,0.9264,False
2025-02-14,STEAM,MAU,283609.4,26-01-MAU.png,2,0.9264,False
2025-02-15,STEAM,MAU,282787.3,26-01-MAU.png,2,0.9264,False
2025-02-16,STEAM,MAU,284737.6,26-01-MAU.png,2,0.9264,False
2025-02-17,STEAM,MAU,290702.9,26-01-MAU.png,2,0.9264,False
2025-02-18,STEAM,MAU,291929.9,26-01-MAU.png,2,0.9264,False
2025-02-19,STEAM,MAU,292561.2,26-01-MAU.png,2,0.9264,False
2025-02-20,STEAM,MAU,291060.1,26-01-MAU.png,2,0.9264,False
2025-02-21,STEAM,MAU,295360.7,26-01-MAU.png,2,0.9264,False
2025-02-22,STEAM,MAU,302012.4,26-01-MAU.png,2,0.9264,False
2025-02-23,STEAM,MAU,301815.8,26-01-MAU.png,2,0.9264,False
2025-02-25,STEAM,MAU,300846.8,26-01-MAU.png,2,0.9264,False
2025-02-26,STEAM,MAU,302973.7,26-01-MAU.png,2,0.9264,False
2025-02-27,STEAM,MAU,306325.7,26-01-MAU.png,2,0.9264,False
2025-02-28,STEAM,MAU,308910.8,26-01-MAU.png,2,0.9264,False
2025-03-01,STEAM,MAU,309659.9,26-01-MAU.png,2,0.9264,False
2025-03-02,STEAM,MAU,310456.5,26-01-MAU.png,2,0.9264,False
2025-03-03,STEAM,MAU,310926.7,26-01-MAU.png,2,0.9264,False
2025-03-04,STEAM,MAU,320033.8,26-01-MAU.png,2,0.9264,False
2025-03-05,STEAM,MAU,329059.1,26-01-MAU.png,2,0.9264,False
2025-03-06,STEAM,MAU,319951.5,26-01-MAU.png,2,0.9264,False
2025-03-07,STEAM,MAU,320755.9,26-01-MAU.png,2,0.9264,False
2025-03-08,STEAM,MAU,322090.2,26-01-MAU.png,2,0.9264,False
2025-03-09,STEAM,MAU,327849.2,26-01-MAU.png,2,0.9264,False
2025-03-11,STEAM,MAU,327548.1,26-01-MAU.png,2,0.9264,False
2025-03-12,STEAM,MAU,328385.6,26-01-MAU.png,2,0.9264,False
2025-03-13,STEAM,MAU,329360.7,26-01-MAU.png,2,0.9264,False
2025-03-14,STEAM,MAU,332857.5,26-01-MAU.png,2,0.9264,False
2025-03-15,STEAM,MAU,335852.8,26-01-MAU.png,2,0.9264,False
2025-03-16,STEAM,MAU,334405.0,26-01-MAU.png,2,0.9264,False
2025-03-17,STEAM,MAU,336256.6,26-01-MAU.png,2,0.9264,False
2025-03-18,STEAM,MAU,339458.6,26-01-MAU.png,2,0.9264,False
2025-03-19,STEAM,MAU,347680.3,26-01-MAU.png,2,0.9264,False
2025-03-20,STEAM,MAU,349467.4,26-01-MAU.png,2,0.9264,False
2025-03-21,STEAM,MAU,350921.2,26-01-MAU.png,2,0.9264,False
2025-03-22,STEAM,MAU,351007.8,26-01-MAU.png,2,0.9264,False
2025-03-23,STEAM,MAU,353631.0,26-01-MAU.png,2,0.9264,False
2025-03-25,STEAM,MAU,355822.6,26-01-MAU.png,2,0.9264,False
2025-03-26,STEAM,MAU,356216.1,26-01-MAU.png,2,0.9264,False
2025-03-27,STEAM,MAU,361017.9,26-01-MAU.png,2,0.9264,False
2025-03-28,STEAM,MAU,360108.0,26-01-MAU.png,2,0.9264,False
2025-03-29,STEAM,MAU,360723.7,26-01-MAU.png,2,0.9264,False
2025-03-30,STEAM,MAU,363208.3,26-01-MAU.png,2,0.9264,False
2025-03-31,STEAM,MAU,357078.1,26-01-MAU.png,2,0.9264,False
2025-04-01,STEAM,MAU,375415.7,26-01-MAU.png,2,0.9264,False
2025-04-02,STEAM,MAU,360479.5,26-01-MAU.png,2,0.9264,False
2025-04-03,STEAM,MAU,361932.7,26-01-MAU.png,2,0.9264,False
2025-04-04,STEAM,MAU,371641.2,26-01-MAU.png,2,0.9264,False
2025-04-05,STEAM,MAU,376710.5,26-01-MAU.png,2,0.9264,False
2025-04-07,STEAM,MAU,377542.2,26-01-MAU.png,2,0.9264,False
2025-04-08,STEAM,MAU,378420.3,26-01-MAU.png,2,0.9264,False
2025-04-09,STEAM,MAU,381344.5,26-01-MAU.png,2,0.9264,False
2025-04-10,STEAM,MAU,379988.3,26-01-MAU.png,2,0.9264,False
2025-04-11,STEAM,MAU,380494.7,26-01-MAU.png,2,0.9264,False
2025-04-12,STEAM,MAU,385520.2,26-01-MAU.png,2,0.9264,False
2025-04-13,STEAM,MAU,386160.1,26-01-MAU.png,2,0.9264,False
2025-04-14,STEAM,MAU,385952.4,26-01-MAU.png,2,0.9264,False
2025-04-15,STEAM,MAU,386408.7,26-01-MAU.png,2,0.9264,False
2025-04-16,STEAM,MAU,385701.9,26-01-MAU.png,2,0.9264,False
2025-04-17,STEAM,MAU,386780.0,26-01-MAU.png,2,0.9264,False
2025-04-18,STEAM,MAU,387379.3,26-01-MAU.png,2,0.9264,False
2025-04-19,STEAM,MAU,393440.5,26-01-MAU.png,2,0.9264,False
2025-04-21,STEAM,MAU,393431.7,26-01-MAU.png,2,0.9264,False
2025-04-22,STEAM,MAU,391659.7,26-01-MAU.png,2,0.9264,False
2025-04-23,STEAM,MAU,391744.5,26-01-MAU.png,2,0.9264,False
2025-04-24,STEAM,MAU,390674.8,26-01-MAU.png,2,0.9264,False
2025-04-25,STEAM,MAU,390579.9,26-01-MAU.png,2,0.9264,False
2025-04-26,STEAM,MAU,394189.3,26-01-MAU.png,2,0.9264,False
2025-04-27,STEAM,MAU,396333.5,26-01-MAU.png,2,0.9264,False
2025-04-28,STEAM,MAU,396910.9,26-01-MAU.png,2,0.9264,False
2025-04-29,STEAM,MAU,395603.8,26-01-MAU.png,2,0.9264,False
2025-04-30,STEAM,MAU,396596.9,26-01-MAU.png,2,0.9264,False
2025-05-01,STEAM,MAU,398369.1,26-01-MAU.png,2,0.9264,False
2025-05-02,STEAM,MAU,400839.7,26-01-MAU.png,2,0.9264,False
2025-05-04,STEAM,MAU,397237.6,26-01-MAU.png,2,0.9264,False
2025-05-05,STEAM,MAU,408180.8,26-01-MAU.png,2,0.9264,False
2025-05-06,STEAM,MAU,405593.3,26-01-MAU.png,2,0.9264,False
2025-05-07,STEAM,MAU,398904.7,26-01-MAU.png,2,0.9264,False
2025-05-08,STEAM,MAU,402530.9,26-01-MAU.png,2,0.9264,False
2025-05-09,STEAM,MAU,410258.3,26-01-MAU.png,2,0.9264,False
2025-05-10,STEAM,MAU,412034.6,26-01-MAU.png,2,0.9264,False
2025-05-11,STEAM,MAU,413090.2,26-01-MAU.png,2,0.9264,False
2025-05-12,STEAM,MAU,415252.0,26-01-MAU.png,2,0.9264,False
2025-05-13,STEAM,MAU,421339.9,26-01-MAU.png,2,0.9264,False
2025-05-14,STEAM,MAU,424651.9,26-01-MAU.png,2,0.9264,False
2025-05-15,STEAM,MAU,426264.5,26-01-MAU.png,2,0.9264,False
2025-05-16,STEAM,MAU,424179.3,26-01-MAU.png,2,0.9264,False
2025-05-18,STEAM,MAU,430168.1,26-01-MAU.png,2,0.9264,False
2025-05-19,STEAM,MAU,430494.5,26-01-MAU.png,2,0.9264,False
2025-05-20,STEAM,MAU,432519.3,26-01-MAU.png,2,0.9264,False
2025-05-21,STEAM,MAU,431528.3,26-01-MAU.png,2,0.9264,False
2025-05-22,STEAM,MAU,432442.9,26-01-MAU.png,2,0.9264,False
2025-05-23,STEAM,MAU,436468.6,26-01-MAU.png,2,0.9264,False
2025-05-24,STEAM,MAU,435988.1,26-01-MAU.png,2,0.9264,False
2025-05-25,STEAM,MAU,438756.6,26-01-MAU.png,2,0.9264,False
2025-05-26,STEAM,MAU,438223.6,26-01-MAU.png,2,0.9264,False
2025-05-27,STEAM,MAU,441760.7,26-01-MAU.png,2,0.9264,False
2025-05-28,STEAM,MAU,442422.6,26-01-MAU.png,2,0.9264,False
2025-05-29,STEAM,MAU,444208.6,26-01-MAU.png,2,0.9264,False
2025-05-31,STEAM,MAU,447197.9,26-01-MAU.png,2,0.9264,False
2025-06-01,STEAM,MAU,447159.3,26-01-MAU.png,2,0.9264,False
2025-06-02,STEAM,MAU,447669.2,26-01-MAU.png,2,0.9264,False
2025-06-03,STEAM,MAU,450645.8,26-01-MAU.png,2,0.9264,False
2025-06-04,STEAM,MAU,456842.7,26-01-MAU.png,2,0.9264,False
2025-06-05,STEAM,MAU,458039.4,26-01-MAU.png,2,0.9264,False
2025-06-06,STEAM,MAU,457876.9,26-01-MAU.png,2,0.9264,False
2025-06-07,STEAM,MAU,458741.1,26-01-MAU.png,2,0.9264,False
2025-06-08,STEAM,MAU,464747.3,26-01-MAU.png,2,0.9264,False
2025-06-09,STEAM,MAU,463303.8,26-01-MAU.png,2,0.9264,False
2025-06-10,STEAM,MAU,464935.5,26-01-MAU.png,2,0.9264,False
2025-06-11,STEAM,MAU,464801.4,26-01-MAU.png,2,0.9264,False
2025-06-12,STEAM,MAU,469411.0,26-01-MAU.png,2,0.9264,False
2025-06-14,STEAM,MAU,470459.3,26-01-MAU.png,2,0.9264,False
2025-06-15,STEAM,MAU,474511.8,26-01-MAU.png,2,0.9264,False
2025-06-16,STEAM,MAU,474544.1,26-01-MAU.png,2,0.9264,False
2025-06-17,STEAM,MAU,478523.8,26-01-MAU.png,2,0.9264,False
2025-06-18,STEAM,MAU,480822.9,26-01-MAU.png,2,0.9264,False
2025-06-19,STEAM,MAU,482593.0,26-01-MAU.png,2,0.9264,False
2025-06-20,STEAM,MAU,485078.6,26-01-MAU.png,2,0.9264,False
2025-06-21,STEAM,MAU,490520.8,26-01-MAU.png,2,0.9264,False
2025-06-22,STEAM,MAU,492955.5,26-01-MAU.png,2,0.9264,False
2025-06-23,STEAM,MAU,494230.7,26-01-MAU.png,2,0.9264,False
2025-06-24,STEAM,MAU,494914.7,26-01-MAU.png,2,0.9264,False
2025-06-25,STEAM,MAU,494956.1,26-01-MAU.png,2,0.9264,False
2025-06-26,STEAM,MAU,495525.8,26-01-MAU.png,2,0.9264,False
2025-06-28,STEAM,MAU,498411.6,26-01-MAU.png,2,0.9264,False
2025-06-29,STEAM,MAU,500906.4,26-01-MAU.png,2,0.9264,False
2025-06-30,STEAM,MAU,501027.7,26-01-MAU.png,2,0.9264,False
2025-07-01,STEAM,MAU,501103.7,26-01-MAU.png,2,0.9264,False
2025-07-02,STEAM,MAU,492175.4,26-01-MAU.png,2,0.9264,False
2025-07-03,STEAM,MAU,488864.2,26-01-MAU.png,2,0.9264,False
2025-07-04,STEAM,MAU,482129.8,26-01-MAU.png,2,0.9264,False
2025-07-05,STEAM,MAU,482056.8,26-01-MAU.png,2,0.9264,False
2025-07-06,STEAM,MAU,481139.5,26-01-MAU.png,2,0.9264,False
2025-07-07,STEAM,MAU,480695.9,26-01-MAU.png,2,0.9264,False
2025-07-08,STEAM,MAU,479972.8,26-01-MAU.png,2,0.9264,False
2025-07-09,STEAM,MAU,480659.9,26-01-MAU.png,2,0.9264,False
2025-07-11,STEAM,MAU,479846.1,26-01-MAU.png,2,0.9264,False
2025-07-12,STEAM,MAU,480245.3,26-01-MAU.png,2,0.9264,False
2025-07-13,STEAM,MAU,476394.2,26-01-MAU.png,2,0.9264,False
2025-07-14,STEAM,MAU,477597.8,26-01-MAU.png,2,0.9264,False
2025-07-15,STEAM,MAU,479257.6,26-01-MAU.png,2,0.9264,False
2025-07-16,STEAM,MAU,483370.3,26-01-MAU.png,2,0.9264,False
2025-07-17,STEAM,MAU,487457.4,26-01-MAU.png,2,0.9264,False
2025-07-18,STEAM,MAU,492604.2,26-01-MAU.png,2,0.9264,False
2025-07-19,STEAM,MAU,494591.2,26-01-MAU.png,2,0.9264,False
2025-07-20,STEAM,MAU,498218.7,26-01-MAU.png,2,0.9264,False
2025-07-21,STEAM,MAU,504096.3,26-01-MAU.png,2,0.9264,False
2025-07-22,STEAM,MAU,511069.3,26-01-MAU.png,2,0.9264,False
2025-07-23,STEAM,MAU,515522.6,26-01-MAU.png,2,0.9264,False
2025-07-25,STEAM,MAU,514501.0,26-01-MAU.png,2,0.9264,False
2025-07-26,STEAM,MAU,519242.5,26-01-MAU.png,2,0.9264,False
2025-07-27,STEAM,MAU,521015.2,26-01-MAU.png,2,0.9264,False
2025-07-28,STEAM,MAU,528236.8,26-01-MAU.png,2,0.9264,False
2025-07-29,STEAM,MAU,537648.5,26-01-MAU.png,2,0.9264,False
2025-07-30,STEAM,MAU,540752.1,26-01-MAU.png,2,0.9264,False
2025-07-31,STEAM,MAU,547060.2,26-01-MAU.png,2,0.9264,False
2025-08-09,STEAM,MAU,542354.3,26-01-MAU.png,2,0.9264,False
2025-08-10,STEAM,MAU,544707.2,26-01-MAU.png,2,0.9264,False
2025-08-11,STEAM,MAU,547993.0,26-01-MAU.png,2,0.9264,False
2025-08-12,STEAM,MAU,550987.6,26-01-MAU.png,2,0.9264,False
2025-08-13,STEAM,MAU,554118.9,26-01-MAU.png,2,0.9264,False
2025-08-14,STEAM,MAU,553796.0,26-01-MAU.png,2,0.9264,False
2025-08-15,STEAM,MAU,557067.5,26-01-MAU.png,2,0.9264,False
2025-08-16,STEAM,MAU,569694.2,26-01-MAU.png,2,0.9264,False
2025-08-17,STEAM,MAU,571066.2,26-01-MAU.png,2,0.9264,False
2025-08-18,STEAM,MAU,572078.2,26-01-MAU.png,2,0.9264,False
2025-08-19,STEAM,MAU,562961.6,26-01-MAU.png,2,0.9264,False
2025-08-21,STEAM,MAU,572861.1,26-01-MAU.png,2,0.9264,False
2025-08-22,STEAM,MAU,571494.1,26-01-MAU.png,2,0.9264,False
2025-08-23,STEAM,MAU,581711.5,26-01-MAU.png,2,0.9264,False
2025-08-24,STEAM,MAU,585776.0,26-01-MAU.png,2,0.9264,False
2025-08-25,STEAM,MAU,592010.5,26-01-MAU.png,2,0.9264,False
2025-08-26,STEAM,MAU,593416.7,26-01-MAU.png,2,0.9264,False
2025-08-27,STEAM,MAU,597546.9,26-01-MAU.png,2,0.9264,False
2025-08-28,STEAM,MAU,598024.8,26-01-MAU.png,2,0.9264,False
2025-08-29,STEAM,MAU,612099.1,26-01-MAU.png,2,0.9264,False
2025-08-30,STEAM,MAU,613632.3,26-01-MAU.png,2,0.9264,False
2025-08-31,STEAM,MAU,617991.9,26-01-MAU.png,2,0.9264,False
2025-09-01,STEAM,MAU,616502.7,26-01-MAU.png,2,0.9264,False
2025-09-02,STEAM,MAU,626641.4,26-01-MAU.png,2,0.9264,False
2025-09-04,STEAM,MAU,626682.1,26-01-MAU.png,2,0.9264,False
2025-09-05,STEAM,MAU,634909.6,26-01-MAU.png,2,0.9264,False
2025-09-06,STEAM,MAU,637640.1,26-01-MAU.png,2,0.9264,False
2025-09-07,STEAM,MAU,642235.8,26-01-MAU.png,2,0.9264,False
2025-09-08,STEAM,MAU,638517.0,26-01-MAU.png,2,0.9264,False
2025-09-09,STEAM,MAU,636471.3,26-01-MAU.png,2,0.9264,False
2025-09-10,STEAM,MAU,636471.3,26-01-MAU.png,2,0.9264,False
2025-09-14,STEAM,MAU,660000.6,26-01-MAU.png,2,0.9264,False
2025-09-15,STEAM,MAU,655371.1,26-01-MAU.png,2,0.9264,False
2025-09-17,STEAM,MAU,655382.3,26-01-MAU.png,2,0.9264,False
2025-09-18,STEAM,MAU,655697.8,26-01-MAU.png,2,0.9264,False
2025-09-19,STEAM,MAU,653956.4,26-01-MAU.png,2,0.9264,False
2025-09-20,STEAM,MAU,654744.7,26-01-MAU.png,2,0.9264,False
2025-09-21,STEAM,MAU,656820.7,26-01-MAU.png,2,0.9264,False
2025-09-22,STEAM,MAU,658008.2,26-01-MAU.png,2,0.9264,False
2025-09-23,STEAM,MAU,659256.9,26-01-MAU.png,2,0.9264,False
2025-09-24,STEAM,MAU,650588.9,26-01-MAU.png,2,0.9264,False
2025-09-25,STEAM,MAU,653329.4,26-01-MAU.png,2,0.9264,False
2025-09-26,STEAM,MAU,665592.6,26-01-MAU.png,2,0.9264,False
2025-09-27,STEAM,MAU,664412.3,26-01-MAU.png,2,0.9264,False
2025-09-28,STEAM,MAU,663318.3,26-01-MAU.png,2,0.9264,False
2025-09-29,STEAM,MAU,663792.0,26-01-MAU.png,2,0.9264,False
2025-10-01,STEAM,MAU,668123.2,26-01-MAU.png,2,0.9264,False
2025-10-02,STEAM,MAU,671708.5,26-01-MAU.png,2,0.9264,False
2025-10-03,STEAM,MAU,687290.2,26-01-MAU.png,2,0.9264,False
2025-10-04,STEAM,MAU,692929.6,26-01-MAU.png,2,0.9264,False
2025-10-05,STEAM,MAU,697400.0,26-01-MAU.png,2,0.9264,False
2025-10-06,STEAM,MAU,698088.1,26-01-MAU.png,2,0.9264,False
2025-10-07,STEAM,MAU,698010.2,26-01-MAU.png,2,0.9264,False
2025-10-08,STEAM,MAU,722544.0,26-01-MAU.png,2,0.9264,False
2025-10-09,STEAM,MAU,727435.6,26-01-MAU.png,2,0.9264,False
2025-10-10,STEAM,MAU,709467.8,26-01-MAU.png,2,0.9264,False
2025-10-11,STEAM,MAU,714117.9,26-01-MAU.png,2,0.9264,False
2025-10-12,STEAM,MAU,727764.9,26-01-MAU.png,2,0.9264,False
2025-10-14,STEAM,MAU,732264.5,26-01-MAU.png,2,0.9264,False
2025-10-15,STEAM,MAU,735591.5,26-01-MAU.png,2,0.9264,False
2025-10-16,STEAM,MAU,738816.7,26-01-MAU.png,2,0.9264,False
2025-10-17,STEAM,MAU,740606.8,26-01-MAU.png,2,0.9264,False
2025-10-18,STEAM,MAU,740085.0,26-01-MAU.png,2,0.9264,False
2025-10-19,STEAM,MAU,739349.3,26-01-MAU.png,2,0.9264,False
2025-10-20,STEAM,MAU,740736.5,26-01-MAU.png,2,0.9264,False
2025-10-21,STEAM,MAU,741311.7,26-01-MAU.png,2,0.9264,False
2025-10-22,STEAM,MAU,736863.3,26-01-MAU.png,2,0.9264,False
2025-10-23,STEAM,MAU,733067.5,26-01-MAU.png,2,0.9264,False
2025-10-24,STEAM,MAU,733440.5,26-01-MAU.png,2,0.9264,False
2025-10-25,STEAM,MAU,733606.8,26-01-MAU.png,2,0.9264,False
2025-10-26,STEAM,MAU,734056.0,26-01-MAU.png,2,0.9264,False
2025-10-28,STEAM,MAU,736039.9,26-01-MAU.png,2,0.9264,False
2025-10-29,STEAM,MAU,734310.5,26-01-MAU.png,2,0.9264,False
2025-10-30,STEAM,MAU,730427.4,26-01-MAU.png,2,0.9264,False
2025-10-31,STEAM,MAU,731149.2,26-01-MAU.png,2,0.9264,False
2025-11-01,STEAM,MAU,730273.7,26-01-MAU.png,2,0.9264,False
2025-11-02,STEAM,MAU,732919.3,26-01-MAU.png,2,0.9264,False
2025-11-03,STEAM,MAU,734633.1,26-01-MAU.png,2,0.9264,False
2025-11-04,STEAM,MAU,734642.4,26-01-MAU.png,2,0.9264,False
2025-11-05,STEAM,MAU,733694.9,26-01-MAU.png,2,0.9264,False
2025-11-06,STEAM,MAU,734487.9,26-01-MAU.png,2,0.9264,False
2025-11-07,STEAM,MAU,732527.1,26-01-MAU.png,2,0.9264,False
2025-11-08,STEAM,MAU,731660.6,26-01-MAU.png,2,0.9264,False
2025-11-09,STEAM,MAU,729542.9,26-01-MAU.png,2,0.9264,False
2025-11-11,STEAM,MAU,729813.0,26-01-MAU.png,2,0.9264,False
2025-11-12,STEAM,MAU,731862.0,26-01-MAU.png,2,0.9264,False
2025-11-13,STEAM,MAU,733991.3,26-01-MAU.png,2,0.9264,False
2025-11-14,STEAM,MAU,734790.6,26-01-MAU.png,2,0.9264,False
2025-11-15,STEAM,MAU,736497.7,26-01-MAU.png,2,0.9264,False
2025-11-16,STEAM,MAU,736942.0,26-01-MAU.png,2,0.9264,False
2025-11-17,STEAM,MAU,735896.0,26-01-MAU.png,2,0.9264,False
2025-11-18,STEAM,MAU,737607.5,26-01-MAU.png,2,0.9264,False
2025-11-19,STEAM,MAU,734545.2,26-01-MAU.png,2,0.9264,False
2025-11-20,STEAM,MAU,735355.8,26-01-MAU.png,2,0.9264,False
2025-11-21,STEAM,MAU,735008.0,26-01-MAU.png,2,0.9264,False
2025-11-22,STEAM,MAU,737422.3,26-01-MAU.png,2,0.9264,False
2025-11-24,STEAM,MAU,739512.7,26-01-MAU.png,2,0.9264,False
2025-11-25,STEAM,MAU,735434.4,26-01-MAU.png,2,0.9264,False
2025-11-26,STEAM,MAU,736339.4,26-01-MAU.png,2,0.9264,False
2025-11-27,STEAM,MAU,736634.3,26-01-MAU.png,2,0.9264,False
2025-11-28,STEAM,MAU,736170.0,26-01-MAU.png,2,0.9264,False
2025-11-29,STEAM,MAU,734016.9,26-01-MAU.png,2,0.9264,False
2025-11-30,STEAM,MAU,730558.3,26-01-MAU.png,2,0.9264,False
2025-12-01,STEAM,MAU,730766.2,26-01-MAU.png,2,0.9264,False
2025-12-02,STEAM,MAU,730573.9,26-01-MAU.png,2,0.9264,False
2025-12-03,STEAM,MAU,730099.1,26-01-MAU.png,2,0.9264,False
2025-12-04,STEAM,MAU,727555.1,26-01-MAU.png,2,0.9264,False
2025-12-05,STEAM,MAU,724068.8,26-01-MAU.png,2,0.9264,False
2025-12-06,STEAM,MAU,724614.8,26-01-MAU.png,2,0.9264,False
2025-12-08,STEAM,MAU,725718.1,26-01-MAU.png,2,0.9264,False
2025-12-09,STEAM,MAU,727306.1,26-01-MAU.png,2,0.9264,False
2025-12-10,STEAM,MAU,724746.9,26-01-MAU.png,2,0.9264,False
2025-12-11,STEAM,MAU,724947.4,26-01-MAU.png,2,0.9264,False
2025-12-12,STEAM,MAU,724131.3,26-01-MAU.png,2,0.9264,False
2025-12-13,STEAM,MAU,726225.9,26-01-MAU.png,2,0.9264,False
2025-12-14,STEAM,MAU,729675.2,26-01-MAU.png,2,0.9264,False
2025-12-15,STEAM,MAU,737146.2,26-01-MAU.png,2,0.9264,False
2025-12-16,STEAM,MAU,738493.4,26-01-MAU.png,2,0.9264,False
2025-12-17,STEAM,MAU,745560.1,26-01-MAU.png,2,0.9264,False
2025-12-18,STEAM,MAU,750371.5,26-01-MAU.png,2,0.9264,False
2025-12-19,STEAM,MAU,754463.5,26-01-MAU.png,2,0.9264,False
2025-12-21,STEAM,MAU,759256.6,26-01-MAU.png,2,0.9264,False
2025-12-22,STEAM,MAU,765058.4,26-01-MAU.png,2,0.9264,False
2025-12-23,STEAM,MAU,767916.2,26-01-MAU.png,2,0.9264,False
2025-12-24,STEAM,MAU,765494.2,26-01-MAU.png,2,0.9264,False
2025-12-25,STEAM,MAU,770018.3,26-01-MAU.png,2,0.9264,False
2025-12-26,STEAM,MAU,798126.8,26-01-MAU.png,2,0.9264,False
2025-12-27,STEAM,MAU,777646.9,26-01-MAU.png,2,0.9264,False
2025-12-28,STEAM,MAU,785340.8,26-01-MAU.png,2,0.9264,False
2025-12-29,STEAM,MAU,793721.9,26-01-MAU.png,2,0.9264,False
2024-07-02,IOS,MAU,43789.1,26-01-MAU.png,1,0.9264,False
2024-07-03,IOS,MAU,46143.1,26-01-MAU.png,1,0.9264,False
2024-07-04,IOS,MAU,46143.1,26-01-MAU.png,1,0.9264,False
2024-07-05,IOS,MAU,46143.1,26-01-MAU.png,1,0.9264,False
2024-07-06,IOS,MAU,46143.1,26-01-MAU.png,1,0.9264,False
2024-07-07,IOS,MAU,48497.1,26-01-MAU.png,1,0.9264,False
2024-07-09,IOS,MAU,50851.2,26-01-MAU.png,1,0.9264,False
2024-07-10,IOS,MAU,50851.2,26-01-MAU.png,1,0.9264,False
2024-07-11,IOS,MAU,50851.2,26-01-MAU.png,1,0.9264,False
2024-07-12,IOS,MAU,50851.2,26-01-MAU.png,1,0.9264,False
2024-07-13,IOS,MAU,55559.2,26-01-MAU.png,1,0.9264,False
2024-07-14,IOS,MAU,55559.2,26-01-MAU.png,1,0.9264,False
2024-07-15,IOS,MAU,55559.2,26-01-MAU.png,1,0.9264,False
2024-07-16,IOS,MAU,55559.2,26-01-MAU.png,1,0.9264,False
2024-07-17,IOS,MAU,60267.3,26-01-MAU.png,1,0.9264,False
2024-07-18,IOS,MAU,60267.3,26-01-MAU.png,1,0.9264,False
2024-07-19,IOS,MAU,60267.3,26-01-MAU.png,1,0.9264,False
2024-07-20,IOS,MAU,60267.3,26-01-MAU.png,1,0.9264,False
2024-07-21,IOS,MAU,60267.3,26-01-MAU.png,1,0.9264,False
2024-07-23,IOS,MAU,60267.3,26-01-MAU.png,1,0.9264,False
2024-07-24,IOS,MAU,60267.3,26-01-MAU.png,1,0.9264,False
2024-07-25,IOS,MAU,60267.3,26-01-MAU.png,1,0.9264,False
2024-07-26,IOS,MAU,60267.3,26-01-MAU.png,1,0.9264,False
2024-07-27,IOS,MAU,60267.3,26-01-MAU.png,1,0.9264,False
2024-07-28,IOS,MAU,60267.3,26-01-MAU.png,1,0.9264,False
2024-07-29,IOS,MAU,60267.3,26-01-MAU.png,1,0.9264,False
2024-07-30,IOS,MAU,60267.3,26-01-MAU.png,1,0.9264,False
2024-07-31,IOS,MAU,60267.3,26-01-MAU.png,1,0.9264,False
2024-08-01,IOS,MAU,60267.3,26-01-MAU.png,1,0.9264,False
2024-08-02,IOS,MAU,60267.3,26-01-MAU.png,1,0.9264,False
2024-08-03,IOS,MAU,60267.3,26-01-MAU.png,1,0.9264,False
2024-08-05,IOS,MAU,60267.3,26-01-MAU.png,1,0.9264,False
2024-08-06,IOS,MAU,60267.3,26-01-MAU.png,1,0.9264,False
2024-08-07,IOS,MAU,60267.3,26-01-MAU.png,1,0.9264,False
2024-08-08,IOS,MAU,60267.3,26-01-MAU.png,1,0.9264,False
2024-08-09,IOS,MAU,60267.3,26-01-MAU.png,1,0.9264,False
2024-08-10,IOS,MAU,60267.3,26-01-MAU.png,1,0.9264,False
2024-08-11,IOS,MAU,60267.3,26-01-MAU.png,1,0.9264,False
2024-08-12,IOS,MAU,60267.3,26-01-MAU.png,1,0.9264,False
2024-08-13,IOS,MAU,60267.3,26-01-MAU.png,1,0.9264,False
2024-08-14,IOS,MAU,60267.3,26-01-MAU.png,1,0.9264,False
2024-08-15,IOS,MAU,60267.3,26-01-MAU.png,1,0.9264,False
2024-08-16,IOS,MAU,60267.3,26-01-MAU.png,1,0.9264,False
2024-08-17,IOS,MAU,60267.3,26-01-MAU.png,1,0.9264,False
2024-08-19,IOS,MAU,60267.3,26-01-MAU.png,1,0.9264,False
2024-08-20,IOS,MAU,60267.3,26-01-MAU.png,1,0.9264,False
2024-08-21,IOS,MAU,60267.3,26-01-MAU.png,1,0.9264,False
2024-08-22,IOS,MAU,60267.3,26-01-MAU.png,1,0.9264,False
2024-08-23,IOS,MAU,60267.3,26-01-MAU.png,1,0.9264,False
2024-08-24,IOS,MAU,62621.4,26-01-MAU.png,1,0.9264,False
2024-08-25,IOS,MAU,62621.4,26-01-MAU.png,1,0.9264,False
2024-08-26,IOS,MAU,62621.4,26-01-MAU.png,1,0.9264,False
2024-08-27,IOS,MAU,62621.4,26-01-MAU.png,1,0.9264,False
2024-08-28,IOS,MAU,64975.4,26-01-MAU.png,1,0.9264,False
2024-08-29,IOS,MAU,64975.4,26-01-MAU.png,1,0.9264,False
2024-08-30,IOS,MAU,64975.4,26-01-MAU.png,1,0.9264,False
2024-08-31,IOS,MAU,64975.4,26-01-MAU.png,1,0.9264,False
2024-09-02,IOS,MAU,64975.4,26-01-MAU.png,1,0.9264,False
2024-09-03,IOS,MAU,64975.4,26-01-MAU.png,1,0.9264,False
2024-09-04,IOS,MAU,64975.4,26-01-MAU.png,1,0.9264,False
2024-09-05,IOS,MAU,64975.4,26-01-MAU.png,1,0.9264,False
2024-09-06,IOS,MAU,64975.4,26-01-MAU.png,1,0.9264,False
2024-09-07,IOS,MAU,64975.4,26-01-MAU.png,1,0.9264,False
2024-09-08,IOS,MAU,64975.4,26-01-MAU.png,1,0.9264,False
2024-09-09,IOS,MAU,64975.4,26-01-MAU.png,1,0.9264,False
2024-09-10,IOS,MAU,64975.4,26-01-MAU.png,1,0.9264,False
2024-09-11,IOS,MAU,64975.4,26-01-MAU.png,1,0.9264,False
2024-09-12,IOS,MAU,64975.4,26-01-MAU.png,1,0.9264,False
2024-09-13,IOS,MAU,64975.4,26-01-MAU.png,1,0.9264,False
2024-09-15,IOS,MAU,64975.4,26-01-MAU.png,1,0.9264,False
2024-09-16,IOS,MAU,64975.4,26-01-MAU.png,1,0.9264,False
2024-09-17,IOS,MAU,64975.4,26-01-MAU.png,1,0.9264,False
2024-09-18,IOS,MAU,64975.4,26-01-MAU.png,1,0.9264,False
2024-09-19,IOS,MAU,64975.4,26-01-MAU.png,1,0.9264,False
2024-09-20,IOS,MAU,64975.4,26-01-MAU.png,1,0.9264,False
2024-09-21,IOS,MAU,69683.5,26-01-MAU.png,1,0.9264,False
2024-09-22,IOS,MAU,69683.5,26-01-MAU.png,1,0.9264,False
2024-09-23,IOS,MAU,69683.5,26-01-MAU.png,1,0.9264,False
2024-09-24,IOS,MAU,69683.5,26-01-MAU.png,1,0.9264,False
2024-09-25,IOS,MAU,69683.5,26-01-MAU.png,1,0.9264,False
2024-09-26,IOS,MAU,69683.5,26-01-MAU.png,1,0.9264,False
2024-09-27,IOS,MAU,69683.5,26-01-MAU.png,1,0.9264,False
2024-09-29,IOS,MAU,69683.5,26-01-MAU.png,1,0.9264,False
2024-09-30,IOS,MAU,69683.5,26-01-MAU.png,1,0.9264,False
2024-10-01,IOS,MAU,69683.5,26-01-MAU.png,1,0.9264,False
2024-10-02,IOS,MAU,69683.5,26-01-MAU.png,1,0.9264,False
2024-10-03,IOS,MAU,69683.5,26-01-MAU.png,1,0.9264,False
2024-10-04,IOS,MAU,69683.5,26-01-MAU.png,1,0.9264,False
2024-10-05,IOS,MAU,69683.5,26-01-MAU.png,1,0.9264,False
2024-10-06,IOS,MAU,69683.5,26-01-MAU.png,1,0.9264,False
2024-10-07,IOS,MAU,69683.5,26-01-MAU.png,1,0.9264,False
2024-10-08,IOS,MAU,74391.5,26-01-MAU.png,1,0.9264,False
2024-10-09,IOS,MAU,74391.5,26-01-MAU.png,1,0.9264,False
2024-10-10,IOS,MAU,74391.5,26-01-MAU.png,1,0.9264,False
2024-10-12,IOS,MAU,74391.5,26-01-MAU.png,1,0.9264,False
2024-10-13,IOS,MAU,74391.5,26-01-MAU.png,1,0.9264,False
2024-10-14,IOS,MAU,74391.5,26-01-MAU.png,1,0.9264,False
2024-10-15,IOS,MAU,74391.5,26-01-MAU.png,1,0.9264,False
2024-10-16,IOS,MAU,74391.5,26-01-MAU.png,1,0.9264,False
2024-10-17,IOS,MAU,74391.5,26-01-MAU.png,1,0.9264,False
2024-10-18,IOS,MAU,74391.5,26-01-MAU.png,1,0.9264,False
2024-10-19,IOS,MAU,74391.5,26-01-MAU.png,1,0.9264,False
2024-10-20,IOS,MAU,74391.5,26-01-MAU.png,1,0.9264,False
2024-10-21,IOS,MAU,74391.5,26-01-MAU.png,1,0.9264,False
2024-10-22,IOS,MAU,74391.5,26-01-MAU.png,1,0.9264,False
2024-10-23,IOS,MAU,74391.5,26-01-MAU.png,1,0.9264,False
2024-10-24,IOS,MAU,74391.5,26-01-MAU.png,1,0.9264,False
2024-10-26,IOS,MAU,74391.5,26-01-MAU.png,1,0.9264,False
2024-10-27,IOS,MAU,74391.5,26-01-MAU.png,1,0.9264,False
2024-10-28,IOS,MAU,74391.5,26-01-MAU.png,1,0.9264,False
2024-10-29,IOS,MAU,74391.5,26-01-MAU.png,1,0.9264,False
2024-10-30,IOS,MAU,76745.6,26-01-MAU.png,1,0.9264,False
2024-10-31,IOS,MAU,79099.6,26-01-MAU.png,1,0.9264,False
2024-11-01,IOS,MAU,79099.6,26-01-MAU.png,1,0.9264,False
2024-11-02,IOS,MAU,79099.6,26-01-MAU.png,1,0.9264,False
2024-11-03,IOS,MAU,79099.6,26-01-MAU.png,1,0.9264,False
2024-11-04,IOS,MAU,79099.6,26-01-MAU.png,1,0.9264,False
2024-11-05,IOS,MAU,79099.6,26-01-MAU.png,1,0.9264,False
2024-11-06,IOS,MAU,79099.6,26-01-MAU.png,1,0.9264,False
2024-11-07,IOS,MAU,79099.6,26-01-MAU.png,1,0.9264,False
2024-11-09,IOS,MAU,79099.6,26-01-MAU.png,1,0.9264,False
2024-11-10,IOS,MAU,79099.6,26-01-MAU.png,1,0.9264,False
2024-11-11,IOS,MAU,79099.6,26-01-MAU.png,1,0.9264,False
2024-11-12,IOS,MAU,79099.6,26-01-MAU.png,1,0.9264,False
2024-11-13,IOS,MAU,79099.6,26-01-MAU.png,1,0.9264,False
2024-11-14,IOS,MAU,79099.6,26-01-MAU.png,1,0.9264,False
2024-11-15,IOS,MAU,79099.6,26-01-MAU.png,1,0.9264,False
2024-11-16,IOS,MAU,79099.6,26-01-MAU.png,1,0.9264,False
2024-11-17,IOS,MAU,79099.6,26-01-MAU.png,1,0.9264,False
2024-11-18,IOS,MAU,79099.6,26-01-MAU.png,1,0.9264,False
2024-11-19,IOS,MAU,79099.6,26-01-MAU.png,1,0.9264,False
2024-11-20,IOS,MAU,79099.6,26-01-MAU.png,1,0.9264,False
2024-11-22,IOS,MAU,79099.6,26-01-MAU.png,1,0.9264,False
2024-11-23,IOS,MAU,79099.6,26-01-MAU.png,1,0.9264,False
2024-11-24,IOS,MAU,79099.6,26-01-MAU.png,1,0.9264,False
2024-11-25,IOS,MAU,79099.6,26-01-MAU.png,1,0.9264,False
2024-11-26,IOS,MAU,79099.6,26-01-MAU.png,1,0.9264,False
2024-11-27,IOS,MAU,79099.6,26-01-MAU.png,1,0.9264,False
2024-11-28,IOS,MAU,79099.6,26-01-MAU.png,1,0.9264,False
2024-11-29,IOS,MAU,81453.7,26-01-MAU.png,1,0.9264,False
2024-11-30,IOS,MAU,81453.7,26-01-MAU.png,1,0.9264,False
2024-12-01,IOS,MAU,83807.7,26-01-MAU.png,1,0.9264,False
2024-12-02,IOS,MAU,83807.7,26-01-MAU.png,1,0.9264,False
2024-12-03,IOS,MAU,83807.7,26-01-MAU.png,1,0.9264,False
2024-12-04,IOS,MAU,83807.7,26-01-MAU.png,1,0.9264,False
2024-12-06,IOS,MAU,83807.7,26-01-MAU.png,1,0.9264,False
2024-12-07,IOS,MAU,83807.7,26-01-MAU.png,1,0.9264,False
2024-12-08,IOS,MAU,83807.7,26-01-MAU.png,1,0.9264,False
2024-12-09,IOS,MAU,83807.7,26-01-MAU.png,1,0.9264,False
2024-12-10,IOS,MAU,83807.7,26-01-MAU.png,1,0.9264,False
2024-12-11,IOS,MAU,83807.7,26-01-MAU.png,1,0.9264,False
2024-12-12,IOS,MAU,83807.7,26-01-MAU.png,1,0.9264,False
2024-12-13,IOS,MAU,83807.7,26-01-MAU.png,1,0.9264,False
2024-12-14,IOS,MAU,83807.7,26-01-MAU.png,1,0.9264,False
2024-12-15,IOS,MAU,83807.7,26-01-MAU.png,1,0.9264,False
2024-12-16,IOS,MAU,83807.7,26-01-MAU.png,1,0.9264,False
2024-12-17,IOS,MAU,83807.7,26-01-MAU.png,1,0.9264,False
2024-12-19,IOS,MAU,83807.7,26-01-MAU.png,1,0.9264,False
2024-12-20,IOS,MAU,83807.7,26-01-MAU.png,1,0.9264,False
2024-12-21,IOS,MAU,83807.7,26-01-MAU.png,1,0.9264,False
2024-12-22,IOS,MAU,83807.7,26-01-MAU.png,1,0.9264,False
2024-12-23,IOS,MAU,83807.7,26-01-MAU.png,1,0.9264,False
2024-12-24,IOS,MAU,83807.7,26-01-MAU.png,1,0.9264,False
2024-12-25,IOS,MAU,83807.7,26-01-MAU.png,1,0.9264,False
2024-12-26,IOS,MAU,83807.7,26-01-MAU.png,1,0.9264,False
2024-12-27,IOS,MAU,83807.7,26-01-MAU.png,1,0.9264,False
2024-12-28,IOS,MAU,83807.7,26-01-MAU.png,1,0.9264,False
2024-12-29,IOS,MAU,81453.7,26-01-MAU.png,1,0.9264,False
2024-12-30,IOS,MAU,81453.7,26-01-MAU.png,1,0.9264,False
2024-12-31,IOS,MAU,81453.7,26-01-MAU.png,1,0.9264,False
2025-01-02,IOS,MAU,79099.6,26-01-MAU.png,1,0.9264,False
2025-01-03,IOS,MAU,79099.6,26-01-MAU.png,1,0.9264,False
2025-01-04,IOS,MAU,79099.6,26-01-MAU.png,1,0.9264,False
2025-01-05,IOS,MAU,79099.6,26-01-MAU.png,1,0.9264,False
2025-01-06,IOS,MAU,79099.6,26-01-MAU.png,1,0.9264,False
2025-01-07,IOS,MAU,79099.6,26-01-MAU.png,1,0.9264,False
2025-01-08,IOS,MAU,79099.6,26-01-MAU.png,1,0.9264,False
2025-01-09,IOS,MAU,79099.6,26-01-MAU.png,1,0.9264,False
2025-01-10,IOS,MAU,79099.6,26-01-MAU.png,1,0.9264,False
2025-01-11,IOS,MAU,79099.6,26-01-MAU.png,1,0.9264,False
2025-01-12,IOS,MAU,79099.6,26-01-MAU.png,1,0.9264,False
2025-01-13,IOS,MAU,79099.6,26-01-MAU.png,1,0.9264,False
2025-01-14,IOS,MAU,79099.6,26-01-MAU.png,1,0.9264,False
2025-01-16,IOS,MAU,79099.6,26-01-MAU.png,1,0.9264,False
2025-01-17,IOS,MAU,79099.6,26-01-MAU.png,1,0.9264,False
2025-01-18,IOS,MAU,79099.6,26-01-MAU.png,1,0.9264,False
2025-01-19,IOS,MAU,79099.6,26-01-MAU.png,1,0.9264,False
2025-01-20,IOS,MAU,79099.6,26-01-MAU.png,1,0.9264,False
2025-01-21,IOS,MAU,79099.6,26-01-MAU.png,1,0.9264,False
2025-01-22,IOS,MAU,79099.6,26-01-MAU.png,1,0.9264,False
2025-01-23,IOS,MAU,79099.6,26-01-MAU.png,1,0.9264,False
2025-01-24,IOS,MAU,79099.6,26-01-MAU.png,1,0.9264,False
2025-01-25,IOS,MAU,79099.6,26-01-MAU.png,1,0.9264,False
2025-01-26,IOS,MAU,79099.6,26-01-MAU.png,1,0.9264,False
2025-01-27,IOS,MAU,79099.6,26-01-MAU.png,1,0.9264,False
2025-01-29,IOS,MAU,83807.7,26-01-MAU.png,1,0.9264,False
2025-01-30,IOS,MAU,83807.7,26-01-MAU.png,1,0.9264,False
2025-01-31,IOS,MAU,83807.7,26-01-MAU.png,1,0.9264,False
2025-02-01,IOS,MAU,83807.7,26-01-MAU.png,1,0.9264,False
2025-02-02,IOS,MAU,83807.7,26-01-MAU.png,1,0.9264,False
2025-02-03,IOS,MAU,83807.7,26-01-MAU.png,1,0.9264,False
2025-02-04,IOS,MAU,83807.7,26-01-MAU.png,1,0.9264,False
2025-02-05,IOS,MAU,83807.7,26-01-MAU.png,1,0.9264,False
2025-02-06,IOS,MAU,83807.7,26-01-MAU.png,1,0.9264,False
2025-02-07,IOS,MAU,83807.7,26-01-MAU.png,1,0.9264,False
2025-02-08,IOS,MAU,86161.7,26-01-MAU.png,1,0.9264,False
2025-02-09,IOS,MAU,86161.7,26-01-MAU.png,1,0.9264,False
2025-02-10,IOS,MAU,86161.7,26-01-MAU.png,1,0.9264,False
2025-02-12,IOS,MAU,88515.8,26-01-MAU.png,1,0.9264,False
2025-02-13,IOS,MAU,88515.8,26-01-MAU.png,1,0.9264,False
2025-02-14,IOS,MAU,88515.8,26-01-MAU.png,1,0.9264,False
2025-02-15,IOS,MAU,88515.8,26-01-MAU.png,1,0.9264,False
2025-02-16,IOS,MAU,88515.8,26-01-MAU.png,1,0.9264,False
2025-02-17,IOS,MAU,88515.8,26-01-MAU.png,1,0.9264,False
2025-02-18,IOS,MAU,93223.8,26-01-MAU.png,1,0.9264,False
2025-02-19,IOS,MAU,93223.8,26-01-MAU.png,1,0.9264,False
2025-02-20,IOS,MAU,93223.8,26-01-MAU.png,1,0.9264,False
2025-02-21,IOS,MAU,93223.8,26-01-MAU.png,1,0.9264,False
2025-02-22,IOS,MAU,93223.8,26-01-MAU.png,1,0.9264,False
2025-02-23,IOS,MAU,93223.8,26-01-MAU.png,1,0.9264,False
2025-02-25,IOS,MAU,97931.9,26-01-MAU.png,1,0.9264,False
2025-02-26,IOS,MAU,97931.9,26-01-MAU.png,1,0.9264,False
2025-02-27,IOS,MAU,97931.9,26-01-MAU.png,1,0.9264,False
2025-02-28,IOS,MAU,97931.9,26-01-MAU.png,1,0.9264,False
2025-03-01,IOS,MAU,97931.9,26-01-MAU.png,1,0.9264,False
2025-03-02,IOS,MAU,97931.9,26-01-MAU.png,1,0.9264,False
2025-03-03,IOS,MAU,97931.9,26-01-MAU.png,1,0.9264,False
2025-03-04,IOS,MAU,102640.0,26-01-MAU.png,1,0.9264,False
2025-03-05,IOS,MAU,102640.0,26-01-MAU.png,1,0.9264,False
2025-03-06,IOS,MAU,102640.0,26-01-MAU.png,1,0.9264,False
2025-03-07,IOS,MAU,102640.0,26-01-MAU.png,1,0.9264,False
2025-03-08,IOS,MAU,102640.0,26-01-MAU.png,1,0.9264,False
2025-03-09,IOS,MAU,102640.0,26-01-MAU.png,1,0.9264,False
2025-03-11,IOS,MAU,102640.0,26-01-MAU.png,1,0.9264,False
2025-03-12,IOS,MAU,102640.0,26-01-MAU.png,1,0.9264,False
2025-03-13,IOS,MAU,102640.0,26-01-MAU.png,1,0.9264,False
2025-03-14,IOS,MAU,104994.0,26-01-MAU.png,1,0.9264,False
2025-03-15,IOS,MAU,107348.1,26-01-MAU.png,1,0.9264,False
2025-03-16,IOS,MAU,107348.1,26-01-MAU.png,1,0.9264,False
2025-03-17,IOS,MAU,107348.1,26-01-MAU.png,1,0.9264,False
2025-03-18,IOS,MAU,107348.1,26-01-MAU.png,1,0.9264,False
2025-03-19,IOS,MAU,107348.1,26-01-MAU.png,1,0.9264,False
2025-03-20,IOS,MAU,107348.1,26-01-MAU.png,1,0.9264,False
2025-03-21,IOS,MAU,107348.1,26-01-MAU.png,1,0.9264,False
2025-03-22,IOS,MAU,107348.1,26-01-MAU.png,1,0.9264,False
2025-03-23,IOS,MAU,107348.1,26-01-MAU.png,1,0.9264,False
2025-03-25,IOS,MAU,107348.1,26-01-MAU.png,1,0.9264,False
2025-03-26,IOS,MAU,109702.1,26-01-MAU.png,1,0.9264,False
2025-03-27,IOS,MAU,112056.1,26-01-MAU.png,1,0.9264,False
2025-03-28,IOS,MAU,112056.1,26-01-MAU.png,1,0.9264,False
2025-03-29,IOS,MAU,112056.1,26-01-MAU.png,1,0.9264,False
2025-03-30,IOS,MAU,112056.1,26-01-MAU.png,1,0.9264,False
2025-03-31,IOS,MAU,112056.1,26-01-MAU.png,1,0.9264,False
2025-04-01,IOS,MAU,112056.1,26-01-MAU.png,1,0.9264,False
2025-04-02,IOS,MAU,112056.1,26-01-MAU.png,1,0.9264,False
2025-04-03,IOS,MAU,114410.2,26-01-MAU.png,1,0.9264,False
2025-04-04,IOS,MAU,116764.2,26-01-MAU.png,1,0.9264,False
2025-04-05,IOS,MAU,116764.2,26-01-MAU.png,1,0.9264,False
2025-04-07,IOS,MAU,116764.2,26-01-MAU.png,1,0.9264,False
2025-04-08,IOS,MAU,116764.2,26-01-MAU.png,1,0.9264,False
2025-04-09,IOS,MAU,116764.2,26-01-MAU.png,1,0.9264,False
2025-04-10,IOS,MAU,116764.2,26-01-MAU.png,1,0.9264,False
2025-04-11,IOS,MAU,116764.2,26-01-MAU.png,1,0.9264,False
2025-04-12,IOS,MAU,116764.2,26-01-MAU.png,1,0.9264,False
2025-04-13,IOS,MAU,116764.2,26-01-MAU.png,1,0.9264,False
2025-04-14,IOS,MAU,116764.2,26-01-MAU.png,1,0.9264,False
2025-04-15,IOS,MAU,119118.2,26-01-MAU.png,1,0.9264,False
2025-04-16,IOS,MAU,119118.2,26-01-MAU.png,1,0.9264,False
2025-04-17,IOS,MAU,121472.3,26-01-MAU.png,1,0.9264,False
2025-04-18,IOS,MAU,121472.3,26-01-MAU.png,1,0.9264,False
2025-04-19,IOS,MAU,121472.3,26-01-MAU.png,1,0.9264,False
2025-04-21,IOS,MAU,121472.3,26-01-MAU.png,1,0.9264,False
2025-04-22,IOS,MAU,121472.3,26-01-MAU.png,1,0.9264,False
2025-04-23,IOS,MAU,121472.3,26-01-MAU.png,1,0.9264,False
2025-04-24,IOS,MAU,121472.3,26-01-MAU.png,1,0.9264,False
2025-04-25,IOS,MAU,121472.3,26-01-MAU.png,1,0.9264,False
2025-04-26,IOS,MAU,121472.3,26-01-MAU.png,1,0.9264,False
2025-04-27,IOS,MAU,121472.3,26-01-MAU.png,1,0.9264,False
2025-04-28,IOS,MAU,121472.3,26-01-MAU.png,1,0.9264,False
2025-04-29,IOS,MAU,121472.3,26-01-MAU.png,1,0.9264,False
2025-04-30,IOS,MAU,121472.3,26-01-MAU.png,1,0.9264,False
2025-05-01,IOS,MAU,121472.3,26-01-MAU.png,1,0.9264,False
2025-05-02,IOS,MAU,126180.3,26-01-MAU.png,1,0.9264,False
2025-05-04,IOS,MAU,126180.3,26-01-MAU.png,1,0.9264,False
2025-05-05,IOS,MAU,126180.3,26-01-MAU.png,1,0.9264,False
2025-05-06,IOS,MAU,126180.3,26-01-MAU.png,1,0.9264,False
2025-05-07,IOS,MAU,126180.3,26-01-MAU.png,1,0.9264,False
2025-05-08,IOS,MAU,126180.3,26-01-MAU.png,1,0.9264,False
2025-05-09,IOS,MAU,126180.3,26-01-MAU.png,1,0.9264,False
2025-05-10,IOS,MAU,126180.3,26-01-MAU.png,1,0.9264,False
2025-05-11,IOS,MAU,126180.3,26-01-MAU.png,1,0.9264,False
2025-05-12,IOS,MAU,130888.4,26-01-MAU.png,1,0.9264,False
2025-05-13,IOS,MAU,130888.4,26-01-MAU.png,1,0.9264,False
2025-05-14,IOS,MAU,130888.4,26-01-MAU.png,1,0.9264,False
2025-05-15,IOS,MAU,130888.4,26-01-MAU.png,1,0.9264,False
2025-05-16,IOS,MAU,130888.4,26-01-MAU.png,1,0.9264,False
2025-05-18,IOS,MAU,130888.4,26-01-MAU.png,1,0.9264,False
2025-05-19,IOS,MAU,130888.4,26-01-MAU.png,1,0.9264,False
2025-05-20,IOS,MAU,130888.4,26-01-MAU.png,1,0.9264,False
2025-05-21,IOS,MAU,130888.4,26-01-MAU.png,1,0.9264,False
2025-05-22,IOS,MAU,130888.4,26-01-MAU.png,1,0.9264,False
2025-05-23,IOS,MAU,130888.4,26-01-MAU.png,1,0.9264,False
2025-05-24,IOS,MAU,130888.4,26-01-MAU.png,1,0.9264,False
2025-05-25,IOS,MAU,135596.5,26-01-MAU.png,1,0.9264,False
2025-05-26,IOS,MAU,133242.5,26-01-MAU.png,1,0.9264,False
2025-05-27,IOS,MAU,135596.5,26-01-MAU.png,1,0.9264,False
2025-05-28,IOS,MAU,135596.5,26-01-MAU.png,1,0.9264,False
2025-05-29,IOS,MAU,135596.5,26-01-MAU.png,1,0.9264,False
2025-05-31,IOS,MAU,135596.5,26-01-MAU.png,1,0.9264,False
2025-06-01,IOS,MAU,135596.5,26-01-MAU.png,1,0.9264,False
2025-06-02,IOS,MAU,135596.5,26-01-MAU.png,1,0.9264,False
2025-06-03,IOS,MAU,135596.5,26-01-MAU.png,1,0.9264,False
2025-06-04,IOS,MAU,135596.5,26-01-MAU.png,1,0.9264,False
2025-06-05,IOS,MAU,135596.5,26-01-MAU.png,1,0.9264,False
2025-06-06,IOS,MAU,135596.5,26-01-MAU.png,1,0.9264,False
2025-06-07,IOS,MAU,135596.5,26-01-MAU.png,1,0.9264,False
2025-06-08,IOS,MAU,135596.5,26-01-MAU.png,1,0.9264,False
2025-06-09,IOS,MAU,135596.5,26-01-MAU.png,1,0.9264,False
2025-06-10,IOS,MAU,140304.6,26-01-MAU.png,1,0.9264,False
2025-06-11,IOS,MAU,140304.6,26-01-MAU.png,1,0.9264,False
2025-06-12,IOS,MAU,140304.6,26-01-MAU.png,1,0.9264,False
2025-06-14,IOS,MAU,140304.6,26-01-MAU.png,1,0.9264,False
2025-06-15,IOS,MAU,142658.6,26-01-MAU.png,1,0.9264,False
2025-06-16,IOS,MAU,145012.6,26-01-MAU.png,1,0.9264,False
2025-06-17,IOS,MAU,145012.6,26-01-MAU.png,1,0.9264,False
2025-06-18,IOS,MAU,145012.6,26-01-MAU.png,1,0.9264,False
2025-06-19,IOS,MAU,145012.6,26-01-MAU.png,1,0.9264,False
2025-06-20,IOS,MAU,145012.6,26-01-MAU.png,1,0.9264,False
2025-06-21,IOS,MAU,145012.6,26-01-MAU.png,1,0.9264,False
2025-06-22,IOS,MAU,149720.7,26-01-MAU.png,1,0.9264,False
2025-06-23,IOS,MAU,149720.7,26-01-MAU.png,1,0.9264,False
2025-06-24,IOS,MAU,149720.7,26-01-MAU.png,1,0.9264,False
2025-06-25,IOS,MAU,149720.7,26-01-MAU.png,1,0.9264,False
2025-06-26,IOS,MAU,149720.7,26-01-MAU.png,1,0.9264,False
2025-06-28,IOS,MAU,149720.7,26-01-MAU.png,1,0.9264,False
2025-06-29,IOS,MAU,145012.6,26-01-MAU.png,1,0.9264,False
2025-06-30,IOS,MAU,145012.6,26-01-MAU.png,1,0.9264,False
2025-07-01,IOS,MAU,145012.6,26-01-MAU.png,1,0.9264,False
2025-07-02,IOS,MAU,145012.6,26-01-MAU.png,1,0.9264,False
2025-07-03,IOS,MAU,145012.6,26-01-MAU.png,1,0.9264,False
2025-07-04,IOS,MAU,145012.6,26-01-MAU.png,1,0.9264,False
2025-07-05,IOS,MAU,145012.6,26-01-MAU.png,1,0.9264,False
2025-07-06,IOS,MAU,145012.6,26-01-MAU.png,1,0.9264,False
2025-07-07,IOS,MAU,145012.6,26-01-MAU.png,1,0.9264,False
2025-07-08,IOS,MAU,145012.6,26-01-MAU.png,1,0.9264,False
2025-07-09,IOS,MAU,145012.6,26-01-MAU.png,1,0.9264,False
2025-07-11,IOS,MAU,140304.6,26-01-MAU.png,1,0.9264,False
2025-07-12,IOS,MAU,140304.6,26-01-MAU.png,1,0.9264,False
2025-07-13,IOS,MAU,140304.6,26-01-MAU.png,1,0.9264,False
2025-07-14,IOS,MAU,140304.6,26-01-MAU.png,1,0.9264,False
2025-07-15,IOS,MAU,145012.6,26-01-MAU.png,1,0.9264,False
2025-07-16,IOS,MAU,145012.6,26-01-MAU.png,1,0.9264,False
2025-07-17,IOS,MAU,145012.6,26-01-MAU.png,1,0.9264,False
2025-07-18,IOS,MAU,145012.6,26-01-MAU.png,1,0.9264,False
2025-07-19,IOS,MAU,145012.6,26-01-MAU.png,1,0.9264,False
2025-07-20,IOS,MAU,149720.7,26-01-MAU.png,1,0.9264,False
2025-07-21,IOS,MAU,149720.7,26-01-MAU.png,1,0.9264,False
2025-07-22,IOS,MAU,149720.7,26-01-MAU.png,1,0.9264,False
2025-07-23,IOS,MAU,149720.7,26-01-MAU.png,1,0.9264,False
2025-07-25,IOS,MAU,154428.8,26-01-MAU.png,1,0.9264,False
2025-07-26,IOS,MAU,154428.8,26-01-MAU.png,1,0.9264,False
2025-07-27,IOS,MAU,154428.8,26-01-MAU.png,1,0.9264,False
2025-07-28,IOS,MAU,154428.8,26-01-MAU.png,1,0.9264,False
2025-07-29,IOS,MAU,154428.8,26-01-MAU.png,1,0.9264,False
2025-07-30,IOS,MAU,159136.9,26-01-MAU.png,1,0.9264,False
2025-07-31,IOS,MAU,159136.9,26-01-MAU.png,1,0.9264,False
2025-08-01,IOS,MAU,159136.9,26-01-MAU.png,1,0.9264,False
2025-08-02,IOS,MAU,159136.9,26-01-MAU.png,1,0.9264,False
2025-08-03,IOS,MAU,159136.9,26-01-MAU.png,1,0.9264,False
2025-08-04,IOS,MAU,159136.9,26-01-MAU.png,1,0.9264,False
2025-08-05,IOS,MAU,159136.9,26-01-MAU.png,1,0.9264,False
2025-08-07,IOS,MAU,161490.9,26-01-MAU.png,1,0.9264,False
2025-08-08,IOS,MAU,163844.9,26-01-MAU.png,1,0.9264,False
2025-08-09,IOS,MAU,163844.9,26-01-MAU.png,1,0.9264,False
2025-08-10,IOS,MAU,163844.9,26-01-MAU.png,1,0.9264,False
2025-08-11,IOS,MAU,163844.9,26-01-MAU.png,1,0.9264,False
2025-08-12,IOS,MAU,163844.9,26-01-MAU.png,1,0.9264,False
2025-08-13,IOS,MAU,163844.9,26-01-MAU.png,1,0.9264,False
2025-08-14,IOS,MAU,163844.9,26-01-MAU.png,1,0.9264,False
2025-08-15,IOS,MAU,163844.9,26-01-MAU.png,1,0.9264,False
2025-08-16,IOS,MAU,163844.9,26-01-MAU.png,1,0.9264,False
2025-08-17,IOS,MAU,166199.0,26-01-MAU.png,1,0.9264,False
2025-08-18,IOS,MAU,166199.0,26-01-MAU.png,1,0.9264,False
2025-08-19,IOS,MAU,168553.0,26-01-MAU.png,1,0.9264,False
2025-08-21,IOS,MAU,168553.0,26-01-MAU.png,1,0.9264,False
2025-08-22,IOS,MAU,168553.0,26-01-MAU.png,1,0.9264,False
2025-08-23,IOS,MAU,170907.0,26-01-MAU.png,1,0.9264,False
2025-08-24,IOS,MAU,173261.1,26-01-MAU.png,1,0.9264,False
2025-08-25,IOS,MAU,173261.1,26-01-MAU.png,1,0.9264,False
2025-08-26,IOS,MAU,175615.1,26-01-MAU.png,1,0.9264,False
2025-08-27,IOS,MAU,177969.1,26-01-MAU.png,1,0.9264,False
2025-08-28,IOS,MAU,177969.1,26-01-MAU.png,1,0.9264,False
2025-08-29,IOS,MAU,177969.1,26-01-MAU.png,1,0.9264,False
2025-08-30,IOS,MAU,182677.2,26-01-MAU.png,1,0.9264,False
2025-08-31,IOS,MAU,182677.2,26-01-MAU.png,1,0.9264,False
2025-09-01,IOS,MAU,182677.2,26-01-MAU.png,1,0.9264,False
2025-09-02,IOS,MAU,185031.3,26-01-MAU.png,1,0.9264,False
2025-09-04,IOS,MAU,187385.3,26-01-MAU.png,1,0.9264,False
2025-09-05,IOS,MAU,187385.3,26-01-MAU.png,1,0.9264,False
2025-09-06,IOS,MAU,189739.3,26-01-MAU.png,1,0.9264,False
2025-09-07,IOS,MAU,192093.4,26-01-MAU.png,1,0.9264,False
2025-09-08,IOS,MAU,192093.4,26-01-MAU.png,1,0.9264,False
2025-09-09,IOS,MAU,192093.4,26-01-MAU.png,1,0.9264,False
2025-09-10,IOS,MAU,192093.4,26-01-MAU.png,1,0.9264,False
2025-09-11,IOS,MAU,192093.4,26-01-MAU.png,1,0.9264,False
2025-09-12,IOS,MAU,192093.4,26-01-MAU.png,1,0.9264,False
2025-09-13,IOS,MAU,192093.4,26-01-MAU.png,1,0.9264,False
2025-09-14,IOS,MAU,192093.4,26-01-MAU.png,1,0.9264,False
2025-09-15,IOS,MAU,192093.4,26-01-MAU.png,1,0.9264,False
2025-09-17,IOS,MAU,194447.4,26-01-MAU.png,1,0.9264,False
2025-09-18,IOS,MAU,194447.4,26-01-MAU.png,1,0.9264,False
2025-09-19,IOS,MAU,194447.4,26-01-MAU.png,1,0.9264,False
2025-09-20,IOS,MAU,194447.4,26-01-MAU.png,1,0.9264,False
2025-09-21,IOS,MAU,194447.4,26-01-MAU.png,1,0.9264,False
2025-09-22,IOS,MAU,196801.4,26-01-MAU.png,1,0.9264,False
2025-09-23,IOS,MAU,196801.4,26-01-MAU.png,1,0.9264,False
2025-09-24,IOS,MAU,196801.4,26-01-MAU.png,1,0.9264,False
2025-09-25,IOS,MAU,196801.4,26-01-MAU.png,1,0.9264,False
2025-09-26,IOS,MAU,196801.4,26-01-MAU.png,1,0.9264,False
2025-09-27,IOS,MAU,196801.4,26-01-MAU.png,1,0.9264,False
2025-09-28,IOS,MAU,196801.4,26-01-MAU.png,1,0.9264,False
2025-09-29,IOS,MAU,201509.5,26-01-MAU.png,1,0.9264,False
2025-10-01,IOS,MAU,201509.5,26-01-MAU.png,1,0.9264,False
2025-10-02,IOS,MAU,201509.5,26-01-MAU.png,1,0.9264,False
2025-10-03,IOS,MAU,203863.5,26-01-MAU.png,1,0.9264,False
2025-10-04,IOS,MAU,206217.6,26-01-MAU.png,1,0.9264,False
2025-10-05,IOS,MAU,206217.6,26-01-MAU.png,1,0.9264,False
2025-10-06,IOS,MAU,208571.6,26-01-MAU.png,1,0.9264,False
2025-10-07,IOS,MAU,210925.7,26-01-MAU.png,1,0.9264,False
2025-10-08,IOS,MAU,210925.7,26-01-MAU.png,1,0.9264,False
2025-10-09,IOS,MAU,213279.7,26-01-MAU.png,1,0.9264,False
2025-10-10,IOS,MAU,215633.7,26-01-MAU.png,1,0.9264,False
2025-10-11,IOS,MAU,215633.7,26-01-MAU.png,1,0.9264,False
2025-10-12,IOS,MAU,215633.7,26-01-MAU.png,1,0.9264,False
2025-10-14,IOS,MAU,217987.8,26-01-MAU.png,1,0.9264,False
2025-10-15,IOS,MAU,220341.8,26-01-MAU.png,1,0.9264,False
2025-10-16,IOS,MAU,220341.8,26-01-MAU.png,1,0.9264,False
2025-10-17,IOS,MAU,220341.8,26-01-MAU.png,1,0.9264,False
2025-10-18,IOS,MAU,220341.8,26-01-MAU.png,1,0.9264,False
2025-10-19,IOS,MAU,220341.8,26-01-MAU.png,1,0.9264,False
2025-10-20,IOS,MAU,220341.8,26-01-MAU.png,1,0.9264,False
2025-10-21,IOS,MAU,220341.8,26-01-MAU.png,1,0.9264,False
2025-10-22,IOS,MAU,217987.8,26-01-MAU.png,1,0.9264,False
2025-10-23,IOS,MAU,217987.8,26-01-MAU.png,1,0.9264,False
2025-10-24,IOS,MAU,215633.7,26-01-MAU.png,1,0.9264,False
2025-10-25,IOS,MAU,215633.7,26-01-MAU.png,1,0.9264,False
2025-10-26,IOS,MAU,215633.7,26-01-MAU.png,1,0.9264,False
2025-10-28,IOS,MAU,215633.7,26-01-MAU.png,1,0.9264,False
2025-10-29,IOS,MAU,215633.7,26-01-MAU.png,1,0.9264,False
2025-10-30,IOS,MAU,215633.7,26-01-MAU.png,1,0.9264,False
2025-10-31,IOS,MAU,215633.7,26-01-MAU.png,1,0.9264,False
2025-11-01,IOS,MAU,213279.7,26-01-MAU.png,1,0.9264,False
2025-11-02,IOS,MAU,210925.7,26-01-MAU.png,1,0.9264,False
2025-11-03,IOS,MAU,210925.7,26-01-MAU.png,1,0.9264,False
2025-11-04,IOS,MAU,210925.7,26-01-MAU.png,1,0.9264,False
2025-11-05,IOS,MAU,210925.7,26-01-MAU.png,1,0.9264,False
2025-11-06,IOS,MAU,210925.7,26-01-MAU.png,1,0.9264,False
2025-11-07,IOS,MAU,210925.7,26-01-MAU.png,1,0.9264,False
2025-11-08,IOS,MAU,210925.7,26-01-MAU.png,1,0.9264,False
2025-11-09,IOS,MAU,213279.7,26-01-MAU.png,1,0.9264,False
2025-11-11,IOS,MAU,213279.7,26-01-MAU.png,1,0.9264,False
2025-11-12,IOS,MAU,213279.7,26-01-MAU.png,1,0.9264,False
2025-11-13,IOS,MAU,215633.7,26-01-MAU.png,1,0.9264,False
2025-11-14,IOS,MAU,215633.7,26-01-MAU.png,1,0.9264,False
2025-11-15,IOS,MAU,215633.7,26-01-MAU.png,1,0.9264,False
2025-11-16,IOS,MAU,215633.7,26-01-MAU.png,1,0.9264,False
2025-11-17,IOS,MAU,215633.7,26-01-MAU.png,1,0.9264,False
2025-11-18,IOS,MAU,215633.7,26-01-MAU.png,1,0.9264,False
2025-11-19,IOS,MAU,215633.7,26-01-MAU.png,1,0.9264,False
2025-11-20,IOS,MAU,215633.7,26-01-MAU.png,1,0.9264,False
2025-11-21,IOS,MAU,215633.7,26-01-MAU.png,1,0.9264,False
2025-11-22,IOS,MAU,215633.7,26-01-MAU.png,1,0.9264,False
2025-11-24,IOS,MAU,215633.7,26-01-MAU.png,1,0.9264,False
2025-11-25,IOS,MAU,215633.7,26-01-MAU.png,1,0.9264,False
2025-11-26,IOS,MAU,215633.7,26-01-MAU.png,1,0.9264,False
2025-11-27,IOS,MAU,215633.7,26-01-MAU.png,1,0.9264,False
2025-11-28,IOS,MAU,213279.7,26-01-MAU.png,1,0.9264,False
2025-11-29,IOS,MAU,210925.7,26-01-MAU.png,1,0.9264,False
2025-11-30,IOS,MAU,210925.7,26-01-MAU.png,1,0.9264,False
2025-12-01,IOS,MAU,210925.7,26-01-MAU.png,1,0.9264,False
2025-12-02,IOS,MAU,210925.7,26-01-MAU.png,1,0.9264,False
2025-12-03,IOS,MAU,210925.7,26-01-MAU.png,1,0.9264,False
2025-12-04,IOS,MAU,208571.6,26-01-MAU.png,1,0.9264,False
2025-12-05,IOS,MAU,208571.6,26-01-MAU.png,1,0.9264,False
2025-12-06,IOS,MAU,206217.6,26-01-MAU.png,1,0.9264,False
2025-12-08,IOS,MAU,206217.6,26-01-MAU.png,1,0.9264,False
2025-12-09,IOS,MAU,206217.6,26-01-MAU.png,1,0.9264,False
2025-12-10,IOS,MAU,206217.6,26-01-MAU.png,1,0.9264,False
2025-12-11,IOS,MAU,206217.6,26-01-MAU.png,1,0.9264,False
2025-12-12,IOS,MAU,206217.6,26-01-MAU.png,1,0.9264,False
2025-12-13,IOS,MAU,206217.6,26-01-MAU.png,1,0.9264,False
2025-12-14,IOS,MAU,206217.6,26-01-MAU.png,1,0.9264,False
2025-12-15,IOS,MAU,206217.6,26-01-MAU.png,1,0.9264,False
2025-12-16,IOS,MAU,208571.6,26-01-MAU.png,1,0.9264,False
2025-12-17,IOS,MAU,208571.6,26-01-MAU.png,1,0.9264,False
2025-12-18,IOS,MAU,210925.7,26-01-MAU.png,1,0.9264,False
2025-12-19,IOS,MAU,210925.7,26-01-MAU.png,1,0.9264,False
2025-12-21,IOS,MAU,210925.7,26-01-MAU.png,1,0.9264,False
2025-12-22,IOS,MAU,213279.7,26-01-MAU.png,1,0.9264,False
2025-12-23,IOS,MAU,215633.7,26-01-MAU.png,1,0.9264,False
2025-12-24,IOS,MAU,215633.7,26-01-MAU.png,1,0.9264,False
2025-12-25,IOS,MAU,215633.7,26-01-MAU.png,1,0.9264,False
2025-12-26,IOS,MAU,215633.7,26-01-MAU.png,1,0.9264,False
2025-12-27,IOS,MAU,220341.8,26-01-MAU.png,1,0.9264,False
2025-12-28,IOS,MAU,220341.8,26-01-MAU.png,1,0.9264,False
2025-12-29,IOS,MAU,220341.8,26-01-MAU.png,1,0.9264,False
2024-07-02,IOS,MAU,48240.0,26-01-MAU.png,2,0.9264,False
2024-07-03,IOS,MAU,48240.0,26-01-MAU.png,2,0.9264,False
2024-07-04,IOS,MAU,46421.2,26-01-MAU.png,2,0.9264,False
2024-07-05,IOS,MAU,46508.1,26-01-MAU.png,2,0.9264,False
2024-07-06,IOS,MAU,45924.8,26-01-MAU.png,2,0.9264,False
2024-07-07,IOS,MAU,43534.1,26-01-MAU.png,2,0.9264,False
2024-07-13,IOS,MAU,57651.7,26-01-MAU.png,2,0.9264,False
2024-07-14,IOS,MAU,57651.7,26-01-MAU.png,2,0.9264,False
2024-07-15,IOS,MAU,55108.6,26-01-MAU.png,2,0.9264,False
2024-07-16,IOS,MAU,55053.4,26-01-MAU.png,2,0.9264,False
2024-07-17,IOS,MAU,52945.8,26-01-MAU.png,2,0.9264,False
2024-07-21,IOS,MAU,57651.7,26-01-MAU.png,2,0.9264,False
2024-07-23,IOS,MAU,57651.7,26-01-MAU.png,2,0.9264,False
2024-07-25,IOS,MAU,57651.7,26-01-MAU.png,2,0.9264,False
2024-07-26,IOS,MAU,57651.7,26-01-MAU.png,2,0.9264,False
2024-07-27,IOS,MAU,59784.6,26-01-MAU.png,2,0.9264,False
2024-07-28,IOS,MAU,59447.1,26-01-MAU.png,2,0.9264,False
2024-07-29,IOS,MAU,59784.6,26-01-MAU.png,2,0.9264,False
2024-07-30,IOS,MAU,59784.6,26-01-MAU.png,2,0.9264,False
2024-07-31,IOS,MAU,57651.7,26-01-MAU.png,2,0.9264,False
2024-08-01,IOS,MAU,57651.7,26-01-MAU.png,2,0.9264,False
2024-08-03,IOS,MAU,59572.9,26-01-MAU.png,2,0.9264,False
2024-08-05,IOS,MAU,61201.9,26-01-MAU.png,2,0.9264,False
2024-08-06,IOS,MAU,57651.7,26-01-MAU.png,2,0.9264,False
2024-08-07,IOS,MAU,57651.7,26-01-MAU.png,2,0.9264,False
2024-08-08,IOS,MAU,57651.7,26-01-MAU.png,2,0.9264,False
2024-08-17,IOS,MAU,67063.4,26-01-MAU.png,2,0.9264,False
2024-08-19,IOS,MAU,57651.7,26-01-MAU.png,2,0.9264,False
2024-08-28,IOS,MAU,59980.1,26-01-MAU.png,2,0.9264,False
2024-08-29,IOS,MAU,57651.7,26-01-MAU.png,2,0.9264,False
2024-08-30,IOS,MAU,62357.5,26-01-MAU.png,2,0.9264,False
2024-08-31,IOS,MAU,67063.4,26-01-MAU.png,2,0.9264,False
2024-09-02,IOS,MAU,67063.4,26-01-MAU.png,2,0.9264,False
2024-09-03,IOS,MAU,64672.0,26-01-MAU.png,2,0.9264,False
2024-09-04,IOS,MAU,62357.5,26-01-MAU.png,2,0.9264,False
2024-09-05,IOS,MAU,62357.5,26-01-MAU.png,2,0.9264,False
2024-09-06,IOS,MAU,62357.5,26-01-MAU.png,2,0.9264,False
2024-09-07,IOS,MAU,62357.5,26-01-MAU.png,2,0.9264,False
2024-09-08,IOS,MAU,62357.5,26-01-MAU.png,2,0.9264,False
2024-09-09,IOS,MAU,64762.6,26-01-MAU.png,2,0.9264,False
2024-09-10,IOS,MAU,64734.9,26-01-MAU.png,2,0.9264,False
2024-09-11,IOS,MAU,64734.9,26-01-MAU.png,2,0.9264,False
2024-09-12,IOS,MAU,64622.8,26-01-MAU.png,2,0.9264,False
2024-09-13,IOS,MAU,64734.9,26-01-MAU.png,2,0.9264,False
2024-09-15,IOS,MAU,67063.4,26-01-MAU.png,2,0.9264,False
2024-09-16,IOS,MAU,69309.5,26-01-MAU.png,2,0.9264,False
2024-09-17,IOS,MAU,69312.1,26-01-MAU.png,2,0.9264,False
2024-09-18,IOS,MAU,64598.4,26-01-MAU.png,2,0.9264,False
2024-09-19,IOS,MAU,62357.5,26-01-MAU.png,2,0.9264,False
2024-09-20,IOS,MAU,62357.5,26-01-MAU.png,2,0.9264,False
2024-09-21,IOS,MAU,62357.5,26-01-MAU.png,2,0.9264,False
2024-09-22,IOS,MAU,62357.5,26-01-MAU.png,2,0.9264,False
2024-10-09,IOS,MAU,76475.1,26-01-MAU.png,2,0.9264,False
2024-10-10,IOS,MAU,76475.1,26-01-MAU.png,2,0.9264,False
2025-02-05,IOS,MAU,90592.6,26-01-MAU.png,2,0.9264,False
2025-02-06,IOS,MAU,88377.6,26-01-MAU.png,2,0.9264,False
2025-02-07,IOS,MAU,90592.6,26-01-MAU.png,2,0.9264,False
2025-02-09,IOS,MAU,90592.6,26-01-MAU.png,2,0.9264,False
2025-02-10,IOS,MAU,90592.6,26-01-MAU.png,2,0.9264,False
2025-02-16,IOS,MAU,95298.5,26-01-MAU.png,2,0.9264,False
2025-02-17,IOS,MAU,95298.5,26-01-MAU.png,2,0.9264,False
2025-02-18,IOS,MAU,95298.5,26-01-MAU.png,2,0.9264,False
2025-02-19,IOS,MAU,95298.5,26-01-MAU.png,2,0.9264,False
2025-02-25,IOS,MAU,90592.6,26-01-MAU.png,2,0.9264,False
2025-02-26,IOS,MAU,90592.6,26-01-MAU.png,2,0.9264,False
2025-02-27,IOS,MAU,90592.6,26-01-MAU.png,2,0.9264,False
2025-02-28,IOS,MAU,95298.5,26-01-MAU.png,2,0.9264,False
2025-03-01,IOS,MAU,100004.3,26-01-MAU.png,2,0.9264,False
2025-03-02,IOS,MAU,103420.9,26-01-MAU.png,2,0.9264,False
2025-03-03,IOS,MAU,102167.2,26-01-MAU.png,2,0.9264,False
2025-03-04,IOS,MAU,101618.3,26-01-MAU.png,2,0.9264,False
2025-03-05,IOS,MAU,100456.9,26-01-MAU.png,2,0.9264,False
2025-03-06,IOS,MAU,100456.9,26-01-MAU.png,2,0.9264,False
2025-03-07,IOS,MAU,104710.2,26-01-MAU.png,2,0.9264,False
2025-03-08,IOS,MAU,104710.2,26-01-MAU.png,2,0.9264,False
2025-03-11,IOS,MAU,104710.2,26-01-MAU.png,2,0.9264,False
2025-03-12,IOS,MAU,107518.7,26-01-MAU.png,2,0.9264,False
2025-03-13,IOS,MAU,107157.5,26-01-MAU.png,2,0.9264,False
2025-03-14,IOS,MAU,107122.4,26-01-MAU.png,2,0.9264,False
2025-03-15,IOS,MAU,109416.0,26-01-MAU.png,2,0.9264,False
2025-03-16,IOS,MAU,109416.0,26-01-MAU.png,2,0.9264,False
2025-03-17,IOS,MAU,109416.0,26-01-MAU.png,2,0.9264,False
2025-03-18,IOS,MAU,109416.0,26-01-MAU.png,2,0.9264,False
2025-03-23,IOS,MAU,114121.9,26-01-MAU.png,2,0.9264,False
2025-03-25,IOS,MAU,114121.9,26-01-MAU.png,2,0.9264,False
2025-03-26,IOS,MAU,114121.9,26-01-MAU.png,2,0.9264,False
2025-03-27,IOS,MAU,114121.9,26-01-MAU.png,2,0.9264,False
2025-03-28,IOS,MAU,114121.9,26-01-MAU.png,2,0.9264,False
2025-03-29,IOS,MAU,114121.9,26-01-MAU.png,2,0.9264,False
2025-03-30,IOS,MAU,114121.9,26-01-MAU.png,2,0.9264,False
2025-04-01,IOS,MAU,118827.7,26-01-MAU.png,2,0.9264,False
2025-04-02,IOS,MAU,118827.7,26-01-MAU.png,2,0.9264,False
2025-04-03,IOS,MAU,116542.8,26-01-MAU.png,2,0.9264,False
2025-04-04,IOS,MAU,114093.9,26-01-MAU.png,2,0.9264,False
2025-04-05,IOS,MAU,116511.2,26-01-MAU.png,2,0.9264,False
2025-04-07,IOS,MAU,116511.2,26-01-MAU.png,2,0.9264,False
2025-04-08,IOS,MAU,116772.8,26-01-MAU.png,2,0.9264,False
2025-04-17,IOS,MAU,123533.6,26-01-MAU.png,2,0.9264,False
2025-05-10,IOS,MAU,132945.3,26-01-MAU.png,2,0.9264,False
2025-05-11,IOS,MAU,132945.3,26-01-MAU.png,2,0.9264,False
2025-05-12,IOS,MAU,132945.3,26-01-MAU.png,2,0.9264,False
2025-05-13,IOS,MAU,131066.5,26-01-MAU.png,2,0.9264,False
2025-05-14,IOS,MAU,128474.4,26-01-MAU.png,2,0.9264,False
2025-05-15,IOS,MAU,130732.0,26-01-MAU.png,2,0.9264,False
2025-05-16,IOS,MAU,128239.4,26-01-MAU.png,2,0.9264,False
2025-05-18,IOS,MAU,128239.4,26-01-MAU.png,2,0.9264,False
2025-05-19,IOS,MAU,130252.9,26-01-MAU.png,2,0.9264,False
2025-05-20,IOS,MAU,133082.6,26-01-MAU.png,2,0.9264,False
2025-05-21,IOS,MAU,132212.0,26-01-MAU.png,2,0.9264,False
2025-05-22,IOS,MAU,132659.4,26-01-MAU.png,2,0.9264,False
2025-05-23,IOS,MAU,132143.3,26-01-MAU.png,2,0.9264,False
2025-05-24,IOS,MAU,131862.4,26-01-MAU.png,2,0.9264,False
2025-05-25,IOS,MAU,130294.7,26-01-MAU.png,2,0.9264,False
2025-05-26,IOS,MAU,132378.8,26-01-MAU.png,2,0.9264,False
2025-05-27,IOS,MAU,130533.1,26-01-MAU.png,2,0.9264,False
2025-05-28,IOS,MAU,130533.1,26-01-MAU.png,2,0.9264,False
2025-05-29,IOS,MAU,128239.4,26-01-MAU.png,2,0.9264,False
2025-05-31,IOS,MAU,128239.4,26-01-MAU.png,2,0.9264,False
2025-06-08,IOS,MAU,142357.0,26-01-MAU.png,2,0.9264,False
2025-06-09,IOS,MAU,139895.0,26-01-MAU.png,2,0.9264,False
2025-06-10,IOS,MAU,142357.0,26-01-MAU.png,2,0.9264,False
2025-06-11,IOS,MAU,137651.1,26-01-MAU.png,2,0.9264,False
2025-06-12,IOS,MAU,140126.7,26-01-MAU.png,2,0.9264,False
2025-06-14,IOS,MAU,139586.2,26-01-MAU.png,2,0.9264,False
2025-06-15,IOS,MAU,142676.9,26-01-MAU.png,2,0.9264,False
2025-06-16,IOS,MAU,141963.6,26-01-MAU.png,2,0.9264,False
2025-06-17,IOS,MAU,144709.9,26-01-MAU.png,2,0.9264,False
2025-06-18,IOS,MAU,144469.2,26-01-MAU.png,2,0.9264,False
2025-06-19,IOS,MAU,144834.2,26-01-MAU.png,2,0.9264,False
2025-06-20,IOS,MAU,147146.0,26-01-MAU.png,2,0.9264,False
2025-06-21,IOS,MAU,145415.7,26-01-MAU.png,2,0.9264,False
2025-06-22,IOS,MAU,147062.8,26-01-MAU.png,2,0.9264,False
2025-07-29,IOS,MAU,153182.5,26-01-MAU.png,2,0.9264,False
2025-07-30,IOS,MAU,154826.7,26-01-MAU.png,2,0.9264,False
2025-08-09,IOS,MAU,156474.5,26-01-MAU.png,2,0.9264,False
2025-08-10,IOS,MAU,156474.5,26-01-MAU.png,2,0.9264,False
2025-08-12,IOS,MAU,165886.2,26-01-MAU.png,2,0.9264,False
2025-08-13,IOS,MAU,164370.1,26-01-MAU.png,2,0.9264,False
2025-08-14,IOS,MAU,164089.0,26-01-MAU.png,2,0.9264,False
2025-08-15,IOS,MAU,162898.1,26-01-MAU.png,2,0.9264,False
2025-08-16,IOS,MAU,163740.5,26-01-MAU.png,2,0.9264,False
2025-08-17,IOS,MAU,165868.4,26-01-MAU.png,2,0.9264,False
2025-08-18,IOS,MAU,166677.0,26-01-MAU.png,2,0.9264,False
2025-08-19,IOS,MAU,167098.0,26-01-MAU.png,2,0.9264,False
2025-08-21,IOS,MAU,168016.4,26-01-MAU.png,2,0.9264,False
2025-08-22,IOS,MAU,167566.7,26-01-MAU.png,2,0.9264,False
2025-09-28,IOS,MAU,198852.9,26-01-MAU.png,2,0.9264,False
2025-09-29,IOS,MAU,201180.1,26-01-MAU.png,2,0.9264,False
2025-10-01,IOS,MAU,201180.1,26-01-MAU.png,2,0.9264,False
2025-10-02,IOS,MAU,201158.0,26-01-MAU.png,2,0.9264,False
2025-10-12,IOS,MAU,222356.4,26-01-MAU.png,2,0.9264,False
2025-10-14,IOS,MAU,221067.2,26-01-MAU.png,2,0.9264,False
2025-10-15,IOS,MAU,219089.2,26-01-MAU.png,2,0.9264,False
2025-10-16,IOS,MAU,220643.7,26-01-MAU.png,2,0.9264,False
2025-10-17,IOS,MAU,219966.1,26-01-MAU.png,2,0.9264,False
2025-10-18,IOS,MAU,220259.0,26-01-MAU.png,2,0.9264,False
2025-10-19,IOS,MAU,220279.1,26-01-MAU.png,2,0.9264,False
2025-10-20,IOS,MAU,222356.4,26-01-MAU.png,2,0.9264,False
2025-10-21,IOS,MAU,222356.4,26-01-MAU.png,2,0.9264,False
2025-10-22,IOS,MAU,212944.7,26-01-MAU.png,2,0.9264,False
2025-11-03,IOS,MAU,208238.9,26-01-MAU.png,2,0.9264,False
2025-11-04,IOS,MAU,208238.9,26-01-MAU.png,2,0.9264,False
2025-11-05,IOS,MAU,208238.9,26-01-MAU.png,2,0.9264,False
2025-11-07,IOS,MAU,208238.9,26-01-MAU.png,2,0.9264,False
2025-11-09,IOS,MAU,208238.9,26-01-MAU.png,2,0.9264,False
2025-11-12,IOS,MAU,208238.9,26-01-MAU.png,2,0.9264,False
2025-11-13,IOS,MAU,208238.9,26-01-MAU.png,2,0.9264,False
2025-12-11,IOS,MAU,205886.0,26-01-MAU.png,2,0.9264,False
2025-12-12,IOS,MAU,203533.0,26-01-MAU.png,2,0.9264,False
2025-12-13,IOS,MAU,203533.0,26-01-MAU.png,2,0.9264,False
2025-12-14,IOS,MAU,203533.0,26-01-MAU.png,2,0.9264,False
2025-12-15,IOS,MAU,203533.0,26-01-MAU.png,2,0.9264,False
2025-12-16,IOS,MAU,203533.0,26-01-MAU.png,2,0.9264,False
2025-12-17,IOS,MAU,203533.0,26-01-MAU.png,2,0.9264,False
2025-12-29,IOS,MAU,222356.4,26-01-MAU.png,2,0.9264,False
2024-07-02,AOS,MAU,81453.7,26-01-MAU.png,1,0.9264,False
2024-07-03,AOS,MAU,83807.7,26-01-MAU.png,1,0.9264,False
2024-07-04,AOS,MAU,86161.7,26-01-MAU.png,1,0.9264,False
2024-07-05,AOS,MAU,88515.8,26-01-MAU.png,1,0.9264,False
2024-07-06,AOS,MAU,90869.8,26-01-MAU.png,1,0.9264,False
2024-07-07,AOS,MAU,93223.8,26-01-MAU.png,1,0.9264,False
2024-07-09,AOS,MAU,97931.9,26-01-MAU.png,1,0.9264,False
2024-07-10,AOS,MAU,97931.9,26-01-MAU.png,1,0.9264,False
2024-07-11,AOS,MAU,102640.0,26-01-MAU.png,1,0.9264,False
2024-07-12,AOS,MAU,102640.0,26-01-MAU.png,1,0.9264,False
2024-07-13,AOS,MAU,107348.1,26-01-MAU.png,1,0.9264,False
2024-07-14,AOS,MAU,107348.1,26-01-MAU.png,1,0.9264,False
2024-07-15,AOS,MAU,112056.1,26-01-MAU.png,1,0.9264,False
2024-07-16,AOS,MAU,114410.2,26-01-MAU.png,1,0.9264,False
2024-07-17,AOS,MAU,116764.2,26-01-MAU.png,1,0.9264,False
2024-07-18,AOS,MAU,119118.2,26-01-MAU.png,1,0.9264,False
2024-07-19,AOS,MAU,121472.3,26-01-MAU.png,1,0.9264,False
2024-07-20,AOS,MAU,123826.3,26-01-MAU.png,1,0.9264,False
2024-07-21,AOS,MAU,126180.3,26-01-MAU.png,1,0.9264,False
2024-07-23,AOS,MAU,126180.3,26-01-MAU.png,1,0.9264,False
2024-07-24,AOS,MAU,126180.3,26-01-MAU.png,1,0.9264,False
2024-07-25,AOS,MAU,126180.3,26-01-MAU.png,1,0.9264,False
2024-07-26,AOS,MAU,126180.3,26-01-MAU.png,1,0.9264,False
2024-07-27,AOS,MAU,126180.3,26-01-MAU.png,1,0.9264,False
2024-07-28,AOS,MAU,126180.3,26-01-MAU.png,1,0.9264,False
2024-07-29,AOS,MAU,126180.3,26-01-MAU.png,1,0.9264,False
2024-07-30,AOS,MAU,126180.3,26-01-MAU.png,1,0.9264,False
2024-07-31,AOS,MAU,126180.3,26-01-MAU.png,1,0.9264,False
2024-08-01,AOS,MAU,126180.3,26-01-MAU.png,1,0.9264,False
2024-08-02,AOS,MAU,126180.3,26-01-MAU.png,1,0.9264,False
2024-08-03,AOS,MAU,126180.3,26-01-MAU.png,1,0.9264,False
2024-08-05,AOS,MAU,126180.3,26-01-MAU.png,1,0.9264,False
2024-08-06,AOS,MAU,126180.3,26-01-MAU.png,1,0.9264,False
2024-08-07,AOS,MAU,126180.3,26-01-MAU.png,1,0.9264,False
2024-08-08,AOS,MAU,126180.3,26-01-MAU.png,1,0.9264,False
2024-08-09,AOS,MAU,126180.3,26-01-MAU.png,1,0.9264,False
2024-08-10,AOS,MAU,126180.3,26-01-MAU.png,1,0.9264,False
2024-08-11,AOS,MAU,126180.3,26-01-MAU.png,1,0.9264,False
2024-08-12,AOS,MAU,126180.3,26-01-MAU.png,1,0.9264,False
2024-08-13,AOS,MAU,128534.4,26-01-MAU.png,1,0.9264,False
2024-08-14,AOS,MAU,128534.4,26-01-MAU.png,1,0.9264,False
2024-08-15,AOS,MAU,128534.4,26-01-MAU.png,1,0.9264,False
2024-08-16,AOS,MAU,130888.4,26-01-MAU.png,1,0.9264,False
2024-08-17,AOS,MAU,130888.4,26-01-MAU.png,1,0.9264,False
2024-08-19,AOS,MAU,130888.4,26-01-MAU.png,1,0.9264,False
2024-08-20,AOS,MAU,130888.4,26-01-MAU.png,1,0.9264,False
2024-08-21,AOS,MAU,130888.4,26-01-MAU.png,1,0.9264,False
2024-08-22,AOS,MAU,130888.4,26-01-MAU.png,1,0.9264,False
2024-08-23,AOS,MAU,130888.4,26-01-MAU.png,1,0.9264,False
2024-08-24,AOS,MAU,130888.4,26-01-MAU.png,1,0.9264,False
2024-08-25,AOS,MAU,130888.4,26-01-MAU.png,1,0.9264,False
2024-08-26,AOS,MAU,130888.4,26-01-MAU.png,1,0.9264,False
2024-08-27,AOS,MAU,130888.4,26-01-MAU.png,1,0.9264,False
2024-08-28,AOS,MAU,133242.5,26-01-MAU.png,1,0.9264,False
2024-08-29,AOS,MAU,133242.5,26-01-MAU.png,1,0.9264,False
2024-08-30,AOS,MAU,135596.5,26-01-MAU.png,1,0.9264,False
2024-08-31,AOS,MAU,135596.5,26-01-MAU.png,1,0.9264,False
2024-09-02,AOS,MAU,135596.5,26-01-MAU.png,1,0.9264,False
2024-09-03,AOS,MAU,135596.5,26-01-MAU.png,1,0.9264,False
2024-09-04,AOS,MAU,135596.5,26-01-MAU.png,1,0.9264,False
2024-09-05,AOS,MAU,137950.5,26-01-MAU.png,1,0.9264,False
2024-09-06,AOS,MAU,137950.5,26-01-MAU.png,1,0.9264,False
2024-09-07,AOS,MAU,140304.6,26-01-MAU.png,1,0.9264,False
2024-09-08,AOS,MAU,140304.6,26-01-MAU.png,1,0.9264,False
2024-09-09,AOS,MAU,140304.6,26-01-MAU.png,1,0.9264,False
2024-09-10,AOS,MAU,140304.6,26-01-MAU.png,1,0.9264,False
2024-09-11,AOS,MAU,140304.6,26-01-MAU.png,1,0.9264,False
2024-09-12,AOS,MAU,142658.6,26-01-MAU.png,1,0.9264,False
2024-09-13,AOS,MAU,142658.6,26-01-MAU.png,1,0.9264,False
2024-09-15,AOS,MAU,145012.6,26-01-MAU.png,1,0.9264,False
2024-09-16,AOS,MAU,145012.6,26-01-MAU.png,1,0.9264,False
2024-09-17,AOS,MAU,145012.6,26-01-MAU.png,1,0.9264,False
2024-09-18,AOS,MAU,147366.7,26-01-MAU.png,1,0.9264,False
2024-09-19,AOS,MAU,149720.7,26-01-MAU.png,1,0.9264,False
2024-09-20,AOS,MAU,149720.7,26-01-MAU.png,1,0.9264,False
2024-09-21,AOS,MAU,149720.7,26-01-MAU.png,1,0.9264,False
2024-09-22,AOS,MAU,152074.7,26-01-MAU.png,1,0.9264,False
2024-09-23,AOS,MAU,152074.7,26-01-MAU.png,1,0.9264,False
2024-09-24,AOS,MAU,154428.8,26-01-MAU.png,1,0.9264,False
2024-09-25,AOS,MAU,154428.8,26-01-MAU.png,1,0.9264,False
2024-09-26,AOS,MAU,156782.8,26-01-MAU.png,1,0.9264,False
2024-09-27,AOS,MAU,156782.8,26-01-MAU.png,1,0.9264,False
2024-09-29,AOS,MAU,159136.9,26-01-MAU.png,1,0.9264,False
2024-09-30,AOS,MAU,159136.9,26-01-MAU.png,1,0.9264,False
2024-10-01,AOS,MAU,159136.9,26-01-MAU.png,1,0.9264,False
2024-10-02,AOS,MAU,161490.9,26-01-MAU.png,1,0.9264,False
2024-10-03,AOS,MAU,163844.9,26-01-MAU.png,1,0.9264,False
2024-10-04,AOS,MAU,163844.9,26-01-MAU.png,1,0.9264,False
2024-10-05,AOS,MAU,163844.9,26-01-MAU.png,1,0.9264,False
2024-10-06,AOS,MAU,166199.0,26-01-MAU.png,1,0.9264,False
2024-10-07,AOS,MAU,168553.0,26-01-MAU.png,1,0.9264,False
2024-10-08,AOS,MAU,168553.0,26-01-MAU.png,1,0.9264,False
2024-10-09,AOS,MAU,168553.0,26-01-MAU.png,1,0.9264,False
2024-10-10,AOS,MAU,170907.0,26-01-MAU.png,1,0.9264,False
2024-10-12,AOS,MAU,173261.1,26-01-MAU.png,1,0.9264,False
2024-10-13,AOS,MAU,173261.1,26-01-MAU.png,1,0.9264,False
2024-10-14,AOS,MAU,173261.1,26-01-MAU.png,1,0.9264,False
2024-10-15,AOS,MAU,175615.1,26-01-MAU.png,1,0.9264,False
2024-10-16,AOS,MAU,175615.1,26-01-MAU.png,1,0.9264,False
2024-10-17,AOS,MAU,177969.1,26-01-MAU.png,1,0.9264,False
2024-10-18,AOS,MAU,177969.1,26-01-MAU.png,1,0.9264,False
2024-10-19,AOS,MAU,180323.2,26-01-MAU.png,1,0.9264,False
2024-10-20,AOS,MAU,180323.2,26-01-MAU.png,1,0.9264,False
2024-10-21,AOS,MAU,182677.2,26-01-MAU.png,1,0.9264,False
2024-10-22,AOS,MAU,182677.2,26-01-MAU.png,1,0.9264,False
2024-10-23,AOS,MAU,182677.2,26-01-MAU.png,1,0.9264,False
2024-10-24,AOS,MAU,182677.2,26-01-MAU.png,1,0.9264,False
2024-10-26,AOS,MAU,185031.3,26-01-MAU.png,1,0.9264,False
2024-10-27,AOS,MAU,185031.3,26-01-MAU.png,1,0.9264,False
2024-10-28,AOS,MAU,182677.2,26-01-MAU.png,1,0.9264,False
2024-10-29,AOS,MAU,182677.2,26-01-MAU.png,1,0.9264,False
2024-10-30,AOS,MAU,185031.3,26-01-MAU.png,1,0.9264,False
2024-10-31,AOS,MAU,185031.3,26-01-MAU.png,1,0.9264,False
2024-11-01,AOS,MAU,185031.3,26-01-MAU.png,1,0.9264,False
2024-11-02,AOS,MAU,185031.3,26-01-MAU.png,1,0.9264,False
2024-11-03,AOS,MAU,185031.3,26-01-MAU.png,1,0.9264,False
2024-11-04,AOS,MAU,185031.3,26-01-MAU.png,1,0.9264,False
2024-11-05,AOS,MAU,185031.3,26-01-MAU.png,1,0.9264,False
2024-11-06,AOS,MAU,187385.3,26-01-MAU.png,1,0.9264,False
2024-11-07,AOS,MAU,187385.3,26-01-MAU.png,1,0.9264,False
2024-11-09,AOS,MAU,187385.3,26-01-MAU.png,1,0.9264,False
2024-11-10,AOS,MAU,187385.3,26-01-MAU.png,1,0.9264,False
2024-11-11,AOS,MAU,187385.3,26-01-MAU.png,1,0.9264,False
2024-11-12,AOS,MAU,187385.3,26-01-MAU.png,1,0.9264,False
2024-11-13,AOS,MAU,187385.3,26-01-MAU.png,1,0.9264,False
2024-11-14,AOS,MAU,187385.3,26-01-MAU.png,1,0.9264,False
2024-11-15,AOS,MAU,187385.3,26-01-MAU.png,1,0.9264,False
2024-11-16,AOS,MAU,187385.3,26-01-MAU.png,1,0.9264,False
2024-11-17,AOS,MAU,187385.3,26-01-MAU.png,1,0.9264,False
2024-11-18,AOS,MAU,187385.3,26-01-MAU.png,1,0.9264,False
2024-11-19,AOS,MAU,187385.3,26-01-MAU.png,1,0.9264,False
2024-11-20,AOS,MAU,187385.3,26-01-MAU.png,1,0.9264,False
2024-11-22,AOS,MAU,187385.3,26-01-MAU.png,1,0.9264,False
2024-11-23,AOS,MAU,187385.3,26-01-MAU.png,1,0.9264,False
2024-11-24,AOS,MAU,187385.3,26-01-MAU.png,1,0.9264,False
2024-11-25,AOS,MAU,187385.3,26-01-MAU.png,1,0.9264,False
2024-11-26,AOS,MAU,187385.3,26-01-MAU.png,1,0.9264,False
2024-11-27,AOS,MAU,187385.3,26-01-MAU.png,1,0.9264,False
2024-11-28,AOS,MAU,187385.3,26-01-MAU.png,1,0.9264,False
2024-11-29,AOS,MAU,187385.3,26-01-MAU.png,1,0.9264,False
2024-11-30,AOS,MAU,187385.3,26-01-MAU.png,1,0.9264,False
2024-12-01,AOS,MAU,189739.3,26-01-MAU.png,1,0.9264,False
2024-12-02,AOS,MAU,189739.3,26-01-MAU.png,1,0.9264,False
2024-12-03,AOS,MAU,189739.3,26-01-MAU.png,1,0.9264,False
2024-12-04,AOS,MAU,189739.3,26-01-MAU.png,1,0.9264,False
2024-12-06,AOS,MAU,192093.4,26-01-MAU.png,1,0.9264,False
2024-12-07,AOS,MAU,192093.4,26-01-MAU.png,1,0.9264,False
2024-12-08,AOS,MAU,192093.4,26-01-MAU.png,1,0.9264,False
2024-12-09,AOS,MAU,194447.4,26-01-MAU.png,1,0.9264,False
2024-12-10,AOS,MAU,194447.4,26-01-MAU.png,1,0.9264,False
2024-12-11,AOS,MAU,194447.4,26-01-MAU.png,1,0.9264,False
2024-12-12,AOS,MAU,196801.4,26-01-MAU.png,1,0.9264,False
2024-12-13,AOS,MAU,196801.4,26-01-MAU.png,1,0.9264,False
2024-12-14,AOS,MAU,196801.4,26-01-MAU.png,1,0.9264,False
2024-12-15,AOS,MAU,199155.5,26-01-MAU.png,1,0.9264,False
2024-12-16,AOS,MAU,199155.5,26-01-MAU.png,1,0.9264,False
2024-12-17,AOS,MAU,199155.5,26-01-MAU.png,1,0.9264,False
2024-12-19,AOS,MAU,199155.5,26-01-MAU.png,1,0.9264,False
2024-12-20,AOS,MAU,199155.5,26-01-MAU.png,1,0.9264,False
2024-12-21,AOS,MAU,196801.4,26-01-MAU.png,1,0.9264,False
2024-12-22,AOS,MAU,196801.4,26-01-MAU.png,1,0.9264,False
2024-12-23,AOS,MAU,196801.4,26-01-MAU.png,1,0.9264,False
2024-12-24,AOS,MAU,196801.4,26-01-MAU.png,1,0.9264,False
2024-12-25,AOS,MAU,196801.4,26-01-MAU.png,1,0.9264,False
2024-12-26,AOS,MAU,196801.4,26-01-MAU.png,1,0.9264,False
2024-12-27,AOS,MAU,196801.4,26-01-MAU.png,1,0.9264,False
2024-12-28,AOS,MAU,194447.4,26-01-MAU.png,1,0.9264,False
2024-12-29,AOS,MAU,194447.4,26-01-MAU.png,1,0.9264,False
2024-12-30,AOS,MAU,194447.4,26-01-MAU.png,1,0.9264,False
2024-12-31,AOS,MAU,194447.4,26-01-MAU.png,1,0.9264,False
2025-01-02,AOS,MAU,194447.4,26-01-MAU.png,1,0.9264,False
2025-01-03,AOS,MAU,194447.4,26-01-MAU.png,1,0.9264,False
2025-01-04,AOS,MAU,192093.4,26-01-MAU.png,1,0.9264,False
2025-01-05,AOS,MAU,192093.4,26-01-MAU.png,1,0.9264,False
2025-01-06,AOS,MAU,192093.4,26-01-MAU.png,1,0.9264,False
2025-01-07,AOS,MAU,192093.4,26-01-MAU.png,1,0.9264,False
2025-01-08,AOS,MAU,192093.4,26-01-MAU.png,1,0.9264,False
2025-01-09,AOS,MAU,194447.4,26-01-MAU.png,1,0.9264,False
2025-01-10,AOS,MAU,194447.4,26-01-MAU.png,1,0.9264,False
2025-01-11,AOS,MAU,194447.4,26-01-MAU.png,1,0.9264,False
2025-01-12,AOS,MAU,194447.4,26-01-MAU.png,1,0.9264,False
2025-01-13,AOS,MAU,194447.4,26-01-MAU.png,1,0.9264,False
2025-01-14,AOS,MAU,194447.4,26-01-MAU.png,1,0.9264,False
2025-01-16,AOS,MAU,194447.4,26-01-MAU.png,1,0.9264,False
2025-01-17,AOS,MAU,196801.4,26-01-MAU.png,1,0.9264,False
2025-01-18,AOS,MAU,196801.4,26-01-MAU.png,1,0.9264,False
2025-01-19,AOS,MAU,196801.4,26-01-MAU.png,1,0.9264,False
2025-01-20,AOS,MAU,196801.4,26-01-MAU.png,1,0.9264,False
2025-01-21,AOS,MAU,196801.4,26-01-MAU.png,1,0.9264,False
2025-01-22,AOS,MAU,196801.4,26-01-MAU.png,1,0.9264,False
2025-01-23,AOS,MAU,196801.4,26-01-MAU.png,1,0.9264,False
2025-01-24,AOS,MAU,199155.5,26-01-MAU.png,1,0.9264,False
2025-01-25,AOS,MAU,199155.5,26-01-MAU.png,1,0.9264,False
2025-01-26,AOS,MAU,201509.5,26-01-MAU.png,1,0.9264,False
2025-01-27,AOS,MAU,201509.5,26-01-MAU.png,1,0.9264,False
2025-01-29,AOS,MAU,203863.5,26-01-MAU.png,1,0.9264,False
2025-01-30,AOS,MAU,203863.5,26-01-MAU.png,1,0.9264,False
2025-01-31,AOS,MAU,206217.6,26-01-MAU.png,1,0.9264,False
2025-02-01,AOS,MAU,208571.6,26-01-MAU.png,1,0.9264,False
2025-02-02,AOS,MAU,208571.6,26-01-MAU.png,1,0.9264,False
2025-02-03,AOS,MAU,210925.7,26-01-MAU.png,1,0.9264,False
2025-02-04,AOS,MAU,213279.7,26-01-MAU.png,1,0.9264,False
2025-02-05,AOS,MAU,213279.7,26-01-MAU.png,1,0.9264,False
2025-02-06,AOS,MAU,215633.7,26-01-MAU.png,1,0.9264,False
2025-02-07,AOS,MAU,215633.7,26-01-MAU.png,1,0.9264,False
2025-02-08,AOS,MAU,217987.8,26-01-MAU.png,1,0.9264,False
2025-02-09,AOS,MAU,220341.8,26-01-MAU.png,1,0.9264,False
2025-02-10,AOS,MAU,220341.8,26-01-MAU.png,1,0.9264,False
2025-02-12,AOS,MAU,222695.8,26-01-MAU.png,1,0.9264,False
2025-02-13,AOS,MAU,222695.8,26-01-MAU.png,1,0.9264,False
2025-02-14,AOS,MAU,227403.9,26-01-MAU.png,1,0.9264,False
2025-02-15,AOS,MAU,227403.9,26-01-MAU.png,1,0.9264,False
2025-02-16,AOS,MAU,229757.9,26-01-MAU.png,1,0.9264,False
2025-02-17,AOS,MAU,232112.0,26-01-MAU.png,1,0.9264,False
2025-02-18,AOS,MAU,232112.0,26-01-MAU.png,1,0.9264,False
2025-02-19,AOS,MAU,234466.0,26-01-MAU.png,1,0.9264,False
2025-02-20,AOS,MAU,236820.1,26-01-MAU.png,1,0.9264,False
2025-02-21,AOS,MAU,239174.1,26-01-MAU.png,1,0.9264,False
2025-02-22,AOS,MAU,241528.1,26-01-MAU.png,1,0.9264,False
2025-02-23,AOS,MAU,241528.1,26-01-MAU.png,1,0.9264,False
2025-02-25,AOS,MAU,243882.2,26-01-MAU.png,1,0.9264,False
2025-02-26,AOS,MAU,246236.2,26-01-MAU.png,1,0.9264,False
2025-02-27,AOS,MAU,248590.2,26-01-MAU.png,1,0.9264,False
2025-02-28,AOS,MAU,250944.3,26-01-MAU.png,1,0.9264,False
2025-03-01,AOS,MAU,250944.3,26-01-MAU.png,1,0.9264,False
2025-03-02,AOS,MAU,253298.3,26-01-MAU.png,1,0.9264,False
2025-03-03,AOS,MAU,255652.3,26-01-MAU.png,1,0.9264,False
2025-03-04,AOS,MAU,258006.4,26-01-MAU.png,1,0.9264,False
2025-03-05,AOS,MAU,258006.4,26-01-MAU.png,1,0.9264,False
2025-03-06,AOS,MAU,260360.4,26-01-MAU.png,1,0.9264,False
2025-03-07,AOS,MAU,262714.5,26-01-MAU.png,1,0.9264,False
2025-03-08,AOS,MAU,262714.5,26-01-MAU.png,1,0.9264,False
2025-03-09,AOS,MAU,265068.5,26-01-MAU.png,1,0.9264,False
2025-03-11,AOS,MAU,267422.5,26-01-MAU.png,1,0.9264,False
2025-03-12,AOS,MAU,267422.5,26-01-MAU.png,1,0.9264,False
2025-03-13,AOS,MAU,269776.6,26-01-MAU.png,1,0.9264,False
2025-03-14,AOS,MAU,269776.6,26-01-MAU.png,1,0.9264,False
2025-03-15,AOS,MAU,272130.6,26-01-MAU.png,1,0.9264,False
2025-03-16,AOS,MAU,274484.6,26-01-MAU.png,1,0.9264,False
2025-03-17,AOS,MAU,274484.6,26-01-MAU.png,1,0.9264,False
2025-03-18,AOS,MAU,276838.7,26-01-MAU.png,1,0.9264,False
2025-03-19,AOS,MAU,279192.7,26-01-MAU.png,1,0.9264,False
2025-03-20,AOS,MAU,279192.7,26-01-MAU.png,1,0.9264,False
2025-03-21,AOS,MAU,281546.7,26-01-MAU.png,1,0.9264,False
2025-03-22,AOS,MAU,281546.7,26-01-MAU.png,1,0.9264,False
2025-03-23,AOS,MAU,286254.8,26-01-MAU.png,1,0.9264,False
2025-03-25,AOS,MAU,286254.8,26-01-MAU.png,1,0.9264,False
2025-03-26,AOS,MAU,288608.9,26-01-MAU.png,1,0.9264,False
2025-03-27,AOS,MAU,290962.9,26-01-MAU.png,1,0.9264,False
2025-03-28,AOS,MAU,293316.9,26-01-MAU.png,1,0.9264,False
2025-03-29,AOS,MAU,295671.0,26-01-MAU.png,1,0.9264,False
2025-03-30,AOS,MAU,298025.0,26-01-MAU.png,1,0.9264,False
2025-03-31,AOS,MAU,300379.0,26-01-MAU.png,1,0.9264,False
2025-04-01,AOS,MAU,302733.1,26-01-MAU.png,1,0.9264,False
2025-04-02,AOS,MAU,305087.1,26-01-MAU.png,1,0.9264,False
2025-04-03,AOS,MAU,307441.1,26-01-MAU.png,1,0.9264,False
2025-04-04,AOS,MAU,309795.2,26-01-MAU.png,1,0.9264,False
2025-04-05,AOS,MAU,312149.2,26-01-MAU.png,1,0.9264,False
2025-04-07,AOS,MAU,314503.3,26-01-MAU.png,1,0.9264,False
2025-04-08,AOS,MAU,316857.3,26-01-MAU.png,1,0.9264,False
2025-04-09,AOS,MAU,319211.3,26-01-MAU.png,1,0.9264,False
2025-04-10,AOS,MAU,321565.4,26-01-MAU.png,1,0.9264,False
2025-04-11,AOS,MAU,321565.4,26-01-MAU.png,1,0.9264,False
2025-04-12,AOS,MAU,323919.4,26-01-MAU.png,1,0.9264,False
2025-04-13,AOS,MAU,326273.4,26-01-MAU.png,1,0.9264,False
2025-04-14,AOS,MAU,326273.4,26-01-MAU.png,1,0.9264,False
2025-04-15,AOS,MAU,326273.4,26-01-MAU.png,1,0.9264,False
2025-04-16,AOS,MAU,328627.5,26-01-MAU.png,1,0.9264,False
2025-04-17,AOS,MAU,330981.5,26-01-MAU.png,1,0.9264,False
2025-04-18,AOS,MAU,330981.5,26-01-MAU.png,1,0.9264,False
2025-04-19,AOS,MAU,333335.5,26-01-MAU.png,1,0.9264,False
2025-04-21,AOS,MAU,333335.5,26-01-MAU.png,1,0.9264,False
2025-04-22,AOS,MAU,333335.5,26-01-MAU.png,1,0.9264,False
2025-04-23,AOS,MAU,335689.6,26-01-MAU.png,1,0.9264,False
2025-04-24,AOS,MAU,335689.6,26-01-MAU.png,1,0.9264,False
2025-04-25,AOS,MAU,338043.6,26-01-MAU.png,1,0.9264,False
2025-04-26,AOS,MAU,340397.7,26-01-MAU.png,1,0.9264,False
2025-04-27,AOS,MAU,340397.7,26-01-MAU.png,1,0.9264,False
2025-04-28,AOS,MAU,342751.7,26-01-MAU.png,1,0.9264,False
2025-04-29,AOS,MAU,342751.7,26-01-MAU.png,1,0.9264,False
2025-04-30,AOS,MAU,345105.7,26-01-MAU.png,1,0.9264,False
2025-05-01,AOS,MAU,347459.8,26-01-MAU.png,1,0.9264,False
2025-05-02,AOS,MAU,347459.8,26-01-MAU.png,1,0.9264,False
2025-05-04,AOS,MAU,352167.8,26-01-MAU.png,1,0.9264,False
2025-05-05,AOS,MAU,352167.8,26-01-MAU.png,1,0.9264,False
2025-05-06,AOS,MAU,354521.9,26-01-MAU.png,1,0.9264,False
2025-05-07,AOS,MAU,356875.9,26-01-MAU.png,1,0.9264,False
2025-05-08,AOS,MAU,356875.9,26-01-MAU.png,1,0.9264,False
2025-05-09,AOS,MAU,359230.0,26-01-MAU.png,1,0.9264,False
2025-05-10,AOS,MAU,361584.0,26-01-MAU.png,1,0.9264,False
2025-05-11,AOS,MAU,363938.0,26-01-MAU.png,1,0.9264,False
2025-05-12,AOS,MAU,366292.1,26-01-MAU.png,1,0.9264,False
2025-05-13,AOS,MAU,366292.1,26-01-MAU.png,1,0.9264,False
2025-05-14,AOS,MAU,371000.1,26-01-MAU.png,1,0.9264,False
2025-05-15,AOS,MAU,371000.1,26-01-MAU.png,1,0.9264,False
2025-05-16,AOS,MAU,373354.2,26-01-MAU.png,1,0.9264,False
2025-05-18,AOS,MAU,375708.2,26-01-MAU.png,1,0.9264,False
2025-05-19,AOS,MAU,375708.2,26-01-MAU.png,1,0.9264,False
2025-05-20,AOS,MAU,375708.2,26-01-MAU.png,1,0.9264,False
2025-05-21,AOS,MAU,378062.2,26-01-MAU.png,1,0.9264,False
2025-05-22,AOS,MAU,378062.2,26-01-MAU.png,1,0.9264,False
2025-05-23,AOS,MAU,380416.3,26-01-MAU.png,1,0.9264,False
2025-05-24,AOS,MAU,380416.3,26-01-MAU.png,1,0.9264,False
2025-05-25,AOS,MAU,382770.3,26-01-MAU.png,1,0.9264,False
2025-05-26,AOS,MAU,385124.4,26-01-MAU.png,1,0.9264,False
2025-05-27,AOS,MAU,385124.4,26-01-MAU.png,1,0.9264,False
2025-05-28,AOS,MAU,385124.4,26-01-MAU.png,1,0.9264,False
2025-05-29,AOS,MAU,385124.4,26-01-MAU.png,1,0.9264,False
2025-05-31,AOS,MAU,387478.4,26-01-MAU.png,1,0.9264,False
2025-06-01,AOS,MAU,389832.4,26-01-MAU.png,1,0.9264,False
2025-06-02,AOS,MAU,389832.4,26-01-MAU.png,1,0.9264,False
2025-06-03,AOS,MAU,389832.4,26-01-MAU.png,1,0.9264,False
2025-06-04,AOS,MAU,392186.5,26-01-MAU.png,1,0.9264,False
2025-06-05,AOS,MAU,392186.5,26-01-MAU.png,1,0.9264,False
2025-06-06,AOS,MAU,394540.5,26-01-MAU.png,1,0.9264,False
2025-06-07,AOS,MAU,394540.5,26-01-MAU.png,1,0.9264,False
2025-06-08,AOS,MAU,399248.6,26-01-MAU.png,1,0.9264,False
2025-06-09,AOS,MAU,401602.6,26-01-MAU.png,1,0.9264,False
2025-06-10,AOS,MAU,403956.6,26-01-MAU.png,1,0.9264,False
2025-06-11,AOS,MAU,406310.7,26-01-MAU.png,1,0.9264,False
2025-06-12,AOS,MAU,408664.7,26-01-MAU.png,1,0.9264,False
2025-06-14,AOS,MAU,413372.8,26-01-MAU.png,1,0.9264,False
2025-06-15,AOS,MAU,415726.8,26-01-MAU.png,1,0.9264,False
2025-06-16,AOS,MAU,418080.9,26-01-MAU.png,1,0.9264,False
2025-06-17,AOS,MAU,422788.9,26-01-MAU.png,1,0.9264,False
2025-06-18,AOS,MAU,422788.9,26-01-MAU.png,1,0.9264,False
2025-06-19,AOS,MAU,427497.0,26-01-MAU.png,1,0.9264,False
2025-06-20,AOS,MAU,429851.0,26-01-MAU.png,1,0.9264,False
2025-06-21,AOS,MAU,432205.1,26-01-MAU.png,1,0.9264,False
2025-06-22,AOS,MAU,436913.2,26-01-MAU.png,1,0.9264,False
2025-06-23,AOS,MAU,436913.2,26-01-MAU.png,1,0.9264,False
2025-06-24,AOS,MAU,436913.2,26-01-MAU.png,1,0.9264,False
2025-06-25,AOS,MAU,436913.2,26-01-MAU.png,1,0.9264,False
2025-06-26,AOS,MAU,434559.1,26-01-MAU.png,1,0.9264,False
2025-06-28,AOS,MAU,432205.1,26-01-MAU.png,1,0.9264,False
2025-06-29,AOS,MAU,429851.0,26-01-MAU.png,1,0.9264,False
2025-06-30,AOS,MAU,427497.0,26-01-MAU.png,1,0.9264,False
2025-07-01,AOS,MAU,427497.0,26-01-MAU.png,1,0.9264,False
2025-07-02,AOS,MAU,422788.9,26-01-MAU.png,1,0.9264,False
2025-07-03,AOS,MAU,422788.9,26-01-MAU.png,1,0.9264,False
2025-07-04,AOS,MAU,418080.9,26-01-MAU.png,1,0.9264,False
2025-07-05,AOS,MAU,418080.9,26-01-MAU.png,1,0.9264,False
2025-07-06,AOS,MAU,415726.8,26-01-MAU.png,1,0.9264,False
2025-07-07,AOS,MAU,413372.8,26-01-MAU.png,1,0.9264,False
2025-07-08,AOS,MAU,413372.8,26-01-MAU.png,1,0.9264,False
2025-07-09,AOS,MAU,408664.7,26-01-MAU.png,1,0.9264,False
2025-07-11,AOS,MAU,408664.7,26-01-MAU.png,1,0.9264,False
2025-07-12,AOS,MAU,406310.7,26-01-MAU.png,1,0.9264,False
2025-07-13,AOS,MAU,403956.6,26-01-MAU.png,1,0.9264,False
2025-07-14,AOS,MAU,408664.7,26-01-MAU.png,1,0.9264,False
2025-07-15,AOS,MAU,413372.8,26-01-MAU.png,1,0.9264,False
2025-07-16,AOS,MAU,422788.9,26-01-MAU.png,1,0.9264,False
2025-07-17,AOS,MAU,427497.0,26-01-MAU.png,1,0.9264,False
2025-07-18,AOS,MAU,436913.2,26-01-MAU.png,1,0.9264,False
2025-07-19,AOS,MAU,441621.2,26-01-MAU.png,1,0.9264,False
2025-07-20,AOS,MAU,451037.4,26-01-MAU.png,1,0.9264,False
2025-07-21,AOS,MAU,458099.5,26-01-MAU.png,1,0.9264,False
2025-07-22,AOS,MAU,465161.6,26-01-MAU.png,1,0.9264,False
2025-07-23,AOS,MAU,469869.7,26-01-MAU.png,1,0.9264,False
2025-07-25,AOS,MAU,479285.8,26-01-MAU.png,1,0.9264,False
2025-07-26,AOS,MAU,488702.0,26-01-MAU.png,1,0.9264,False
2025-07-27,AOS,MAU,493410.0,26-01-MAU.png,1,0.9264,False
2025-07-28,AOS,MAU,500472.1,26-01-MAU.png,1,0.9264,False
2025-07-29,AOS,MAU,507534.2,26-01-MAU.png,1,0.9264,False
2025-07-30,AOS,MAU,516950.4,26-01-MAU.png,1,0.9264,False
2025-07-31,AOS,MAU,521658.5,26-01-MAU.png,1,0.9264,False
2025-08-01,AOS,MAU,526366.5,26-01-MAU.png,1,0.9264,False
2025-08-02,AOS,MAU,535782.7,26-01-MAU.png,1,0.9264,False
2025-08-03,AOS,MAU,540490.8,26-01-MAU.png,1,0.9264,False
2025-08-04,AOS,MAU,545198.8,26-01-MAU.png,1,0.9264,False
2025-08-05,AOS,MAU,549906.9,26-01-MAU.png,1,0.9264,False
2025-08-07,AOS,MAU,554615.0,26-01-MAU.png,1,0.9264,False
2025-08-08,AOS,MAU,559323.0,26-01-MAU.png,1,0.9264,False
2025-08-09,AOS,MAU,564031.1,26-01-MAU.png,1,0.9264,False
2025-08-10,AOS,MAU,571093.2,26-01-MAU.png,1,0.9264,False
2025-08-11,AOS,MAU,578155.3,26-01-MAU.png,1,0.9264,False
2025-08-12,AOS,MAU,582863.4,26-01-MAU.png,1,0.9264,False
2025-08-13,AOS,MAU,587571.5,26-01-MAU.png,1,0.9264,False
2025-08-14,AOS,MAU,592279.6,26-01-MAU.png,1,0.9264,False
2025-08-15,AOS,MAU,596987.6,26-01-MAU.png,1,0.9264,False
2025-08-16,AOS,MAU,601695.7,26-01-MAU.png,1,0.9264,False
2025-08-17,AOS,MAU,608757.8,26-01-MAU.png,1,0.9264,False
2025-08-18,AOS,MAU,613465.9,26-01-MAU.png,1,0.9264,False
2025-08-19,AOS,MAU,618174.0,26-01-MAU.png,1,0.9264,False
2025-08-21,AOS,MAU,622882.0,26-01-MAU.png,1,0.9264,False
2025-08-22,AOS,MAU,625236.1,26-01-MAU.png,1,0.9264,False
2025-08-23,AOS,MAU,629944.1,26-01-MAU.png,1,0.9264,False
2025-08-24,AOS,MAU,632298.2,26-01-MAU.png,1,0.9264,False
2025-08-25,AOS,MAU,634652.2,26-01-MAU.png,1,0.9264,False
2025-08-26,AOS,MAU,637006.3,26-01-MAU.png,1,0.9264,False
2025-08-27,AOS,MAU,641714.3,26-01-MAU.png,1,0.9264,False
2025-08-28,AOS,MAU,644068.4,26-01-MAU.png,1,0.9264,False
2025-08-29,AOS,MAU,646422.4,26-01-MAU.png,1,0.9264,False
2025-08-30,AOS,MAU,648776.4,26-01-MAU.png,1,0.9264,False
2025-08-31,AOS,MAU,653484.5,26-01-MAU.png,1,0.9264,False
2025-09-01,AOS,MAU,655838.5,26-01-MAU.png,1,0.9264,False
2025-09-02,AOS,MAU,658192.6,26-01-MAU.png,1,0.9264,False
2025-09-04,AOS,MAU,660546.6,26-01-MAU.png,1,0.9264,False
2025-09-05,AOS,MAU,662900.7,26-01-MAU.png,1,0.9264,False
2025-09-06,AOS,MAU,667608.7,26-01-MAU.png,1,0.9264,False
2025-09-07,AOS,MAU,667608.7,26-01-MAU.png,1,0.9264,False
2025-09-08,AOS,MAU,667608.7,26-01-MAU.png,1,0.9264,False
2025-09-09,AOS,MAU,662900.7,26-01-MAU.png,1,0.9264,False
2025-09-10,AOS,MAU,658192.6,26-01-MAU.png,1,0.9264,False
2025-09-11,AOS,MAU,653484.5,26-01-MAU.png,1,0.9264,False
2025-09-12,AOS,MAU,648776.4,26-01-MAU.png,1,0.9264,False
2025-09-13,AOS,MAU,641714.3,26-01-MAU.png,1,0.9264,False
2025-09-14,AOS,MAU,637006.3,26-01-MAU.png,1,0.9264,False
2025-09-15,AOS,MAU,632298.2,26-01-MAU.png,1,0.9264,False
2025-09-17,AOS,MAU,625236.1,26-01-MAU.png,1,0.9264,False
2025-09-18,AOS,MAU,620528.0,26-01-MAU.png,1,0.9264,False
2025-09-19,AOS,MAU,615819.9,26-01-MAU.png,1,0.9264,False
2025-09-20,AOS,MAU,608757.8,26-01-MAU.png,1,0.9264,False
2025-09-21,AOS,MAU,604049.7,26-01-MAU.png,1,0.9264,False
2025-09-22,AOS,MAU,599341.7,26-01-MAU.png,1,0.9264,False
2025-09-23,AOS,MAU,592279.6,26-01-MAU.png,1,0.9264,False
2025-09-24,AOS,MAU,587571.5,26-01-MAU.png,1,0.9264,False
2025-09-25,AOS,MAU,582863.4,26-01-MAU.png,1,0.9264,False
2025-09-26,AOS,MAU,578155.3,26-01-MAU.png,1,0.9264,False
2025-09-27,AOS,MAU,578155.3,26-01-MAU.png,1,0.9264,False
2025-09-28,AOS,MAU,580509.4,26-01-MAU.png,1,0.9264,False
2025-09-29,AOS,MAU,585217.4,26-01-MAU.png,1,0.9264,False
2025-10-01,AOS,MAU,587571.5,26-01-MAU.png,1,0.9264,False
2025-10-02,AOS,MAU,592279.6,26-01-MAU.png,1,0.9264,False
2025-10-03,AOS,MAU,594633.6,26-01-MAU.png,1,0.9264,False
2025-10-04,AOS,MAU,599341.7,26-01-MAU.png,1,0.9264,False
2025-10-05,AOS,MAU,601695.7,26-01-MAU.png,1,0.9264,False
2025-10-06,AOS,MAU,606403.8,26-01-MAU.png,1,0.9264,False
2025-10-07,AOS,MAU,611111.8,26-01-MAU.png,1,0.9264,False
2025-10-08,AOS,MAU,613465.9,26-01-MAU.png,1,0.9264,False
2025-10-09,AOS,MAU,618174.0,26-01-MAU.png,1,0.9264,False
2025-10-10,AOS,MAU,620528.0,26-01-MAU.png,1,0.9264,False
2025-10-11,AOS,MAU,625236.1,26-01-MAU.png,1,0.9264,False
2025-10-12,AOS,MAU,629944.1,26-01-MAU.png,1,0.9264,False
2025-10-14,AOS,MAU,632298.2,26-01-MAU.png,1,0.9264,False
2025-10-15,AOS,MAU,634652.2,26-01-MAU.png,1,0.9264,False
2025-10-16,AOS,MAU,639360.3,26-01-MAU.png,1,0.9264,False
2025-10-17,AOS,MAU,639360.3,26-01-MAU.png,1,0.9264,False
2025-10-18,AOS,MAU,637006.3,26-01-MAU.png,1,0.9264,False
2025-10-19,AOS,MAU,634652.2,26-01-MAU.png,1,0.9264,False
2025-10-20,AOS,MAU,634652.2,26-01-MAU.png,1,0.9264,False
2025-10-21,AOS,MAU,632298.2,26-01-MAU.png,1,0.9264,False
2025-10-22,AOS,MAU,629944.1,26-01-MAU.png,1,0.9264,False
2025-10-23,AOS,MAU,627590.1,26-01-MAU.png,1,0.9264,False
2025-10-24,AOS,MAU,627590.1,26-01-MAU.png,1,0.9264,False
2025-10-25,AOS,MAU,627590.1,26-01-MAU.png,1,0.9264,False
2025-10-26,AOS,MAU,625236.1,26-01-MAU.png,1,0.9264,False
2025-10-28,AOS,MAU,622882.0,26-01-MAU.png,1,0.9264,False
2025-10-29,AOS,MAU,620528.0,26-01-MAU.png,1,0.9264,False
2025-10-30,AOS,MAU,620528.0,26-01-MAU.png,1,0.9264,False
2025-10-31,AOS,MAU,618174.0,26-01-MAU.png,1,0.9264,False
2025-11-01,AOS,MAU,615819.9,26-01-MAU.png,1,0.9264,False
2025-11-02,AOS,MAU,613465.9,26-01-MAU.png,1,0.9264,False
2025-11-03,AOS,MAU,613465.9,26-01-MAU.png,1,0.9264,False
2025-11-04,AOS,MAU,613465.9,26-01-MAU.png,1,0.9264,False
2025-11-05,AOS,MAU,613465.9,26-01-MAU.png,1,0.9264,False
2025-11-06,AOS,MAU,615819.9,26-01-MAU.png,1,0.9264,False
2025-11-07,AOS,MAU,618174.0,26-01-MAU.png,1,0.9264,False
2025-11-08,AOS,MAU,618174.0,26-01-MAU.png,1,0.9264,False
2025-11-09,AOS,MAU,618174.0,26-01-MAU.png,1,0.9264,False
2025-11-11,AOS,MAU,620528.0,26-01-MAU.png,1,0.9264,False
2025-11-12,AOS,MAU,620528.0,26-01-MAU.png,1,0.9264,False
2025-11-13,AOS,MAU,622882.0,26-01-MAU.png,1,0.9264,False
2025-11-14,AOS,MAU,622882.0,26-01-MAU.png,1,0.9264,False
2025-11-15,AOS,MAU,625236.1,26-01-MAU.png,1,0.9264,False
2025-11-16,AOS,MAU,625236.1,26-01-MAU.png,1,0.9264,False
2025-11-17,AOS,MAU,625236.1,26-01-MAU.png,1,0.9264,False
2025-11-18,AOS,MAU,627590.1,26-01-MAU.png,1,0.9264,False
2025-11-19,AOS,MAU,627590.1,26-01-MAU.png,1,0.9264,False
2025-11-20,AOS,MAU,629944.1,26-01-MAU.png,1,0.9264,False
2025-11-21,AOS,MAU,629944.1,26-01-MAU.png,1,0.9264,False
2025-11-22,AOS,MAU,632298.2,26-01-MAU.png,1,0.9264,False
2025-11-24,AOS,MAU,629944.1,26-01-MAU.png,1,0.9264,False
2025-11-25,AOS,MAU,627590.1,26-01-MAU.png,1,0.9264,False
2025-11-26,AOS,MAU,625236.1,26-01-MAU.png,1,0.9264,False
2025-11-27,AOS,MAU,622882.0,26-01-MAU.png,1,0.9264,False
2025-11-28,AOS,MAU,620528.0,26-01-MAU.png,1,0.9264,False
2025-11-29,AOS,MAU,620528.0,26-01-MAU.png,1,0.9264,False
2025-11-30,AOS,MAU,618174.0,26-01-MAU.png,1,0.9264,False
2025-12-01,AOS,MAU,615819.9,26-01-MAU.png,1,0.9264,False
2025-12-02,AOS,MAU,613465.9,26-01-MAU.png,1,0.9264,False
2025-12-03,AOS,MAU,611111.8,26-01-MAU.png,1,0.9264,False
2025-12-04,AOS,MAU,608757.8,26-01-MAU.png,1,0.9264,False
2025-12-05,AOS,MAU,606403.8,26-01-MAU.png,1,0.9264,False
2025-12-06,AOS,MAU,604049.7,26-01-MAU.png,1,0.9264,False
2025-12-08,AOS,MAU,601695.7,26-01-MAU.png,1,0.9264,False
2025-12-09,AOS,MAU,601695.7,26-01-MAU.png,1,0.9264,False
2025-12-10,AOS,MAU,599341.7,26-01-MAU.png,1,0.9264,False
2025-12-11,AOS,MAU,596987.6,26-01-MAU.png,1,0.9264,False
2025-12-12,AOS,MAU,596987.6,26-01-MAU.png,1,0.9264,False
2025-12-13,AOS,MAU,601695.7,26-01-MAU.png,1,0.9264,False
2025-12-14,AOS,MAU,606403.8,26-01-MAU.png,1,0.9264,False
2025-12-15,AOS,MAU,608757.8,26-01-MAU.png,1,0.9264,False
2025-12-16,AOS,MAU,613465.9,26-01-MAU.png,1,0.9264,False
2025-12-17,AOS,MAU,615819.9,26-01-MAU.png,1,0.9264,False
2025-12-18,AOS,MAU,620528.0,26-01-MAU.png,1,0.9264,False
2025-12-19,AOS,MAU,622882.0,26-01-MAU.png,1,0.9264,False
2025-12-21,AOS,MAU,625236.1,26-01-MAU.png,1,0.9264,False
2025-12-22,AOS,MAU,629944.1,26-01-MAU.png,1,0.9264,False
2025-12-23,AOS,MAU,634652.2,26-01-MAU.png,1,0.9264,False
2025-12-24,AOS,MAU,634652.2,26-01-MAU.png,1,0.9264,False
2025-12-25,AOS,MAU,639360.3,26-01-MAU.png,1,0.9264,False
2025-12-26,AOS,MAU,644068.4,26-01-MAU.png,1,0.9264,False
2025-12-27,AOS,MAU,646422.4,26-01-MAU.png,1,0.9264,False
2025-12-28,AOS,MAU,648776.4,26-01-MAU.png,1,0.9264,False
2025-12-29,AOS,MAU,653484.5,26-01-MAU.png,1,0.9264,False
2024-07-02,AOS,MAU,76475.1,26-01-MAU.png,2,0.9264,False
2024-07-03,AOS,MAU,81180.9,26-01-MAU.png,2,0.9264,False
2024-07-04,AOS,MAU,88475.1,26-01-MAU.png,2,0.9264,False
2024-07-05,AOS,MAU,90592.6,26-01-MAU.png,2,0.9264,False
2024-07-06,AOS,MAU,88911.8,26-01-MAU.png,2,0.9264,False
2024-07-07,AOS,MAU,92560.6,26-01-MAU.png,2,0.9264,False
2024-07-09,AOS,MAU,90592.6,26-01-MAU.png,2,0.9264,False
2024-07-11,AOS,MAU,98805.4,26-01-MAU.png,2,0.9264,False
2024-07-12,AOS,MAU,104704.4,26-01-MAU.png,2,0.9264,False
2024-07-13,AOS,MAU,107340.6,26-01-MAU.png,2,0.9264,False
2024-07-14,AOS,MAU,109733.4,26-01-MAU.png,2,0.9264,False
2024-07-15,AOS,MAU,110682.9,26-01-MAU.png,2,0.9264,False
2024-07-16,AOS,MAU,113262.3,26-01-MAU.png,2,0.9264,False
2024-07-17,AOS,MAU,116911.9,26-01-MAU.png,2,0.9264,False
2024-07-18,AOS,MAU,118926.2,26-01-MAU.png,2,0.9264,False
2024-07-19,AOS,MAU,123533.6,26-01-MAU.png,2,0.9264,False
2024-07-20,AOS,MAU,123580.3,26-01-MAU.png,2,0.9264,False
2024-07-21,AOS,MAU,124064.1,26-01-MAU.png,2,0.9264,False
2024-07-23,AOS,MAU,124270.1,26-01-MAU.png,2,0.9264,False
2024-07-27,AOS,MAU,128239.4,26-01-MAU.png,2,0.9264,False
2024-07-29,AOS,MAU,128239.4,26-01-MAU.png,2,0.9264,False
2024-07-30,AOS,MAU,128239.4,26-01-MAU.png,2,0.9264,False
2024-07-31,AOS,MAU,126462.8,26-01-MAU.png,2,0.9264,False
2024-08-01,AOS,MAU,128239.4,26-01-MAU.png,2,0.9264,False
2024-08-02,AOS,MAU,128239.4,26-01-MAU.png,2,0.9264,False
2024-08-03,AOS,MAU,128239.4,26-01-MAU.png,2,0.9264,False
2024-08-05,AOS,MAU,128239.4,26-01-MAU.png,2,0.9264,False
2024-08-06,AOS,MAU,126697.9,26-01-MAU.png,2,0.9264,False
2024-08-07,AOS,MAU,126697.9,26-01-MAU.png,2,0.9264,False
2024-08-08,AOS,MAU,126407.8,26-01-MAU.png,2,0.9264,False
2024-08-09,AOS,MAU,126697.9,26-01-MAU.png,2,0.9264,False
2024-08-10,AOS,MAU,126697.9,26-01-MAU.png,2,0.9264,False
2024-08-11,AOS,MAU,128966.7,26-01-MAU.png,2,0.9264,False
2024-08-12,AOS,MAU,129243.5,26-01-MAU.png,2,0.9264,False
2024-08-13,AOS,MAU,129243.5,26-01-MAU.png,2,0.9264,False
2024-08-14,AOS,MAU,128864.0,26-01-MAU.png,2,0.9264,False
2024-08-15,AOS,MAU,129679.3,26-01-MAU.png,2,0.9264,False
2024-08-16,AOS,MAU,130341.7,26-01-MAU.png,2,0.9264,False
2024-08-17,AOS,MAU,128690.5,26-01-MAU.png,2,0.9264,False
2024-08-19,AOS,MAU,127966.8,26-01-MAU.png,2,0.9264,False
2024-08-20,AOS,MAU,127449.9,26-01-MAU.png,2,0.9264,False
2024-08-21,AOS,MAU,130574.9,26-01-MAU.png,2,0.9264,False
2024-08-22,AOS,MAU,131614.8,26-01-MAU.png,2,0.9264,False
2024-08-23,AOS,MAU,131556.4,26-01-MAU.png,2,0.9264,False
2024-08-24,AOS,MAU,131339.6,26-01-MAU.png,2,0.9264,False
2024-08-25,AOS,MAU,131417.5,26-01-MAU.png,2,0.9264,False
2024-08-26,AOS,MAU,132573.5,26-01-MAU.png,2,0.9264,False
2024-08-27,AOS,MAU,133386.8,26-01-MAU.png,2,0.9264,False
2024-08-28,AOS,MAU,133477.5,26-01-MAU.png,2,0.9264,False
2024-08-29,AOS,MAU,132945.3,26-01-MAU.png,2,0.9264,False
2024-08-30,AOS,MAU,133204.0,26-01-MAU.png,2,0.9264,False
2024-08-31,AOS,MAU,135334.5,26-01-MAU.png,2,0.9264,False
2024-09-02,AOS,MAU,135065.4,26-01-MAU.png,2,0.9264,False
2024-09-03,AOS,MAU,135298.2,26-01-MAU.png,2,0.9264,False
2024-09-04,AOS,MAU,135640.8,26-01-MAU.png,2,0.9264,False
2024-09-05,AOS,MAU,136868.0,26-01-MAU.png,2,0.9264,False
2024-09-06,AOS,MAU,139227.8,26-01-MAU.png,2,0.9264,False
2024-09-07,AOS,MAU,137372.9,26-01-MAU.png,2,0.9264,False
2024-09-08,AOS,MAU,140249.7,26-01-MAU.png,2,0.9264,False
2024-09-09,AOS,MAU,139498.6,26-01-MAU.png,2,0.9264,False
2024-09-10,AOS,MAU,139835.4,26-01-MAU.png,2,0.9264,False
2024-09-11,AOS,MAU,140238.5,26-01-MAU.png,2,0.9264,False
2024-09-12,AOS,MAU,145840.4,26-01-MAU.png,2,0.9264,False
2024-09-13,AOS,MAU,141314.0,26-01-MAU.png,2,0.9264,False
2024-09-15,AOS,MAU,144269.9,26-01-MAU.png,2,0.9264,False
2024-09-16,AOS,MAU,142357.0,26-01-MAU.png,2,0.9264,False
2024-09-17,AOS,MAU,144797.6,26-01-MAU.png,2,0.9264,False
2024-09-18,AOS,MAU,143979.5,26-01-MAU.png,2,0.9264,False
2024-09-19,AOS,MAU,144964.8,26-01-MAU.png,2,0.9264,False
2024-09-20,AOS,MAU,148782.5,26-01-MAU.png,2,0.9264,False
2024-09-21,AOS,MAU,149353.9,26-01-MAU.png,2,0.9264,False
2024-09-22,AOS,MAU,149537.4,26-01-MAU.png,2,0.9264,False
2024-09-23,AOS,MAU,150809.1,26-01-MAU.png,2,0.9264,False
2024-09-24,AOS,MAU,153250.0,26-01-MAU.png,2,0.9264,False
2024-09-25,AOS,MAU,155073.8,26-01-MAU.png,2,0.9264,False
2024-09-26,AOS,MAU,154072.5,26-01-MAU.png,2,0.9264,False
2024-09-27,AOS,MAU,155815.0,26-01-MAU.png,2,0.9264,False
2024-09-29,AOS,MAU,157983.8,26-01-MAU.png,2,0.9264,False
2024-09-30,AOS,MAU,158308.9,26-01-MAU.png,2,0.9264,False
2024-10-01,AOS,MAU,157508.9,26-01-MAU.png,2,0.9264,False
2024-10-02,AOS,MAU,161582.8,26-01-MAU.png,2,0.9264,False
2024-10-03,AOS,MAU,165886.2,26-01-MAU.png,2,0.9264,False
2024-10-05,AOS,MAU,165886.2,26-01-MAU.png,2,0.9264,False
2024-10-06,AOS,MAU,163702.3,26-01-MAU.png,2,0.9264,False
2024-10-07,AOS,MAU,168587.4,26-01-MAU.png,2,0.9264,False
2024-10-08,AOS,MAU,167789.2,26-01-MAU.png,2,0.9264,False
2024-10-09,AOS,MAU,168420.3,26-01-MAU.png,2,0.9264,False
2024-10-10,AOS,MAU,172739.8,26-01-MAU.png,2,0.9264,False
2024-10-12,AOS,MAU,170592.1,26-01-MAU.png,2,0.9264,False
2024-10-13,AOS,MAU,170592.1,26-01-MAU.png,2,0.9264,False
2024-10-18,AOS,MAU,177445.6,26-01-MAU.png,2,0.9264,False
2024-10-19,AOS,MAU,177525.7,26-01-MAU.png,2,0.9264,False
2024-10-20,AOS,MAU,177922.2,26-01-MAU.png,2,0.9264,False
2024-10-21,AOS,MAU,180003.8,26-01-MAU.png,2,0.9264,False
2024-10-22,AOS,MAU,183014.3,26-01-MAU.png,2,0.9264,False
2024-10-23,AOS,MAU,183014.3,26-01-MAU.png,2,0.9264,False
2024-10-24,AOS,MAU,182920.1,26-01-MAU.png,2,0.9264,False
2024-10-26,AOS,MAU,182722.5,26-01-MAU.png,2,0.9264,False
2024-10-27,AOS,MAU,182374.2,26-01-MAU.png,2,0.9264,False
2024-10-28,AOS,MAU,181967.3,26-01-MAU.png,2,0.9264,False
2024-10-29,AOS,MAU,185623.7,26-01-MAU.png,2,0.9264,False
2024-10-30,AOS,MAU,185920.0,26-01-MAU.png,2,0.9264,False
2024-10-31,AOS,MAU,184846.7,26-01-MAU.png,2,0.9264,False
2024-11-01,AOS,MAU,184332.4,26-01-MAU.png,2,0.9264,False
2024-11-02,AOS,MAU,184454.2,26-01-MAU.png,2,0.9264,False
2024-11-03,AOS,MAU,182693.6,26-01-MAU.png,2,0.9264,False
2024-11-04,AOS,MAU,183622.9,26-01-MAU.png,2,0.9264,False
2024-11-05,AOS,MAU,185065.8,26-01-MAU.png,2,0.9264,False
2024-11-06,AOS,MAU,186388.1,26-01-MAU.png,2,0.9264,False
2024-11-07,AOS,MAU,186519.5,26-01-MAU.png,2,0.9264,False
2024-11-09,AOS,MAU,187011.3,26-01-MAU.png,2,0.9264,False
2024-11-10,AOS,MAU,186231.0,26-01-MAU.png,2,0.9264,False
2024-11-11,AOS,MAU,186231.0,26-01-MAU.png,2,0.9264,False
2024-11-12,AOS,MAU,186077.7,26-01-MAU.png,2,0.9264,False
2024-11-13,AOS,MAU,185976.5,26-01-MAU.png,2,0.9264,False
2024-11-14,AOS,MAU,186207.2,26-01-MAU.png,2,0.9264,False
2024-11-15,AOS,MAU,186207.2,26-01-MAU.png,2,0.9264,False
2024-11-16,AOS,MAU,185976.5,26-01-MAU.png,2,0.9264,False
2024-11-17,AOS,MAU,185976.5,26-01-MAU.png,2,0.9264,False
2024-11-18,AOS,MAU,187288.1,26-01-MAU.png,2,0.9264,False
2024-11-19,AOS,MAU,187941.3,26-01-MAU.png,2,0.9264,False
2024-11-20,AOS,MAU,187494.8,26-01-MAU.png,2,0.9264,False
2024-11-22,AOS,MAU,187941.3,26-01-MAU.png,2,0.9264,False
2024-11-23,AOS,MAU,187941.3,26-01-MAU.png,2,0.9264,False
2024-11-24,AOS,MAU,187941.3,26-01-MAU.png,2,0.9264,False
2024-11-25,AOS,MAU,188092.6,26-01-MAU.png,2,0.9264,False
2024-11-26,AOS,MAU,187941.3,26-01-MAU.png,2,0.9264,False
2024-11-27,AOS,MAU,187877.5,26-01-MAU.png,2,0.9264,False
2024-11-28,AOS,MAU,187877.5,26-01-MAU.png,2,0.9264,False
2024-11-29,AOS,MAU,188092.6,26-01-MAU.png,2,0.9264,False
2024-11-30,AOS,MAU,187713.9,26-01-MAU.png,2,0.9264,False
2024-12-01,AOS,MAU,187770.5,26-01-MAU.png,2,0.9264,False
2024-12-02,AOS,MAU,190093.2,26-01-MAU.png,2,0.9264,False
2024-12-03,AOS,MAU,189415.5,26-01-MAU.png,2,0.9264,False
2024-12-04,AOS,MAU,192003.8,26-01-MAU.png,2,0.9264,False
2024-12-06,AOS,MAU,191611.8,26-01-MAU.png,2,0.9264,False
2024-12-07,AOS,MAU,191158.1,26-01-MAU.png,2,0.9264,False
2024-12-08,AOS,MAU,191768.4,26-01-MAU.png,2,0.9264,False
2024-12-09,AOS,MAU,190425.9,26-01-MAU.png,2,0.9264,False
2024-12-10,AOS,MAU,192461.0,26-01-MAU.png,2,0.9264,False
2024-12-11,AOS,MAU,192874.5,26-01-MAU.png,2,0.9264,False
2024-12-12,AOS,MAU,194121.3,26-01-MAU.png,2,0.9264,False
2024-12-13,AOS,MAU,194121.3,26-01-MAU.png,2,0.9264,False
2024-12-14,AOS,MAU,195681.7,26-01-MAU.png,2,0.9264,False
2024-12-15,AOS,MAU,194121.3,26-01-MAU.png,2,0.9264,False
2024-12-16,AOS,MAU,196001.7,26-01-MAU.png,2,0.9264,False
2024-12-17,AOS,MAU,195224.4,26-01-MAU.png,2,0.9264,False
2024-12-19,AOS,MAU,195874.3,26-01-MAU.png,2,0.9264,False
2024-12-20,AOS,MAU,195211.4,26-01-MAU.png,2,0.9264,False
2024-12-21,AOS,MAU,195698.5,26-01-MAU.png,2,0.9264,False
2024-12-22,AOS,MAU,195863.9,26-01-MAU.png,2,0.9264,False
2024-12-23,AOS,MAU,195610.1,26-01-MAU.png,2,0.9264,False
2024-12-24,AOS,MAU,195457.9,26-01-MAU.png,2,0.9264,False
2024-12-25,AOS,MAU,196292.6,26-01-MAU.png,2,0.9264,False
2024-12-26,AOS,MAU,197623.2,26-01-MAU.png,2,0.9264,False
2024-12-27,AOS,MAU,197390.5,26-01-MAU.png,2,0.9264,False
2024-12-28,AOS,MAU,194971.8,26-01-MAU.png,2,0.9264,False
2024-12-29,AOS,MAU,194971.8,26-01-MAU.png,2,0.9264,False
2024-12-30,AOS,MAU,193710.9,26-01-MAU.png,2,0.9264,False
2024-12-31,AOS,MAU,194261.3,26-01-MAU.png,2,0.9264,False
2025-01-02,AOS,MAU,194042.9,26-01-MAU.png,2,0.9264,False
2025-01-03,AOS,MAU,191922.9,26-01-MAU.png,2,0.9264,False
2025-01-04,AOS,MAU,191634.5,26-01-MAU.png,2,0.9264,False
2025-01-05,AOS,MAU,191912.5,26-01-MAU.png,2,0.9264,False
2025-01-06,AOS,MAU,192417.7,26-01-MAU.png,2,0.9264,False
2025-01-07,AOS,MAU,192417.7,26-01-MAU.png,2,0.9264,False
2025-01-08,AOS,MAU,191864.8,26-01-MAU.png,2,0.9264,False
2025-01-09,AOS,MAU,191634.5,26-01-MAU.png,2,0.9264,False
2025-01-10,AOS,MAU,192102.1,26-01-MAU.png,2,0.9264,False
2025-01-11,AOS,MAU,195676.2,26-01-MAU.png,2,0.9264,False
2025-01-12,AOS,MAU,195614.4,26-01-MAU.png,2,0.9264,False
2025-01-13,AOS,MAU,195443.2,26-01-MAU.png,2,0.9264,False
2025-01-14,AOS,MAU,195443.2,26-01-MAU.png,2,0.9264,False
2025-01-16,AOS,MAU,195443.2,26-01-MAU.png,2,0.9264,False
2025-01-17,AOS,MAU,196255.6,26-01-MAU.png,2,0.9264,False
2025-01-18,AOS,MAU,196556.5,26-01-MAU.png,2,0.9264,False
2025-01-19,AOS,MAU,196255.6,26-01-MAU.png,2,0.9264,False
2025-01-20,AOS,MAU,195831.0,26-01-MAU.png,2,0.9264,False
2025-01-21,AOS,MAU,195851.7,26-01-MAU.png,2,0.9264,False
2025-01-22,AOS,MAU,195831.0,26-01-MAU.png,2,0.9264,False
2025-01-23,AOS,MAU,196556.5,26-01-MAU.png,2,0.9264,False
2025-01-24,AOS,MAU,195238.7,26-01-MAU.png,2,0.9264,False
2025-01-25,AOS,MAU,194121.3,26-01-MAU.png,2,0.9264,False
2025-01-26,AOS,MAU,196289.7,26-01-MAU.png,2,0.9264,False
2025-01-27,AOS,MAU,201327.5,26-01-MAU.png,2,0.9264,False
2025-01-29,AOS,MAU,200344.4,26-01-MAU.png,2,0.9264,False
2025-01-30,AOS,MAU,202803.9,26-01-MAU.png,2,0.9264,False
2025-01-31,AOS,MAU,206336.0,26-01-MAU.png,2,0.9264,False
2025-02-01,AOS,MAU,205886.0,26-01-MAU.png,2,0.9264,False
2025-02-02,AOS,MAU,209200.6,26-01-MAU.png,2,0.9264,False
2025-02-03,AOS,MAU,210546.4,26-01-MAU.png,2,0.9264,False
2025-02-05,AOS,MAU,217650.6,26-01-MAU.png,2,0.9264,False
2025-02-06,AOS,MAU,215821.9,26-01-MAU.png,2,0.9264,False
2025-02-07,AOS,MAU,216644.4,26-01-MAU.png,2,0.9264,False
2025-02-08,AOS,MAU,217650.6,26-01-MAU.png,2,0.9264,False
2025-02-09,AOS,MAU,219499.5,26-01-MAU.png,2,0.9264,False
2025-02-12,AOS,MAU,222938.0,26-01-MAU.png,2,0.9264,False
2025-02-13,AOS,MAU,225137.1,26-01-MAU.png,2,0.9264,False
2025-02-14,AOS,MAU,223795.9,26-01-MAU.png,2,0.9264,False
2025-02-15,AOS,MAU,226734.8,26-01-MAU.png,2,0.9264,False
2025-02-16,AOS,MAU,229278.2,26-01-MAU.png,2,0.9264,False
2025-02-17,AOS,MAU,229604.9,26-01-MAU.png,2,0.9264,False
2025-02-20,AOS,MAU,241179.9,26-01-MAU.png,2,0.9264,False
2025-02-21,AOS,MAU,241179.9,26-01-MAU.png,2,0.9264,False
2025-02-23,AOS,MAU,244296.1,26-01-MAU.png,2,0.9264,False
2025-02-25,AOS,MAU,243920.9,26-01-MAU.png,2,0.9264,False
2025-02-26,AOS,MAU,247640.3,26-01-MAU.png,2,0.9264,False
2025-02-27,AOS,MAU,249009.0,26-01-MAU.png,2,0.9264,False
2025-02-28,AOS,MAU,248833.0,26-01-MAU.png,2,0.9264,False
2025-03-01,AOS,MAU,252351.2,26-01-MAU.png,2,0.9264,False
2025-03-02,AOS,MAU,252070.1,26-01-MAU.png,2,0.9264,False
2025-03-03,AOS,MAU,255453.0,26-01-MAU.png,2,0.9264,False
2025-03-04,AOS,MAU,256997.2,26-01-MAU.png,2,0.9264,False
2025-03-05,AOS,MAU,255297.4,26-01-MAU.png,2,0.9264,False
2025-03-06,AOS,MAU,259574.1,26-01-MAU.png,2,0.9264,False
2025-03-09,AOS,MAU,265215.8,26-01-MAU.png,2,0.9264,False
2025-03-11,AOS,MAU,267062.0,26-01-MAU.png,2,0.9264,False
2025-03-12,AOS,MAU,266759.7,26-01-MAU.png,2,0.9264,False
2025-03-13,AOS,MAU,269870.8,26-01-MAU.png,2,0.9264,False
2025-03-14,AOS,MAU,268300.4,26-01-MAU.png,2,0.9264,False
2025-03-15,AOS,MAU,271465.6,26-01-MAU.png,2,0.9264,False
2025-03-16,AOS,MAU,273882.8,26-01-MAU.png,2,0.9264,False
2025-03-17,AOS,MAU,276739.7,26-01-MAU.png,2,0.9264,False
2025-03-18,AOS,MAU,276802.9,26-01-MAU.png,2,0.9264,False
2025-03-19,AOS,MAU,275378.2,26-01-MAU.png,2,0.9264,False
2025-03-20,AOS,MAU,278987.0,26-01-MAU.png,2,0.9264,False
2025-03-21,AOS,MAU,280381.5,26-01-MAU.png,2,0.9264,False
2025-03-22,AOS,MAU,280553.3,26-01-MAU.png,2,0.9264,False
2025-03-23,AOS,MAU,283328.3,26-01-MAU.png,2,0.9264,False
2025-03-25,AOS,MAU,286270.2,26-01-MAU.png,2,0.9264,False
2025-03-26,AOS,MAU,287047.8,26-01-MAU.png,2,0.9264,False
2025-04-03,AOS,MAU,306888.5,26-01-MAU.png,2,0.9264,False
2025-04-08,AOS,MAU,311767.6,26-01-MAU.png,2,0.9264,False
2025-04-09,AOS,MAU,321179.3,26-01-MAU.png,2,0.9264,False
2025-04-10,AOS,MAU,321179.3,26-01-MAU.png,2,0.9264,False
2025-04-18,AOS,MAU,335296.9,26-01-MAU.png,2,0.9264,False
2025-04-19,AOS,MAU,335296.9,26-01-MAU.png,2,0.9264,False
2025-04-21,AOS,MAU,330591.0,26-01-MAU.png,2,0.9264,False
2025-04-23,AOS,MAU,338853.3,26-01-MAU.png,2,0.9264,False
2025-04-24,AOS,MAU,340002.7,26-01-MAU.png,2,0.9264,False
2025-04-25,AOS,MAU,340002.7,26-01-MAU.png,2,0.9264,False
2025-04-26,AOS,MAU,344708.6,26-01-MAU.png,2,0.9264,False
2025-04-27,AOS,MAU,344708.6,26-01-MAU.png,2,0.9264,False
2025-04-28,AOS,MAU,344708.6,26-01-MAU.png,2,0.9264,False
2025-04-29,AOS,MAU,344708.6,26-01-MAU.png,2,0.9264,False
2025-04-30,AOS,MAU,347184.9,26-01-MAU.png,2,0.9264,False
2025-05-01,AOS,MAU,347587.6,26-01-MAU.png,2,0.9264,False
2025-05-02,AOS,MAU,346362.3,26-01-MAU.png,2,0.9264,False
2025-05-04,AOS,MAU,344708.6,26-01-MAU.png,2,0.9264,False
2025-05-11,AOS,MAU,368237.8,26-01-MAU.png,2,0.9264,False
2025-05-12,AOS,MAU,366304.5,26-01-MAU.png,2,0.9264,False
2025-05-13,AOS,MAU,366205.3,26-01-MAU.png,2,0.9264,False
2025-05-14,AOS,MAU,370245.6,26-01-MAU.png,2,0.9264,False
2025-05-15,AOS,MAU,370756.4,26-01-MAU.png,2,0.9264,False
2025-05-16,AOS,MAU,374097.8,26-01-MAU.png,2,0.9264,False
2025-05-18,AOS,MAU,375006.6,26-01-MAU.png,2,0.9264,False
2025-05-19,AOS,MAU,375296.6,26-01-MAU.png,2,0.9264,False
2025-05-20,AOS,MAU,376799.1,26-01-MAU.png,2,0.9264,False
2025-05-21,AOS,MAU,375657.4,26-01-MAU.png,2,0.9264,False
2025-05-22,AOS,MAU,377649.5,26-01-MAU.png,2,0.9264,False
2025-05-23,AOS,MAU,379942.0,26-01-MAU.png,2,0.9264,False
2025-05-24,AOS,MAU,382355.4,26-01-MAU.png,2,0.9264,False
2025-05-25,AOS,MAU,385977.8,26-01-MAU.png,2,0.9264,False
2025-05-26,AOS,MAU,382120.8,26-01-MAU.png,2,0.9264,False
2025-05-27,AOS,MAU,384384.7,26-01-MAU.png,2,0.9264,False
2025-05-28,AOS,MAU,383744.4,26-01-MAU.png,2,0.9264,False
2025-05-29,AOS,MAU,385017.8,26-01-MAU.png,2,0.9264,False
2025-05-31,AOS,MAU,385196.6,26-01-MAU.png,2,0.9264,False
2025-06-01,AOS,MAU,384642.7,26-01-MAU.png,2,0.9264,False
2025-06-02,AOS,MAU,387061.2,26-01-MAU.png,2,0.9264,False
2025-06-03,AOS,MAU,387061.2,26-01-MAU.png,2,0.9264,False
2025-06-04,AOS,MAU,390423.7,26-01-MAU.png,2,0.9264,False
2025-06-05,AOS,MAU,391042.4,26-01-MAU.png,2,0.9264,False
2025-06-06,AOS,MAU,393735.6,26-01-MAU.png,2,0.9264,False
2025-06-07,AOS,MAU,394791.4,26-01-MAU.png,2,0.9264,False
2025-06-08,AOS,MAU,396472.9,26-01-MAU.png,2,0.9264,False
2025-06-09,AOS,MAU,402186.1,26-01-MAU.png,2,0.9264,False
2025-06-10,AOS,MAU,404153.3,26-01-MAU.png,2,0.9264,False
2025-06-11,AOS,MAU,410590.5,26-01-MAU.png,2,0.9264,False
2025-06-12,AOS,MAU,410590.5,26-01-MAU.png,2,0.9264,False
2025-06-14,AOS,MAU,415296.3,26-01-MAU.png,2,0.9264,False
2025-06-15,AOS,MAU,418495.8,26-01-MAU.png,2,0.9264,False
2025-06-18,AOS,MAU,429413.9,26-01-MAU.png,2,0.9264,False
2025-06-19,AOS,MAU,429413.9,26-01-MAU.png,2,0.9264,False
2025-06-20,AOS,MAU,429497.3,26-01-MAU.png,2,0.9264,False
2025-06-21,AOS,MAU,429413.9,26-01-MAU.png,2,0.9264,False
2025-06-22,AOS,MAU,429413.9,26-01-MAU.png,2,0.9264,False
2025-06-24,AOS,MAU,439834.6,26-01-MAU.png,2,0.9264,False
2025-06-25,AOS,MAU,436775.4,26-01-MAU.png,2,0.9264,False
2025-06-26,AOS,MAU,433788.8,26-01-MAU.png,2,0.9264,False
2025-06-28,AOS,MAU,431766.8,26-01-MAU.png,2,0.9264,False
2025-06-29,AOS,MAU,430752.4,26-01-MAU.png,2,0.9264,False
2025-06-30,AOS,MAU,427554.2,26-01-MAU.png,2,0.9264,False
2025-07-01,AOS,MAU,426108.8,26-01-MAU.png,2,0.9264,False
2025-07-02,AOS,MAU,424064.0,26-01-MAU.png,2,0.9264,False
2025-07-03,AOS,MAU,422065.1,26-01-MAU.png,2,0.9264,False
2025-07-04,AOS,MAU,417748.1,26-01-MAU.png,2,0.9264,False
2025-07-05,AOS,MAU,416327.1,26-01-MAU.png,2,0.9264,False
2025-07-06,AOS,MAU,413642.6,26-01-MAU.png,2,0.9264,False
2025-07-07,AOS,MAU,412943.4,26-01-MAU.png,2,0.9264,False
2025-07-08,AOS,MAU,412943.4,26-01-MAU.png,2,0.9264,False
2025-07-09,AOS,MAU,410312.8,26-01-MAU.png,2,0.9264,False
2025-07-11,AOS,MAU,407974.4,26-01-MAU.png,2,0.9264,False
2025-07-12,AOS,MAU,405818.0,26-01-MAU.png,2,0.9264,False
2025-07-13,AOS,MAU,407877.9,26-01-MAU.png,2,0.9264,False
2025-07-14,AOS,MAU,407680.3,26-01-MAU.png,2,0.9264,False
2025-07-15,AOS,MAU,415255.5,26-01-MAU.png,2,0.9264,False
2025-07-16,AOS,MAU,420973.1,26-01-MAU.png,2,0.9264,False
2025-07-17,AOS,MAU,427061.0,26-01-MAU.png,2,0.9264,False
2025-07-18,AOS,MAU,429413.9,26-01-MAU.png,2,0.9264,False
2025-07-19,AOS,MAU,448237.3,26-01-MAU.png,2,0.9264,False
2025-07-20,AOS,MAU,452943.1,26-01-MAU.png,2,0.9264,False
2025-07-21,AOS,MAU,461087.6,26-01-MAU.png,2,0.9264,False
2025-07-22,AOS,MAU,466812.6,26-01-MAU.png,2,0.9264,False
2025-07-23,AOS,MAU,471601.0,26-01-MAU.png,2,0.9264,False
2025-07-25,AOS,MAU,478559.5,26-01-MAU.png,2,0.9264,False
2025-07-27,AOS,MAU,493210.2,26-01-MAU.png,2,0.9264,False
2025-07-30,AOS,MAU,514119.2,26-01-MAU.png,2,0.9264,False
2025-07-31,AOS,MAU,514119.2,26-01-MAU.png,2,0.9264,False
2025-08-07,AOS,MAU,555538.8,26-01-MAU.png,2,0.9264,False
2025-08-08,AOS,MAU,565883.6,26-01-MAU.png,2,0.9264,False
2025-08-09,AOS,MAU,567797.6,26-01-MAU.png,2,0.9264,False
2025-08-10,AOS,MAU,570589.4,26-01-MAU.png,2,0.9264,False
2025-08-11,AOS,MAU,573918.0,26-01-MAU.png,2,0.9264,False
2025-08-12,AOS,MAU,580001.1,26-01-MAU.png,2,0.9264,False
2025-08-16,AOS,MAU,602092.0,26-01-MAU.png,2,0.9264,False
2025-08-17,AOS,MAU,607550.2,26-01-MAU.png,2,0.9264,False
2025-08-18,AOS,MAU,614236.5,26-01-MAU.png,2,0.9264,False
2025-08-19,AOS,MAU,618224.5,26-01-MAU.png,2,0.9264,False
2025-08-21,AOS,MAU,627059.6,26-01-MAU.png,2,0.9264,False
2025-08-23,AOS,MAU,629668.5,26-01-MAU.png,2,0.9264,False
2025-08-24,AOS,MAU,632375.4,26-01-MAU.png,2,0.9264,False
2025-08-25,AOS,MAU,636471.3,26-01-MAU.png,2,0.9264,False
2025-08-26,AOS,MAU,639751.6,26-01-MAU.png,2,0.9264,False
2025-08-27,AOS,MAU,642485.7,26-01-MAU.png,2,0.9264,False
2025-08-28,AOS,MAU,642549.0,26-01-MAU.png,2,0.9264,False
2025-08-29,AOS,MAU,646848.5,26-01-MAU.png,2,0.9264,False
2025-08-30,AOS,MAU,648087.2,26-01-MAU.png,2,0.9264,False
2025-08-31,AOS,MAU,645883.0,26-01-MAU.png,2,0.9264,False
2025-09-01,AOS,MAU,660000.6,26-01-MAU.png,2,0.9264,False
2025-09-02,AOS,MAU,657291.1,26-01-MAU.png,2,0.9264,False
2025-09-04,AOS,MAU,659589.1,26-01-MAU.png,2,0.9264,False
2025-09-05,AOS,MAU,665262.6,26-01-MAU.png,2,0.9264,False
2025-09-06,AOS,MAU,667119.4,26-01-MAU.png,2,0.9264,False
2025-09-07,AOS,MAU,668433.4,26-01-MAU.png,2,0.9264,False
2025-09-08,AOS,MAU,669412.3,26-01-MAU.png,2,0.9264,False
2025-09-09,AOS,MAU,660000.6,26-01-MAU.png,2,0.9264,False
2025-09-10,AOS,MAU,660000.6,26-01-MAU.png,2,0.9264,False
2025-09-11,AOS,MAU,655294.7,26-01-MAU.png,2,0.9264,False
2025-09-13,AOS,MAU,636471.3,26-01-MAU.png,2,0.9264,False
2025-09-14,AOS,MAU,636471.3,26-01-MAU.png,2,0.9264,False
2025-09-15,AOS,MAU,636471.3,26-01-MAU.png,2,0.9264,False
2025-09-17,AOS,MAU,622353.8,26-01-MAU.png,2,0.9264,False
2025-09-18,AOS,MAU,617647.9,26-01-MAU.png,2,0.9264,False
2025-09-19,AOS,MAU,611277.9,26-01-MAU.png,2,0.9264,False
2025-09-20,AOS,MAU,611038.1,26-01-MAU.png,2,0.9264,False
2025-09-21,AOS,MAU,603530.4,26-01-MAU.png,2,0.9264,False
2025-09-22,AOS,MAU,601052.4,26-01-MAU.png,2,0.9264,False
2025-09-23,AOS,MAU,595588.1,26-01-MAU.png,2,0.9264,False
2025-09-24,AOS,MAU,587059.9,26-01-MAU.png,2,0.9264,False
2025-09-25,AOS,MAU,581768.7,26-01-MAU.png,2,0.9264,False
2025-09-26,AOS,MAU,574726.3,26-01-MAU.png,2,0.9264,False
2025-09-27,AOS,MAU,575295.3,26-01-MAU.png,2,0.9264,False
2025-09-28,AOS,MAU,582908.1,26-01-MAU.png,2,0.9264,False
2025-09-29,AOS,MAU,582617.2,26-01-MAU.png,2,0.9264,False
2025-10-01,AOS,MAU,587014.9,26-01-MAU.png,2,0.9264,False
2025-10-02,AOS,MAU,591340.7,26-01-MAU.png,2,0.9264,False
2025-10-03,AOS,MAU,594118.7,26-01-MAU.png,2,0.9264,False
2025-10-05,AOS,MAU,608236.2,26-01-MAU.png,2,0.9264,False
2025-10-07,AOS,MAU,611186.7,26-01-MAU.png,2,0.9264,False
2025-10-08,AOS,MAU,613860.1,26-01-MAU.png,2,0.9264,False
2025-10-09,AOS,MAU,620654.0,26-01-MAU.png,2,0.9264,False
2025-10-10,AOS,MAU,625274.6,26-01-MAU.png,2,0.9264,False
2025-10-11,AOS,MAU,623877.8,26-01-MAU.png,2,0.9264,False
2025-10-12,AOS,MAU,622353.8,26-01-MAU.png,2,0.9264,False
2025-10-14,AOS,MAU,633736.8,26-01-MAU.png,2,0.9264,False
2025-10-15,AOS,MAU,635833.2,26-01-MAU.png,2,0.9264,False
2025-10-16,AOS,MAU,637616.0,26-01-MAU.png,2,0.9264,False
2025-10-17,AOS,MAU,638084.8,26-01-MAU.png,2,0.9264,False
2025-10-18,AOS,MAU,636300.8,26-01-MAU.png,2,0.9264,False
2025-10-19,AOS,MAU,635140.9,26-01-MAU.png,2,0.9264,False
2025-10-20,AOS,MAU,635373.2,26-01-MAU.png,2,0.9264,False
2025-10-21,AOS,MAU,631247.8,26-01-MAU.png,2,0.9264,False
2025-10-22,AOS,MAU,628980.3,26-01-MAU.png,2,0.9264,False
2025-10-23,AOS,MAU,629283.5,26-01-MAU.png,2,0.9264,False
2025-10-24,AOS,MAU,630063.2,26-01-MAU.png,2,0.9264,False
2025-10-25,AOS,MAU,627059.6,26-01-MAU.png,2,0.9264,False
2025-10-26,AOS,MAU,627059.6,26-01-MAU.png,2,0.9264,False
2025-10-28,AOS,MAU,622353.8,26-01-MAU.png,2,0.9264,False
2025-10-29,AOS,MAU,617647.9,26-01-MAU.png,2,0.9264,False
2025-10-30,AOS,MAU,619433.1,26-01-MAU.png,2,0.9264,False
2025-10-31,AOS,MAU,619512.0,26-01-MAU.png,2,0.9264,False
2025-11-01,AOS,MAU,616471.7,26-01-MAU.png,2,0.9264,False
2025-11-02,AOS,MAU,617647.9,26-01-MAU.png,2,0.9264,False
2025-11-03,AOS,MAU,617647.9,26-01-MAU.png,2,0.9264,False
2025-11-04,AOS,MAU,617647.9,26-01-MAU.png,2,0.9264,False
2025-11-05,AOS,MAU,615541.9,26-01-MAU.png,2,0.9264,False
2025-11-06,AOS,MAU,617647.9,26-01-MAU.png,2,0.9264,False
2025-11-07,AOS,MAU,617647.9,26-01-MAU.png,2,0.9264,False
2025-11-08,AOS,MAU,620013.7,26-01-MAU.png,2,0.9264,False
2025-11-09,AOS,MAU,620780.4,26-01-MAU.png,2,0.9264,False
2025-11-11,AOS,MAU,620000.9,26-01-MAU.png,2,0.9264,False
2025-11-12,AOS,MAU,619175.7,26-01-MAU.png,2,0.9264,False
2025-11-13,AOS,MAU,620980.9,26-01-MAU.png,2,0.9264,False
2025-11-14,AOS,MAU,620426.2,26-01-MAU.png,2,0.9264,False
2025-11-15,AOS,MAU,625212.6,26-01-MAU.png,2,0.9264,False
2025-11-16,AOS,MAU,625760.3,26-01-MAU.png,2,0.9264,False
2025-11-17,AOS,MAU,625961.5,26-01-MAU.png,2,0.9264,False
2025-11-18,AOS,MAU,627059.6,26-01-MAU.png,2,0.9264,False
2025-11-19,AOS,MAU,629314.8,26-01-MAU.png,2,0.9264,False
2025-11-20,AOS,MAU,629830.4,26-01-MAU.png,2,0.9264,False
2025-11-21,AOS,MAU,630395.5,26-01-MAU.png,2,0.9264,False
2025-11-22,AOS,MAU,630604.4,26-01-MAU.png,2,0.9264,False
2025-11-24,AOS,MAU,628779.0,26-01-MAU.png,2,0.9264,False
2025-11-25,AOS,MAU,627656.3,26-01-MAU.png,2,0.9264,False
2025-11-26,AOS,MAU,625207.5,26-01-MAU.png,2,0.9264,False
2025-11-27,AOS,MAU,622500.5,26-01-MAU.png,2,0.9264,False
2025-11-28,AOS,MAU,620000.9,26-01-MAU.png,2,0.9264,False
2025-11-29,AOS,MAU,620450.2,26-01-MAU.png,2,0.9264,False
2025-11-30,AOS,MAU,617318.7,26-01-MAU.png,2,0.9264,False
2025-12-01,AOS,MAU,614468.5,26-01-MAU.png,2,0.9264,False
2025-12-02,AOS,MAU,611106.5,26-01-MAU.png,2,0.9264,False
2025-12-03,AOS,MAU,610553.2,26-01-MAU.png,2,0.9264,False
2025-12-04,AOS,MAU,607763.5,26-01-MAU.png,2,0.9264,False
2025-12-05,AOS,MAU,603530.4,26-01-MAU.png,2,0.9264,False
2025-12-06,AOS,MAU,603610.2,26-01-MAU.png,2,0.9264,False
2025-12-08,AOS,MAU,600076.8,26-01-MAU.png,2,0.9264,False
2025-12-09,AOS,MAU,600439.3,26-01-MAU.png,2,0.9264,False
2025-12-10,AOS,MAU,598006.3,26-01-MAU.png,2,0.9264,False
2025-12-11,AOS,MAU,596628.3,26-01-MAU.png,2,0.9264,False
2025-12-12,AOS,MAU,594118.7,26-01-MAU.png,2,0.9264,False
2025-12-14,AOS,MAU,608236.2,26-01-MAU.png,2,0.9264,False
2025-12-19,AOS,MAU,627059.6,26-01-MAU.png,2,0.9264,False
2025-12-21,AOS,MAU,627059.6,26-01-MAU.png,2,0.9264,False
2025-12-22,AOS,MAU,628971.3,26-01-MAU.png,2,0.9264,False
2025-12-23,AOS,MAU,633253.1,26-01-MAU.png,2,0.9264,False
2025-12-24,AOS,MAU,637854.3,26-01-MAU.png,2,0.9264,False
2025-12-25,AOS,MAU,639019.8,26-01-MAU.png,2,0.9264,False
2025-12-26,AOS,MAU,640988.4,26-01-MAU.png,2,0.9264,False
2025-12-27,AOS,MAU,642033.6,26-01-MAU.png,2,0.9264,False
2025-12-28,AOS,MAU,655294.7,26-01-MAU.png,2,0.9264,False
2024-07-02,TOTAL,MAU,161490.9,26-01-MAU.png,1,0.9264,False
2024-07-05,TOTAL,MAU,180323.2,26-01-MAU.png,1,0.9264,False
2024-07-06,TOTAL,MAU,187385.3,26-01-MAU.png,1,0.9264,False
2024-07-07,TOTAL,MAU,192093.4,26-01-MAU.png,1,0.9264,False
2024-07-09,TOTAL,MAU,199155.5,26-01-MAU.png,1,0.9264,False
2024-07-10,TOTAL,MAU,206217.6,26-01-MAU.png,1,0.9264,False
2024-07-11,TOTAL,MAU,210925.7,26-01-MAU.png,1,0.9264,False
2024-07-14,TOTAL,MAU,229757.9,26-01-MAU.png,1,0.9264,False
2024-07-15,TOTAL,MAU,239174.1,26-01-MAU.png,1,0.9264,False
2024-07-17,TOTAL,MAU,250944.3,26-01-MAU.png,1,0.9264,False
2024-07-18,TOTAL,MAU,258006.4,26-01-MAU.png,1,0.9264,False
2024-07-19,TOTAL,MAU,265068.5,26-01-MAU.png,1,0.9264,False
2024-07-20,TOTAL,MAU,267422.5,26-01-MAU.png,1,0.9264,False
2024-07-21,TOTAL,MAU,269776.6,26-01-MAU.png,1,0.9264,False
2024-07-23,TOTAL,MAU,272130.6,26-01-MAU.png,1,0.9264,False
2024-07-24,TOTAL,MAU,272130.6,26-01-MAU.png,1,0.9264,False
2024-07-25,TOTAL,MAU,272130.6,26-01-MAU.png,1,0.9264,False
2024-07-26,TOTAL,MAU,272130.6,26-01-MAU.png,1,0.9264,False
2024-07-27,TOTAL,MAU,272130.6,26-01-MAU.png,1,0.9264,False
2024-07-28,TOTAL,MAU,272130.6,26-01-MAU.png,1,0.9264,False
2024-07-29,TOTAL,MAU,272130.6,26-01-MAU.png,1,0.9264,False
2024-07-30,TOTAL,MAU,272130.6,26-01-MAU.png,1,0.9264,False
2024-07-31,TOTAL,MAU,272130.6,26-01-MAU.png,1,0.9264,False
2024-08-01,TOTAL,MAU,272130.6,26-01-MAU.png,1,0.9264,False
2024-08-02,TOTAL,MAU,272130.6,26-01-MAU.png,1,0.9264,False
2024-08-03,TOTAL,MAU,274484.6,26-01-MAU.png,1,0.9264,False
2024-08-05,TOTAL,MAU,274484.6,26-01-MAU.png,1,0.9264,False
2024-08-06,TOTAL,MAU,274484.6,26-01-MAU.png,1,0.9264,False
2024-08-07,TOTAL,MAU,274484.6,26-01-MAU.png,1,0.9264,False
2024-08-08,TOTAL,MAU,274484.6,26-01-MAU.png,1,0.9264,False
2024-08-09,TOTAL,MAU,274484.6,26-01-MAU.png,1,0.9264,False
2024-08-10,TOTAL,MAU,276838.7,26-01-MAU.png,1,0.9264,False
2024-08-11,TOTAL,MAU,276838.7,26-01-MAU.png,1,0.9264,False
2024-08-12,TOTAL,MAU,276838.7,26-01-MAU.png,1,0.9264,False
2024-08-13,TOTAL,MAU,276838.7,26-01-MAU.png,1,0.9264,False
2024-08-14,TOTAL,MAU,276838.7,26-01-MAU.png,1,0.9264,False
2024-08-15,TOTAL,MAU,279192.7,26-01-MAU.png,1,0.9264,False
2024-08-16,TOTAL,MAU,279192.7,26-01-MAU.png,1,0.9264,False
2024-08-17,TOTAL,MAU,279192.7,26-01-MAU.png,1,0.9264,False
2024-08-19,TOTAL,MAU,279192.7,26-01-MAU.png,1,0.9264,False
2024-08-20,TOTAL,MAU,281546.7,26-01-MAU.png,1,0.9264,False
2024-08-21,TOTAL,MAU,281546.7,26-01-MAU.png,1,0.9264,False
2024-08-22,TOTAL,MAU,281546.7,26-01-MAU.png,1,0.9264,False
2024-08-23,TOTAL,MAU,281546.7,26-01-MAU.png,1,0.9264,False
2024-08-24,TOTAL,MAU,281546.7,26-01-MAU.png,1,0.9264,False
2024-08-25,TOTAL,MAU,281546.7,26-01-MAU.png,1,0.9264,False
2024-08-26,TOTAL,MAU,283900.8,26-01-MAU.png,1,0.9264,False
2024-08-27,TOTAL,MAU,283900.8,26-01-MAU.png,1,0.9264,False
2024-08-28,TOTAL,MAU,286254.8,26-01-MAU.png,1,0.9264,False
2024-08-29,TOTAL,MAU,286254.8,26-01-MAU.png,1,0.9264,False
2024-08-30,TOTAL,MAU,286254.8,26-01-MAU.png,1,0.9264,False
2024-08-31,TOTAL,MAU,288608.9,26-01-MAU.png,1,0.9264,False
2024-09-02,TOTAL,MAU,288608.9,26-01-MAU.png,1,0.9264,False
2024-09-03,TOTAL,MAU,290962.9,26-01-MAU.png,1,0.9264,False
2024-09-04,TOTAL,MAU,290962.9,26-01-MAU.png,1,0.9264,False
2024-09-05,TOTAL,MAU,293316.9,26-01-MAU.png,1,0.9264,False
2024-09-06,TOTAL,MAU,293316.9,26-01-MAU.png,1,0.9264,False
2024-09-07,TOTAL,MAU,295671.0,26-01-MAU.png,1,0.9264,False
2024-09-08,TOTAL,MAU,295671.0,26-01-MAU.png,1,0.9264,False
2024-09-09,TOTAL,MAU,298025.0,26-01-MAU.png,1,0.9264,False
2024-09-10,TOTAL,MAU,298025.0,26-01-MAU.png,1,0.9264,False
2024-09-11,TOTAL,MAU,300379.0,26-01-MAU.png,1,0.9264,False
2024-09-12,TOTAL,MAU,300379.0,26-01-MAU.png,1,0.9264,False
2024-09-13,TOTAL,MAU,300379.0,26-01-MAU.png,1,0.9264,False
2024-09-15,TOTAL,MAU,302733.1,26-01-MAU.png,1,0.9264,False
2024-09-16,TOTAL,MAU,305087.1,26-01-MAU.png,1,0.9264,False
2024-09-17,TOTAL,MAU,305087.1,26-01-MAU.png,1,0.9264,False
2024-09-18,TOTAL,MAU,307441.1,26-01-MAU.png,1,0.9264,False
2024-09-19,TOTAL,MAU,309795.2,26-01-MAU.png,1,0.9264,False
2024-09-20,TOTAL,MAU,312149.2,26-01-MAU.png,1,0.9264,False
2024-09-21,TOTAL,MAU,314503.3,26-01-MAU.png,1,0.9264,False
2024-09-22,TOTAL,MAU,314503.3,26-01-MAU.png,1,0.9264,False
2024-09-23,TOTAL,MAU,319211.3,26-01-MAU.png,1,0.9264,False
2024-09-24,TOTAL,MAU,319211.3,26-01-MAU.png,1,0.9264,False
2024-09-25,TOTAL,MAU,321565.4,26-01-MAU.png,1,0.9264,False
2024-09-26,TOTAL,MAU,323919.4,26-01-MAU.png,1,0.9264,False
2024-09-27,TOTAL,MAU,326273.4,26-01-MAU.png,1,0.9264,False
2024-09-29,TOTAL,MAU,328627.5,26-01-MAU.png,1,0.9264,False
2024-09-30,TOTAL,MAU,328627.5,26-01-MAU.png,1,0.9264,False
2024-10-01,TOTAL,MAU,330981.5,26-01-MAU.png,1,0.9264,False
2024-10-02,TOTAL,MAU,333335.5,26-01-MAU.png,1,0.9264,False
2024-10-03,TOTAL,MAU,335689.6,26-01-MAU.png,1,0.9264,False
2024-10-04,TOTAL,MAU,335689.6,26-01-MAU.png,1,0.9264,False
2024-10-05,TOTAL,MAU,338043.6,26-01-MAU.png,1,0.9264,False
2024-10-06,TOTAL,MAU,340397.7,26-01-MAU.png,1,0.9264,False
2024-10-07,TOTAL,MAU,342751.7,26-01-MAU.png,1,0.9264,False
2024-10-08,TOTAL,MAU,342751.7,26-01-MAU.png,1,0.9264,False
2024-10-09,TOTAL,MAU,345105.7,26-01-MAU.png,1,0.9264,False
2024-10-10,TOTAL,MAU,347459.8,26-01-MAU.png,1,0.9264,False
2024-10-12,TOTAL,MAU,349813.8,26-01-MAU.png,1,0.9264,False
2024-10-13,TOTAL,MAU,352167.8,26-01-MAU.png,1,0.9264,False
2024-10-14,TOTAL,MAU,352167.8,26-01-MAU.png,1,0.9264,False
2024-10-15,TOTAL,MAU,354521.9,26-01-MAU.png,1,0.9264,False
2024-10-16,TOTAL,MAU,356875.9,26-01-MAU.png,1,0.9264,False
2024-10-17,TOTAL,MAU,356875.9,26-01-MAU.png,1,0.9264,False
2024-10-18,TOTAL,MAU,361584.0,26-01-MAU.png,1,0.9264,False
2024-10-19,TOTAL,MAU,361584.0,26-01-MAU.png,1,0.9264,False
2024-10-20,TOTAL,MAU,363938.0,26-01-MAU.png,1,0.9264,False
2024-10-21,TOTAL,MAU,366292.1,26-01-MAU.png,1,0.9264,False
2024-10-22,TOTAL,MAU,366292.1,26-01-MAU.png,1,0.9264,False
2024-10-23,TOTAL,MAU,366292.1,26-01-MAU.png,1,0.9264,False
2024-10-24,TOTAL,MAU,371000.1,26-01-MAU.png,1,0.9264,False
2024-10-26,TOTAL,MAU,371000.1,26-01-MAU.png,1,0.9264,False
2024-10-27,TOTAL,MAU,371000.1,26-01-MAU.png,1,0.9264,False
2024-10-28,TOTAL,MAU,371000.1,26-01-MAU.png,1,0.9264,False
2024-10-29,TOTAL,MAU,371000.1,26-01-MAU.png,1,0.9264,False
2024-10-30,TOTAL,MAU,371000.1,26-01-MAU.png,1,0.9264,False
2024-10-31,TOTAL,MAU,371000.1,26-01-MAU.png,1,0.9264,False
2024-11-01,TOTAL,MAU,373354.2,26-01-MAU.png,1,0.9264,False
2024-11-02,TOTAL,MAU,373354.2,26-01-MAU.png,1,0.9264,False
2024-11-03,TOTAL,MAU,375708.2,26-01-MAU.png,1,0.9264,False
2024-11-04,TOTAL,MAU,375708.2,26-01-MAU.png,1,0.9264,False
2024-11-05,TOTAL,MAU,375708.2,26-01-MAU.png,1,0.9264,False
2024-11-06,TOTAL,MAU,375708.2,26-01-MAU.png,1,0.9264,False
2024-11-07,TOTAL,MAU,375708.2,26-01-MAU.png,1,0.9264,False
2024-11-09,TOTAL,MAU,375708.2,26-01-MAU.png,1,0.9264,False
2024-11-10,TOTAL,MAU,378062.2,26-01-MAU.png,1,0.9264,False
2024-11-11,TOTAL,MAU,378062.2,26-01-MAU.png,1,0.9264,False
2024-11-12,TOTAL,MAU,378062.2,26-01-MAU.png,1,0.9264,False
2024-11-13,TOTAL,MAU,380416.3,26-01-MAU.png,1,0.9264,False
2024-11-14,TOTAL,MAU,380416.3,26-01-MAU.png,1,0.9264,False
2024-11-15,TOTAL,MAU,380416.3,26-01-MAU.png,1,0.9264,False
2024-11-16,TOTAL,MAU,380416.3,26-01-MAU.png,1,0.9264,False
2024-11-17,TOTAL,MAU,380416.3,26-01-MAU.png,1,0.9264,False
2024-11-18,TOTAL,MAU,380416.3,26-01-MAU.png,1,0.9264,False
2024-11-19,TOTAL,MAU,380416.3,26-01-MAU.png,1,0.9264,False
2024-11-20,TOTAL,MAU,380416.3,26-01-MAU.png,1,0.9264,False
2024-11-22,TOTAL,MAU,382770.3,26-01-MAU.png,1,0.9264,False
2024-11-23,TOTAL,MAU,382770.3,26-01-MAU.png,1,0.9264,False
2024-11-24,TOTAL,MAU,382770.3,26-01-MAU.png,1,0.9264,False
2024-11-25,TOTAL,MAU,385124.4,26-01-MAU.png,1,0.9264,False
2024-11-26,TOTAL,MAU,385124.4,26-01-MAU.png,1,0.9264,False
2024-11-27,TOTAL,MAU,385124.4,26-01-MAU.png,1,0.9264,False
2024-11-28,TOTAL,MAU,385124.4,26-01-MAU.png,1,0.9264,False
2024-11-29,TOTAL,MAU,385124.4,26-01-MAU.png,1,0.9264,False
2024-11-30,TOTAL,MAU,385124.4,26-01-MAU.png,1,0.9264,False
2024-12-01,TOTAL,MAU,387478.4,26-01-MAU.png,1,0.9264,False
2024-12-02,TOTAL,MAU,389832.4,26-01-MAU.png,1,0.9264,False
2024-12-03,TOTAL,MAU,389832.4,26-01-MAU.png,1,0.9264,False
2024-12-04,TOTAL,MAU,392186.5,26-01-MAU.png,1,0.9264,False
2024-12-06,TOTAL,MAU,392186.5,26-01-MAU.png,1,0.9264,False
2024-12-07,TOTAL,MAU,394540.5,26-01-MAU.png,1,0.9264,False
2024-12-08,TOTAL,MAU,394540.5,26-01-MAU.png,1,0.9264,False
2024-12-09,TOTAL,MAU,396894.5,26-01-MAU.png,1,0.9264,False
2024-12-10,TOTAL,MAU,399248.6,26-01-MAU.png,1,0.9264,False
2024-12-11,TOTAL,MAU,399248.6,26-01-MAU.png,1,0.9264,False
2024-12-12,TOTAL,MAU,399248.6,26-01-MAU.png,1,0.9264,False
2024-12-13,TOTAL,MAU,403956.6,26-01-MAU.png,1,0.9264,False
2024-12-14,TOTAL,MAU,403956.6,26-01-MAU.png,1,0.9264,False
2024-12-15,TOTAL,MAU,403956.6,26-01-MAU.png,1,0.9264,False
2024-12-16,TOTAL,MAU,406310.7,26-01-MAU.png,1,0.9264,False
2024-12-17,TOTAL,MAU,408664.7,26-01-MAU.png,1,0.9264,False
2024-12-19,TOTAL,MAU,408664.7,26-01-MAU.png,1,0.9264,False
2024-12-20,TOTAL,MAU,408664.7,26-01-MAU.png,1,0.9264,False
2024-12-21,TOTAL,MAU,408664.7,26-01-MAU.png,1,0.9264,False
2024-12-22,TOTAL,MAU,408664.7,26-01-MAU.png,1,0.9264,False
2024-12-23,TOTAL,MAU,406310.7,26-01-MAU.png,1,0.9264,False
2024-12-24,TOTAL,MAU,403956.6,26-01-MAU.png,1,0.9264,False
2024-12-25,TOTAL,MAU,403956.6,26-01-MAU.png,1,0.9264,False
2024-12-26,TOTAL,MAU,403956.6,26-01-MAU.png,1,0.9264,False
2024-12-27,TOTAL,MAU,403956.6,26-01-MAU.png,1,0.9264,False
2024-12-28,TOTAL,MAU,403956.6,26-01-MAU.png,1,0.9264,False
2024-12-29,TOTAL,MAU,403956.6,26-01-MAU.png,1,0.9264,False
2024-12-30,TOTAL,MAU,403956.6,26-01-MAU.png,1,0.9264,False
2024-12-31,TOTAL,MAU,403956.6,26-01-MAU.png,1,0.9264,False
2025-01-02,TOTAL,MAU,403956.6,26-01-MAU.png,1,0.9264,False
2025-01-03,TOTAL,MAU,403956.6,26-01-MAU.png,1,0.9264,False
2025-01-04,TOTAL,MAU,403956.6,26-01-MAU.png,1,0.9264,False
2025-01-05,TOTAL,MAU,401602.6,26-01-MAU.png,1,0.9264,False
2025-01-06,TOTAL,MAU,401602.6,26-01-MAU.png,1,0.9264,False
2025-01-07,TOTAL,MAU,401602.6,26-01-MAU.png,1,0.9264,False
2025-01-08,TOTAL,MAU,403956.6,26-01-MAU.png,1,0.9264,False
2025-01-09,TOTAL,MAU,403956.6,26-01-MAU.png,1,0.9264,False
2025-01-10,TOTAL,MAU,403956.6,26-01-MAU.png,1,0.9264,False
2025-01-11,TOTAL,MAU,403956.6,26-01-MAU.png,1,0.9264,False
2025-01-12,TOTAL,MAU,403956.6,26-01-MAU.png,1,0.9264,False
2025-01-13,TOTAL,MAU,403956.6,26-01-MAU.png,1,0.9264,False
2025-01-14,TOTAL,MAU,403956.6,26-01-MAU.png,1,0.9264,False
2025-01-16,TOTAL,MAU,403956.6,26-01-MAU.png,1,0.9264,False
2025-01-17,TOTAL,MAU,406310.7,26-01-MAU.png,1,0.9264,False
2025-01-18,TOTAL,MAU,408664.7,26-01-MAU.png,1,0.9264,False
2025-01-19,TOTAL,MAU,408664.7,26-01-MAU.png,1,0.9264,False
2025-01-20,TOTAL,MAU,408664.7,26-01-MAU.png,1,0.9264,False
2025-01-21,TOTAL,MAU,408664.7,26-01-MAU.png,1,0.9264,False
2025-01-22,TOTAL,MAU,408664.7,26-01-MAU.png,1,0.9264,False
2025-01-23,TOTAL,MAU,408664.7,26-01-MAU.png,1,0.9264,False
2025-01-24,TOTAL,MAU,411018.8,26-01-MAU.png,1,0.9264,False
2025-01-25,TOTAL,MAU,413372.8,26-01-MAU.png,1,0.9264,False
2025-01-26,TOTAL,MAU,413372.8,26-01-MAU.png,1,0.9264,False
2025-01-27,TOTAL,MAU,418080.9,26-01-MAU.png,1,0.9264,False
2025-01-29,TOTAL,MAU,420434.9,26-01-MAU.png,1,0.9264,False
2025-01-30,TOTAL,MAU,422788.9,26-01-MAU.png,1,0.9264,False
2025-01-31,TOTAL,MAU,425143.0,26-01-MAU.png,1,0.9264,False
2025-02-01,TOTAL,MAU,427497.0,26-01-MAU.png,1,0.9264,False
2025-02-02,TOTAL,MAU,432205.1,26-01-MAU.png,1,0.9264,False
2025-02-03,TOTAL,MAU,432205.1,26-01-MAU.png,1,0.9264,False
2025-02-04,TOTAL,MAU,436913.2,26-01-MAU.png,1,0.9264,False
2025-02-05,TOTAL,MAU,439267.2,26-01-MAU.png,1,0.9264,False
2025-02-06,TOTAL,MAU,441621.2,26-01-MAU.png,1,0.9264,False
2025-02-07,TOTAL,MAU,443975.3,26-01-MAU.png,1,0.9264,False
2025-02-08,TOTAL,MAU,446329.3,26-01-MAU.png,1,0.9264,False
2025-02-09,TOTAL,MAU,451037.4,26-01-MAU.png,1,0.9264,False
2025-02-10,TOTAL,MAU,451037.4,26-01-MAU.png,1,0.9264,False
2025-02-12,TOTAL,MAU,455745.4,26-01-MAU.png,1,0.9264,False
2025-02-13,TOTAL,MAU,458099.5,26-01-MAU.png,1,0.9264,False
2025-02-14,TOTAL,MAU,460453.5,26-01-MAU.png,1,0.9264,False
2025-02-15,TOTAL,MAU,465161.6,26-01-MAU.png,1,0.9264,False
2025-02-16,TOTAL,MAU,469869.7,26-01-MAU.png,1,0.9264,False
2025-02-17,TOTAL,MAU,469869.7,26-01-MAU.png,1,0.9264,False
2025-02-18,TOTAL,MAU,474577.7,26-01-MAU.png,1,0.9264,False
2025-02-19,TOTAL,MAU,479285.8,26-01-MAU.png,1,0.9264,False
2025-02-20,TOTAL,MAU,483993.9,26-01-MAU.png,1,0.9264,False
2025-02-21,TOTAL,MAU,483993.9,26-01-MAU.png,1,0.9264,False
2025-02-22,TOTAL,MAU,488702.0,26-01-MAU.png,1,0.9264,False
2025-02-23,TOTAL,MAU,493410.0,26-01-MAU.png,1,0.9264,False
2025-02-25,TOTAL,MAU,495764.1,26-01-MAU.png,1,0.9264,False
2025-02-26,TOTAL,MAU,498118.1,26-01-MAU.png,1,0.9264,False
2025-02-27,TOTAL,MAU,502826.2,26-01-MAU.png,1,0.9264,False
2025-02-28,TOTAL,MAU,507534.2,26-01-MAU.png,1,0.9264,False
2025-03-01,TOTAL,MAU,509888.3,26-01-MAU.png,1,0.9264,False
2025-03-02,TOTAL,MAU,512242.3,26-01-MAU.png,1,0.9264,False
2025-03-03,TOTAL,MAU,516950.4,26-01-MAU.png,1,0.9264,False
2025-03-04,TOTAL,MAU,519304.4,26-01-MAU.png,1,0.9264,False
2025-03-05,TOTAL,MAU,521658.5,26-01-MAU.png,1,0.9264,False
2025-03-06,TOTAL,MAU,526366.5,26-01-MAU.png,1,0.9264,False
2025-03-07,TOTAL,MAU,528720.6,26-01-MAU.png,1,0.9264,False
2025-03-08,TOTAL,MAU,531074.6,26-01-MAU.png,1,0.9264,False
2025-03-09,TOTAL,MAU,531074.6,26-01-MAU.png,1,0.9264,False
2025-03-11,TOTAL,MAU,535782.7,26-01-MAU.png,1,0.9264,False
2025-03-12,TOTAL,MAU,538136.7,26-01-MAU.png,1,0.9264,False
2025-03-13,TOTAL,MAU,540490.8,26-01-MAU.png,1,0.9264,False
2025-03-14,TOTAL,MAU,545198.8,26-01-MAU.png,1,0.9264,False
2025-03-15,TOTAL,MAU,545198.8,26-01-MAU.png,1,0.9264,False
2025-03-16,TOTAL,MAU,549906.9,26-01-MAU.png,1,0.9264,False
2025-03-17,TOTAL,MAU,549906.9,26-01-MAU.png,1,0.9264,False
2025-03-18,TOTAL,MAU,554615.0,26-01-MAU.png,1,0.9264,False
2025-03-19,TOTAL,MAU,556969.0,26-01-MAU.png,1,0.9264,False
2025-03-20,TOTAL,MAU,559323.0,26-01-MAU.png,1,0.9264,False
2025-03-21,TOTAL,MAU,561677.1,26-01-MAU.png,1,0.9264,False
2025-03-22,TOTAL,MAU,564031.1,26-01-MAU.png,1,0.9264,False
2025-03-23,TOTAL,MAU,568739.2,26-01-MAU.png,1,0.9264,False
2025-03-25,TOTAL,MAU,573447.3,26-01-MAU.png,1,0.9264,False
2025-03-26,TOTAL,MAU,578155.3,26-01-MAU.png,1,0.9264,False
2025-03-27,TOTAL,MAU,582863.4,26-01-MAU.png,1,0.9264,False
2025-03-28,TOTAL,MAU,585217.4,26-01-MAU.png,1,0.9264,False
2025-03-29,TOTAL,MAU,587571.5,26-01-MAU.png,1,0.9264,False
2025-03-30,TOTAL,MAU,592279.6,26-01-MAU.png,1,0.9264,False
2025-03-31,TOTAL,MAU,596987.6,26-01-MAU.png,1,0.9264,False
2025-04-01,TOTAL,MAU,601695.7,26-01-MAU.png,1,0.9264,False
2025-04-02,TOTAL,MAU,606403.8,26-01-MAU.png,1,0.9264,False
2025-04-03,TOTAL,MAU,611111.8,26-01-MAU.png,1,0.9264,False
2025-04-04,TOTAL,MAU,615819.9,26-01-MAU.png,1,0.9264,False
2025-04-05,TOTAL,MAU,618174.0,26-01-MAU.png,1,0.9264,False
2025-04-07,TOTAL,MAU,622882.0,26-01-MAU.png,1,0.9264,False
2025-04-08,TOTAL,MAU,625236.1,26-01-MAU.png,1,0.9264,False
2025-04-09,TOTAL,MAU,629944.1,26-01-MAU.png,1,0.9264,False
2025-04-10,TOTAL,MAU,634652.2,26-01-MAU.png,1,0.9264,False
2025-04-11,TOTAL,MAU,639360.3,26-01-MAU.png,1,0.9264,False
2025-04-12,TOTAL,MAU,639360.3,26-01-MAU.png,1,0.9264,False
2025-04-13,TOTAL,MAU,641714.3,26-01-MAU.png,1,0.9264,False
2025-04-14,TOTAL,MAU,644068.4,26-01-MAU.png,1,0.9264,False
2025-04-15,TOTAL,MAU,644068.4,26-01-MAU.png,1,0.9264,False
2025-04-16,TOTAL,MAU,646422.4,26-01-MAU.png,1,0.9264,False
2025-04-17,TOTAL,MAU,648776.4,26-01-MAU.png,1,0.9264,False
2025-04-18,TOTAL,MAU,648776.4,26-01-MAU.png,1,0.9264,False
2025-04-19,TOTAL,MAU,651130.5,26-01-MAU.png,1,0.9264,False
2025-04-21,TOTAL,MAU,653484.5,26-01-MAU.png,1,0.9264,False
2025-04-22,TOTAL,MAU,653484.5,26-01-MAU.png,1,0.9264,False
2025-04-23,TOTAL,MAU,655838.5,26-01-MAU.png,1,0.9264,False
2025-04-24,TOTAL,MAU,658192.6,26-01-MAU.png,1,0.9264,False
2025-04-25,TOTAL,MAU,658192.6,26-01-MAU.png,1,0.9264,False
2025-04-26,TOTAL,MAU,660546.6,26-01-MAU.png,1,0.9264,False
2025-04-27,TOTAL,MAU,662900.7,26-01-MAU.png,1,0.9264,False
2025-04-28,TOTAL,MAU,662900.7,26-01-MAU.png,1,0.9264,False
2025-04-29,TOTAL,MAU,662900.7,26-01-MAU.png,1,0.9264,False
2025-04-30,TOTAL,MAU,667608.7,26-01-MAU.png,1,0.9264,False
2025-05-01,TOTAL,MAU,669962.8,26-01-MAU.png,1,0.9264,False
2025-05-02,TOTAL,MAU,672316.8,26-01-MAU.png,1,0.9264,False
2025-05-04,TOTAL,MAU,677024.9,26-01-MAU.png,1,0.9264,False
2025-05-05,TOTAL,MAU,681732.9,26-01-MAU.png,1,0.9264,False
2025-05-06,TOTAL,MAU,681732.9,26-01-MAU.png,1,0.9264,False
2025-05-07,TOTAL,MAU,686441.0,26-01-MAU.png,1,0.9264,False
2025-05-08,TOTAL,MAU,688795.1,26-01-MAU.png,1,0.9264,False
2025-05-09,TOTAL,MAU,691149.1,26-01-MAU.png,1,0.9264,False
2025-05-10,TOTAL,MAU,695857.2,26-01-MAU.png,1,0.9264,False
2025-05-11,TOTAL,MAU,700565.2,26-01-MAU.png,1,0.9264,False
2025-05-12,TOTAL,MAU,700565.2,26-01-MAU.png,1,0.9264,False
2025-05-13,TOTAL,MAU,705273.3,26-01-MAU.png,1,0.9264,False
2025-05-14,TOTAL,MAU,707627.3,26-01-MAU.png,1,0.9264,False
2025-05-15,TOTAL,MAU,709981.4,26-01-MAU.png,1,0.9264,False
2025-05-16,TOTAL,MAU,714689.5,26-01-MAU.png,1,0.9264,False
2025-05-18,TOTAL,MAU,719397.5,26-01-MAU.png,1,0.9264,False
2025-05-19,TOTAL,MAU,719397.5,26-01-MAU.png,1,0.9264,False
2025-05-20,TOTAL,MAU,724105.6,26-01-MAU.png,1,0.9264,False
2025-05-21,TOTAL,MAU,724105.6,26-01-MAU.png,1,0.9264,False
2025-05-22,TOTAL,MAU,728813.7,26-01-MAU.png,1,0.9264,False
2025-05-23,TOTAL,MAU,728813.7,26-01-MAU.png,1,0.9264,False
2025-05-24,TOTAL,MAU,733521.7,26-01-MAU.png,1,0.9264,False
2025-05-25,TOTAL,MAU,733521.7,26-01-MAU.png,1,0.9264,False
2025-05-26,TOTAL,MAU,738229.8,26-01-MAU.png,1,0.9264,False
2025-05-27,TOTAL,MAU,738229.8,26-01-MAU.png,1,0.9264,False
2025-05-28,TOTAL,MAU,742937.9,26-01-MAU.png,1,0.9264,False
2025-05-29,TOTAL,MAU,742937.9,26-01-MAU.png,1,0.9264,False
2025-05-31,TOTAL,MAU,747646.0,26-01-MAU.png,1,0.9264,False
2025-06-01,TOTAL,MAU,747646.0,26-01-MAU.png,1,0.9264,False
2025-06-02,TOTAL,MAU,750000.0,26-01-MAU.png,1,0.9264,False
2025-06-03,TOTAL,MAU,752354.0,26-01-MAU.png,1,0.9264,False
2025-06-04,TOTAL,MAU,757062.1,26-01-MAU.png,1,0.9264,False
2025-06-05,TOTAL,MAU,757062.1,26-01-MAU.png,1,0.9264,False
2025-06-06,TOTAL,MAU,759416.1,26-01-MAU.png,1,0.9264,False
2025-06-07,TOTAL,MAU,761770.2,26-01-MAU.png,1,0.9264,False
2025-06-08,TOTAL,MAU,766478.3,26-01-MAU.png,1,0.9264,False
2025-06-10,TOTAL,MAU,778248.4,26-01-MAU.png,1,0.9264,False
2025-06-11,TOTAL,MAU,782956.5,26-01-MAU.png,1,0.9264,False
2025-06-12,TOTAL,MAU,785310.5,26-01-MAU.png,1,0.9264,False
2025-06-15,TOTAL,MAU,797080.7,26-01-MAU.png,1,0.9264,False
2025-06-16,TOTAL,MAU,799434.8,26-01-MAU.png,1,0.9264,False
2025-06-17,TOTAL,MAU,804142.8,26-01-MAU.png,1,0.9264,False
2025-06-18,TOTAL,MAU,808850.9,26-01-MAU.png,1,0.9264,False
2025-06-19,TOTAL,MAU,813559.0,26-01-MAU.png,1,0.9264,False
2025-06-20,TOTAL,MAU,818267.1,26-01-MAU.png,1,0.9264,False
2025-06-21,TOTAL,MAU,822975.1,26-01-MAU.png,1,0.9264,False
2025-06-22,TOTAL,MAU,827683.2,26-01-MAU.png,1,0.9264,False
2025-06-23,TOTAL,MAU,832391.3,26-01-MAU.png,1,0.9264,False
2025-06-24,TOTAL,MAU,834745.3,26-01-MAU.png,1,0.9264,False
2025-06-25,TOTAL,MAU,832391.3,26-01-MAU.png,1,0.9264,False
2025-06-26,TOTAL,MAU,832391.3,26-01-MAU.png,1,0.9264,False
2025-06-28,TOTAL,MAU,827683.2,26-01-MAU.png,1,0.9264,False
2025-06-29,TOTAL,MAU,827683.2,26-01-MAU.png,1,0.9264,False
2025-06-30,TOTAL,MAU,822975.1,26-01-MAU.png,1,0.9264,False
2025-07-01,TOTAL,MAU,822975.1,26-01-MAU.png,1,0.9264,False
2025-07-02,TOTAL,MAU,820621.1,26-01-MAU.png,1,0.9264,False
2025-07-03,TOTAL,MAU,818267.1,26-01-MAU.png,1,0.9264,False
2025-07-04,TOTAL,MAU,815913.0,26-01-MAU.png,1,0.9264,False
2025-07-05,TOTAL,MAU,813559.0,26-01-MAU.png,1,0.9264,False
2025-07-06,TOTAL,MAU,813559.0,26-01-MAU.png,1,0.9264,False
2025-07-07,TOTAL,MAU,808850.9,26-01-MAU.png,1,0.9264,False
2025-07-08,TOTAL,MAU,808850.9,26-01-MAU.png,1,0.9264,False
2025-07-09,TOTAL,MAU,804142.8,26-01-MAU.png,1,0.9264,False
2025-07-11,TOTAL,MAU,804142.8,26-01-MAU.png,1,0.9264,False
2025-07-12,TOTAL,MAU,801788.8,26-01-MAU.png,1,0.9264,False
2025-07-13,TOTAL,MAU,799434.8,26-01-MAU.png,1,0.9264,False
2025-07-14,TOTAL,MAU,804142.8,26-01-MAU.png,1,0.9264,False
2025-07-15,TOTAL,MAU,813559.0,26-01-MAU.png,1,0.9264,False
2025-07-16,TOTAL,MAU,822975.1,26-01-MAU.png,1,0.9264,False
2025-07-17,TOTAL,MAU,832391.3,26-01-MAU.png,1,0.9264,False
2025-07-19,TOTAL,MAU,851223.6,26-01-MAU.png,1,0.9264,False
2025-07-20,TOTAL,MAU,860639.7,26-01-MAU.png,1,0.9264,False
2025-07-21,TOTAL,MAU,870055.9,26-01-MAU.png,1,0.9264,False
2025-07-25,TOTAL,MAU,895950.3,26-01-MAU.png,1,0.9264,False
2025-07-26,TOTAL,MAU,907720.4,26-01-MAU.png,1,0.9264,False
2025-07-27,TOTAL,MAU,910074.5,26-01-MAU.png,1,0.9264,False
2025-07-28,TOTAL,MAU,924198.7,26-01-MAU.png,1,0.9264,False
2025-07-29,TOTAL,MAU,933614.8,26-01-MAU.png,1,0.9264,False
2025-07-30,TOTAL,MAU,943031.0,26-01-MAU.png,1,0.9264,False
2025-07-31,TOTAL,MAU,947739.1,26-01-MAU.png,1,0.9264,False
2025-08-01,TOTAL,MAU,957155.2,26-01-MAU.png,1,0.9264,False
2025-08-02,TOTAL,MAU,968925.4,26-01-MAU.png,1,0.9264,False
2025-08-03,TOTAL,MAU,975987.5,26-01-MAU.png,1,0.9264,False
2025-08-04,TOTAL,MAU,983049.6,26-01-MAU.png,1,0.9264,False
2025-08-05,TOTAL,MAU,987757.7,26-01-MAU.png,1,0.9264,False
2025-08-07,TOTAL,MAU,997173.8,26-01-MAU.png,1,0.9264,False
2025-08-08,TOTAL,MAU,1004235.9,26-01-MAU.png,1,0.9264,False
2025-08-09,TOTAL,MAU,1008944.0,26-01-MAU.png,1,0.9264,False
2025-08-11,TOTAL,MAU,1025422.3,26-01-MAU.png,1,0.9264,False
2025-08-12,TOTAL,MAU,1034838.4,26-01-MAU.png,1,0.9264,False
2025-08-13,TOTAL,MAU,1037192.4,26-01-MAU.png,1,0.9264,False
2025-08-14,TOTAL,MAU,1048962.6,26-01-MAU.png,1,0.9264,False
2025-08-15,TOTAL,MAU,1058378.8,26-01-MAU.png,1,0.9264,False
2025-08-16,TOTAL,MAU,1063086.8,26-01-MAU.png,1,0.9264,False
2025-08-18,TOTAL,MAU,1079565.1,26-01-MAU.png,1,0.9264,False
2025-08-19,TOTAL,MAU,1086627.2,26-01-MAU.png,1,0.9264,False
2025-08-21,TOTAL,MAU,1091335.3,26-01-MAU.png,1,0.9264,False
2025-08-24,TOTAL,MAU,1114875.6,26-01-MAU.png,1,0.9264,False
2025-08-25,TOTAL,MAU,1119583.7,26-01-MAU.png,1,0.9264,False
2025-08-26,TOTAL,MAU,1121937.8,26-01-MAU.png,1,0.9264,False
2025-08-27,TOTAL,MAU,1131353.9,26-01-MAU.png,1,0.9264,False
2025-08-28,TOTAL,MAU,1138416.0,26-01-MAU.png,1,0.9264,False
2025-08-29,TOTAL,MAU,1145478.1,26-01-MAU.png,1,0.9264,False
2025-08-30,TOTAL,MAU,1150186.2,26-01-MAU.png,1,0.9264,False
2025-08-31,TOTAL,MAU,1159602.3,26-01-MAU.png,1,0.9264,False
2025-09-01,TOTAL,MAU,1166664.5,26-01-MAU.png,1,0.9264,False
2025-09-02,TOTAL,MAU,1171372.5,26-01-MAU.png,1,0.9264,False
2025-09-04,TOTAL,MAU,1178434.6,26-01-MAU.png,1,0.9264,False
2025-09-05,TOTAL,MAU,1185496.7,26-01-MAU.png,1,0.9264,False
2025-09-06,TOTAL,MAU,1192558.9,26-01-MAU.png,1,0.9264,False
2025-09-07,TOTAL,MAU,1197266.9,26-01-MAU.png,1,0.9264,False
2025-09-08,TOTAL,MAU,1197266.9,26-01-MAU.png,1,0.9264,False
2025-09-09,TOTAL,MAU,1194912.9,26-01-MAU.png,1,0.9264,False
2025-09-10,TOTAL,MAU,1190204.8,26-01-MAU.png,1,0.9264,False
2025-09-11,TOTAL,MAU,1185496.7,26-01-MAU.png,1,0.9264,False
2025-09-12,TOTAL,MAU,1183142.7,26-01-MAU.png,1,0.9264,False
2025-09-13,TOTAL,MAU,1178434.6,26-01-MAU.png,1,0.9264,False
2025-09-14,TOTAL,MAU,1173726.6,26-01-MAU.png,1,0.9264,False
2025-09-15,TOTAL,MAU,1169018.5,26-01-MAU.png,1,0.9264,False
2025-09-17,TOTAL,MAU,1166664.5,26-01-MAU.png,1,0.9264,False
2025-09-18,TOTAL,MAU,1161956.4,26-01-MAU.png,1,0.9264,False
2025-09-19,TOTAL,MAU,1157248.3,26-01-MAU.png,1,0.9264,False
2025-09-20,TOTAL,MAU,1152540.2,26-01-MAU.png,1,0.9264,False
2025-09-21,TOTAL,MAU,1150186.2,26-01-MAU.png,1,0.9264,False
2025-09-22,TOTAL,MAU,1143124.1,26-01-MAU.png,1,0.9264,False
2025-09-23,TOTAL,MAU,1140770.0,26-01-MAU.png,1,0.9264,False
2025-09-24,TOTAL,MAU,1136062.0,26-01-MAU.png,1,0.9264,False
2025-09-25,TOTAL,MAU,1131353.9,26-01-MAU.png,1,0.9264,False
2025-09-26,TOTAL,MAU,1128999.9,26-01-MAU.png,1,0.9264,False
2025-09-27,TOTAL,MAU,1128999.9,26-01-MAU.png,1,0.9264,False
2025-09-28,TOTAL,MAU,1138416.0,26-01-MAU.png,1,0.9264,False
2025-10-02,TOTAL,MAU,1157248.3,26-01-MAU.png,1,0.9264,False
2025-10-03,TOTAL,MAU,1166664.5,26-01-MAU.png,1,0.9264,False
2025-10-06,TOTAL,MAU,1185496.7,26-01-MAU.png,1,0.9264,False
2025-10-07,TOTAL,MAU,1190204.8,26-01-MAU.png,1,0.9264,False
2025-10-10,TOTAL,MAU,1213745.2,26-01-MAU.png,1,0.9264,False
2025-10-11,TOTAL,MAU,1218453.3,26-01-MAU.png,1,0.9264,False
2025-10-15,TOTAL,MAU,1237285.5,26-01-MAU.png,1,0.9264,False
2025-10-16,TOTAL,MAU,1241993.6,26-01-MAU.png,1,0.9264,False
2025-10-17,TOTAL,MAU,1241993.6,26-01-MAU.png,1,0.9264,False
2025-10-18,TOTAL,MAU,1237285.5,26-01-MAU.png,1,0.9264,False
2025-10-19,TOTAL,MAU,1237285.5,26-01-MAU.png,1,0.9264,False
2025-10-20,TOTAL,MAU,1232577.5,26-01-MAU.png,1,0.9264,False
2025-10-21,TOTAL,MAU,1227869.4,26-01-MAU.png,1,0.9264,False
2025-10-22,TOTAL,MAU,1227869.4,26-01-MAU.png,1,0.9264,False
2025-10-23,TOTAL,MAU,1223161.3,26-01-MAU.png,1,0.9264,False
2025-10-24,TOTAL,MAU,1218453.3,26-01-MAU.png,1,0.9264,False
2025-10-25,TOTAL,MAU,1218453.3,26-01-MAU.png,1,0.9264,False
2025-10-26,TOTAL,MAU,1213745.2,26-01-MAU.png,1,0.9264,False
2025-10-28,TOTAL,MAU,1209037.1,26-01-MAU.png,1,0.9264,False
2025-10-29,TOTAL,MAU,1209037.1,26-01-MAU.png,1,0.9264,False
2025-10-30,TOTAL,MAU,1204329.0,26-01-MAU.png,1,0.9264,False
2025-10-31,TOTAL,MAU,1201975.0,26-01-MAU.png,1,0.9264,False
2025-11-01,TOTAL,MAU,1199621.0,26-01-MAU.png,1,0.9264,False
2025-11-02,TOTAL,MAU,1194912.9,26-01-MAU.png,1,0.9264,False
2025-11-03,TOTAL,MAU,1194912.9,26-01-MAU.png,1,0.9264,False
2025-11-04,TOTAL,MAU,1194912.9,26-01-MAU.png,1,0.9264,False
2025-11-05,TOTAL,MAU,1197266.9,26-01-MAU.png,1,0.9264,False
2025-11-06,TOTAL,MAU,1199621.0,26-01-MAU.png,1,0.9264,False
2025-11-07,TOTAL,MAU,1204329.0,26-01-MAU.png,1,0.9264,False
2025-11-08,TOTAL,MAU,1206683.1,26-01-MAU.png,1,0.9264,False
2025-11-09,TOTAL,MAU,1209037.1,26-01-MAU.png,1,0.9264,False
2025-11-11,TOTAL,MAU,1213745.2,26-01-MAU.png,1,0.9264,False
2025-11-12,TOTAL,MAU,1216099.2,26-01-MAU.png,1,0.9264,False
2025-11-13,TOTAL,MAU,1218453.3,26-01-MAU.png,1,0.9264,False
2025-11-14,TOTAL,MAU,1223161.3,26-01-MAU.png,1,0.9264,False
2025-11-15,TOTAL,MAU,1225515.4,26-01-MAU.png,1,0.9264,False
2025-11-16,TOTAL,MAU,1227869.4,26-01-MAU.png,1,0.9264,False
2025-11-17,TOTAL,MAU,1232577.5,26-01-MAU.png,1,0.9264,False
2025-11-18,TOTAL,MAU,1234931.5,26-01-MAU.png,1,0.9264,False
2025-11-19,TOTAL,MAU,1237285.5,26-01-MAU.png,1,0.9264,False
2025-11-20,TOTAL,MAU,1241993.6,26-01-MAU.png,1,0.9264,False
2025-11-21,TOTAL,MAU,1244347.7,26-01-MAU.png,1,0.9264,False
2025-11-22,TOTAL,MAU,1246701.7,26-01-MAU.png,1,0.9264,False
2025-11-24,TOTAL,MAU,1244347.7,26-01-MAU.png,1,0.9264,False
2025-11-25,TOTAL,MAU,1241993.6,26-01-MAU.png,1,0.9264,False
2025-11-26,TOTAL,MAU,1239639.6,26-01-MAU.png,1,0.9264,False
2025-11-27,TOTAL,MAU,1237285.5,26-01-MAU.png,1,0.9264,False
2025-11-28,TOTAL,MAU,1232577.5,26-01-MAU.png,1,0.9264,False
2025-11-29,TOTAL,MAU,1232577.5,26-01-MAU.png,1,0.9264,False
2025-11-30,TOTAL,MAU,1227869.4,26-01-MAU.png,1,0.9264,False
2025-12-01,TOTAL,MAU,1227869.4,26-01-MAU.png,1,0.9264,False
2025-12-02,TOTAL,MAU,1223161.3,26-01-MAU.png,1,0.9264,False
2025-12-03,TOTAL,MAU,1220807.3,26-01-MAU.png,1,0.9264,False
2025-12-04,TOTAL,MAU,1218453.3,26-01-MAU.png,1,0.9264,False
2025-12-05,TOTAL,MAU,1213745.2,26-01-MAU.png,1,0.9264,False
2025-12-06,TOTAL,MAU,1213745.2,26-01-MAU.png,1,0.9264,False
2025-12-08,TOTAL,MAU,1209037.1,26-01-MAU.png,1,0.9264,False
2025-12-09,TOTAL,MAU,1206683.1,26-01-MAU.png,1,0.9264,False
2025-12-10,TOTAL,MAU,1204329.0,26-01-MAU.png,1,0.9264,False
2025-12-11,TOTAL,MAU,1204329.0,26-01-MAU.png,1,0.9264,False
2025-12-12,TOTAL,MAU,1209037.1,26-01-MAU.png,1,0.9264,False
2025-12-13,TOTAL,MAU,1213745.2,26-01-MAU.png,1,0.9264,False
2025-12-14,TOTAL,MAU,1218453.3,26-01-MAU.png,1,0.9264,False
2025-12-15,TOTAL,MAU,1225515.4,26-01-MAU.png,1,0.9264,False
2025-12-16,TOTAL,MAU,1232577.5,26-01-MAU.png,1,0.9264,False
2025-12-17,TOTAL,MAU,1237285.5,26-01-MAU.png,1,0.9264,False
2025-12-18,TOTAL,MAU,1241993.6,26-01-MAU.png,1,0.9264,False
2025-12-19,TOTAL,MAU,1251409.8,26-01-MAU.png,1,0.9264,False
2025-12-21,TOTAL,MAU,1253763.8,26-01-MAU.png,1,0.9264,False
2025-12-22,TOTAL,MAU,1263179.9,26-01-MAU.png,1,0.9264,False
2025-12-23,TOTAL,MAU,1270242.1,26-01-MAU.png,1,0.9264,False
2025-12-24,TOTAL,MAU,1277304.2,26-01-MAU.png,1,0.9264,False
2025-12-26,TOTAL,MAU,1289074.3,26-01-MAU.png,1,0.9264,False
2025-12-27,TOTAL,MAU,1293782.4,26-01-MAU.png,1,0.9264,False
2025-12-28,TOTAL,MAU,1300844.5,26-01-MAU.png,1,0.9264,False
2025-12-29,TOTAL,MAU,1305552.6,26-01-MAU.png,1,0.9264,False
2024-07-01,TOTAL,MAU,163789.2,26-01-MAU.png,2,0.9264,False
2024-07-02,TOTAL,MAU,160499.9,26-01-MAU.png,2,0.9264,False
2024-07-03,TOTAL,MAU,164596.5,26-01-MAU.png,2,0.9264,False
2024-07-04,TOTAL,MAU,168136.1,26-01-MAU.png,2,0.9264,False
2024-07-05,TOTAL,MAU,176726.1,26-01-MAU.png,2,0.9264,False
2024-07-06,TOTAL,MAU,184053.2,26-01-MAU.png,2,0.9264,False
2024-07-07,TOTAL,MAU,192189.8,26-01-MAU.png,2,0.9264,False
2024-07-09,TOTAL,MAU,200697.5,26-01-MAU.png,2,0.9264,False
2024-07-10,TOTAL,MAU,204283.6,26-01-MAU.png,2,0.9264,False
2024-07-11,TOTAL,MAU,211190.3,26-01-MAU.png,2,0.9264,False
2024-07-12,TOTAL,MAU,221763.7,26-01-MAU.png,2,0.9264,False
2024-07-13,TOTAL,MAU,227441.9,26-01-MAU.png,2,0.9264,False
2024-07-14,TOTAL,MAU,229312.3,26-01-MAU.png,2,0.9264,False
2024-07-15,TOTAL,MAU,236118.9,26-01-MAU.png,2,0.9264,False
2024-07-16,TOTAL,MAU,244442.4,26-01-MAU.png,2,0.9264,False
2024-07-17,TOTAL,MAU,249403.1,26-01-MAU.png,2,0.9264,False
2024-07-18,TOTAL,MAU,257141.1,26-01-MAU.png,2,0.9264,False
2024-07-19,TOTAL,MAU,256989.2,26-01-MAU.png,2,0.9264,False
2024-07-20,TOTAL,MAU,266598.2,26-01-MAU.png,2,0.9264,False
2024-07-21,TOTAL,MAU,270736.0,26-01-MAU.png,2,0.9264,False
2024-07-23,TOTAL,MAU,272303.9,26-01-MAU.png,2,0.9264,False
2024-07-24,TOTAL,MAU,273329.2,26-01-MAU.png,2,0.9264,False
2024-07-25,TOTAL,MAU,272596.9,26-01-MAU.png,2,0.9264,False
2024-07-26,TOTAL,MAU,273037.9,26-01-MAU.png,2,0.9264,False
2024-07-27,TOTAL,MAU,272779.9,26-01-MAU.png,2,0.9264,False
2024-07-28,TOTAL,MAU,272925.8,26-01-MAU.png,2,0.9264,False
2024-07-29,TOTAL,MAU,272297.0,26-01-MAU.png,2,0.9264,False
2024-07-30,TOTAL,MAU,272025.2,26-01-MAU.png,2,0.9264,False
2024-07-31,TOTAL,MAU,271465.6,26-01-MAU.png,2,0.9264,False
2024-08-01,TOTAL,MAU,271831.0,26-01-MAU.png,2,0.9264,False
2024-08-02,TOTAL,MAU,271868.5,26-01-MAU.png,2,0.9264,False
2024-08-03,TOTAL,MAU,273015.6,26-01-MAU.png,2,0.9264,False
2024-08-05,TOTAL,MAU,274225.2,26-01-MAU.png,2,0.9264,False
2024-08-06,TOTAL,MAU,274035.1,26-01-MAU.png,2,0.9264,False
2024-08-07,TOTAL,MAU,273836.4,26-01-MAU.png,2,0.9264,False
2024-08-08,TOTAL,MAU,274030.5,26-01-MAU.png,2,0.9264,False
2024-08-09,TOTAL,MAU,273851.2,26-01-MAU.png,2,0.9264,False
2024-08-10,TOTAL,MAU,275489.5,26-01-MAU.png,2,0.9264,False
2024-08-11,TOTAL,MAU,276301.5,26-01-MAU.png,2,0.9264,False
2024-08-12,TOTAL,MAU,277385.1,26-01-MAU.png,2,0.9264,False
2024-08-13,TOTAL,MAU,279143.4,26-01-MAU.png,2,0.9264,False
2024-08-14,TOTAL,MAU,280288.2,26-01-MAU.png,2,0.9264,False
2024-08-15,TOTAL,MAU,282954.6,26-01-MAU.png,2,0.9264,False
2024-08-16,TOTAL,MAU,281824.4,26-01-MAU.png,2,0.9264,False
2024-08-17,TOTAL,MAU,281670.2,26-01-MAU.png,2,0.9264,False
2024-08-19,TOTAL,MAU,282099.6,26-01-MAU.png,2,0.9264,False
2024-08-20,TOTAL,MAU,282271.0,26-01-MAU.png,2,0.9264,False
2024-08-21,TOTAL,MAU,282246.6,26-01-MAU.png,2,0.9264,False
2024-08-22,TOTAL,MAU,282700.1,26-01-MAU.png,2,0.9264,False
2024-08-23,TOTAL,MAU,281645.6,26-01-MAU.png,2,0.9264,False
2024-08-24,TOTAL,MAU,282299.8,26-01-MAU.png,2,0.9264,False
2024-08-25,TOTAL,MAU,282137.7,26-01-MAU.png,2,0.9264,False
2024-08-26,TOTAL,MAU,283514.7,26-01-MAU.png,2,0.9264,False
2024-08-27,TOTAL,MAU,282810.7,26-01-MAU.png,2,0.9264,False
2024-08-28,TOTAL,MAU,284765.5,26-01-MAU.png,2,0.9264,False
2024-08-29,TOTAL,MAU,285422.4,26-01-MAU.png,2,0.9264,False
2024-08-30,TOTAL,MAU,285897.0,26-01-MAU.png,2,0.9264,False
2024-08-31,TOTAL,MAU,288469.1,26-01-MAU.png,2,0.9264,False
2024-09-02,TOTAL,MAU,290747.2,26-01-MAU.png,2,0.9264,False
2024-09-03,TOTAL,MAU,293072.1,26-01-MAU.png,2,0.9264,False
2024-09-04,TOTAL,MAU,294647.7,26-01-MAU.png,2,0.9264,False
2024-09-05,TOTAL,MAU,293535.5,26-01-MAU.png,2,0.9264,False
2024-09-06,TOTAL,MAU,292688.0,26-01-MAU.png,2,0.9264,False
2024-09-07,TOTAL,MAU,293074.3,26-01-MAU.png,2,0.9264,False
2024-09-08,TOTAL,MAU,294620.8,26-01-MAU.png,2,0.9264,False
2024-09-09,TOTAL,MAU,297550.1,26-01-MAU.png,2,0.9264,False
2024-09-10,TOTAL,MAU,298898.5,26-01-MAU.png,2,0.9264,False
2024-09-11,TOTAL,MAU,299082.9,26-01-MAU.png,2,0.9264,False
2024-09-12,TOTAL,MAU,298974.4,26-01-MAU.png,2,0.9264,False
2024-09-13,TOTAL,MAU,297883.1,26-01-MAU.png,2,0.9264,False
2024-09-15,TOTAL,MAU,299090.3,26-01-MAU.png,2,0.9264,False
2024-09-16,TOTAL,MAU,303841.2,26-01-MAU.png,2,0.9264,False
2024-09-17,TOTAL,MAU,308211.5,26-01-MAU.png,2,0.9264,False
2024-09-18,TOTAL,MAU,311183.1,26-01-MAU.png,2,0.9264,False
2024-09-19,TOTAL,MAU,313955.1,26-01-MAU.png,2,0.9264,False
2024-09-20,TOTAL,MAU,314917.0,26-01-MAU.png,2,0.9264,False
2024-09-21,TOTAL,MAU,316497.4,26-01-MAU.png,2,0.9264,False
2024-09-22,TOTAL,MAU,317867.9,26-01-MAU.png,2,0.9264,False
2024-09-23,TOTAL,MAU,317331.5,26-01-MAU.png,2,0.9264,False
2024-09-24,TOTAL,MAU,317730.8,26-01-MAU.png,2,0.9264,False
2024-09-25,TOTAL,MAU,318363.8,26-01-MAU.png,2,0.9264,False
2024-09-26,TOTAL,MAU,322549.0,26-01-MAU.png,2,0.9264,False
2024-09-27,TOTAL,MAU,324972.1,26-01-MAU.png,2,0.9264,False
2024-09-29,TOTAL,MAU,327030.5,26-01-MAU.png,2,0.9264,False
2024-09-30,TOTAL,MAU,328334.5,26-01-MAU.png,2,0.9264,False
2024-10-01,TOTAL,MAU,332902.8,26-01-MAU.png,2,0.9264,False
2024-10-02,TOTAL,MAU,333536.8,26-01-MAU.png,2,0.9264,False
2024-10-03,TOTAL,MAU,330999.9,26-01-MAU.png,2,0.9264,False
2024-10-04,TOTAL,MAU,332035.2,26-01-MAU.png,2,0.9264,False
2024-10-05,TOTAL,MAU,340063.8,26-01-MAU.png,2,0.9264,False
2024-10-06,TOTAL,MAU,338238.4,26-01-MAU.png,2,0.9264,False
2024-10-07,TOTAL,MAU,342959.2,26-01-MAU.png,2,0.9264,False
2024-10-08,TOTAL,MAU,346010.0,26-01-MAU.png,2,0.9264,False
2024-10-09,TOTAL,MAU,341879.7,26-01-MAU.png,2,0.9264,False
2024-10-10,TOTAL,MAU,345766.2,26-01-MAU.png,2,0.9264,False
2024-10-12,TOTAL,MAU,350231.6,26-01-MAU.png,2,0.9264,False
2024-10-13,TOTAL,MAU,352923.8,26-01-MAU.png,2,0.9264,False
2024-10-14,TOTAL,MAU,350860.0,26-01-MAU.png,2,0.9264,False
2024-10-15,TOTAL,MAU,354546.9,26-01-MAU.png,2,0.9264,False
2024-10-16,TOTAL,MAU,355206.6,26-01-MAU.png,2,0.9264,False
2024-10-17,TOTAL,MAU,357094.1,26-01-MAU.png,2,0.9264,False
2024-10-18,TOTAL,MAU,365760.7,26-01-MAU.png,2,0.9264,False
2024-10-19,TOTAL,MAU,364625.1,26-01-MAU.png,2,0.9264,False
2024-10-20,TOTAL,MAU,363666.9,26-01-MAU.png,2,0.9264,False
2024-10-21,TOTAL,MAU,366280.0,26-01-MAU.png,2,0.9264,False
2024-10-22,TOTAL,MAU,365905.3,26-01-MAU.png,2,0.9264,False
2024-10-23,TOTAL,MAU,367370.9,26-01-MAU.png,2,0.9264,False
2024-10-24,TOTAL,MAU,370070.8,26-01-MAU.png,2,0.9264,False
2024-10-26,TOTAL,MAU,369535.7,26-01-MAU.png,2,0.9264,False
2024-10-27,TOTAL,MAU,369948.7,26-01-MAU.png,2,0.9264,False
2024-10-28,TOTAL,MAU,371510.2,26-01-MAU.png,2,0.9264,False
2024-10-29,TOTAL,MAU,371009.0,26-01-MAU.png,2,0.9264,False
2024-10-30,TOTAL,MAU,370475.2,26-01-MAU.png,2,0.9264,False
2024-10-31,TOTAL,MAU,371981.2,26-01-MAU.png,2,0.9264,False
2024-11-01,TOTAL,MAU,372004.8,26-01-MAU.png,2,0.9264,False
2024-11-02,TOTAL,MAU,371565.6,26-01-MAU.png,2,0.9264,False
2024-11-03,TOTAL,MAU,373029.0,26-01-MAU.png,2,0.9264,False
2024-11-04,TOTAL,MAU,373803.7,26-01-MAU.png,2,0.9264,False
2024-11-05,TOTAL,MAU,374550.6,26-01-MAU.png,2,0.9264,False
2024-11-06,TOTAL,MAU,375973.1,26-01-MAU.png,2,0.9264,False
2024-11-07,TOTAL,MAU,377231.8,26-01-MAU.png,2,0.9264,False
2024-11-09,TOTAL,MAU,377470.4,26-01-MAU.png,2,0.9264,False
2024-11-10,TOTAL,MAU,378228.0,26-01-MAU.png,2,0.9264,False
2024-11-11,TOTAL,MAU,378813.3,26-01-MAU.png,2,0.9264,False
2024-11-12,TOTAL,MAU,378987.0,26-01-MAU.png,2,0.9264,False
2024-11-13,TOTAL,MAU,380015.3,26-01-MAU.png,2,0.9264,False
2024-11-14,TOTAL,MAU,380877.0,26-01-MAU.png,2,0.9264,False
2024-11-15,TOTAL,MAU,380235.9,26-01-MAU.png,2,0.9264,False
2024-11-16,TOTAL,MAU,380709.6,26-01-MAU.png,2,0.9264,False
2024-11-17,TOTAL,MAU,380983.2,26-01-MAU.png,2,0.9264,False
2024-11-18,TOTAL,MAU,381212.0,26-01-MAU.png,2,0.9264,False
2024-11-19,TOTAL,MAU,381898.1,26-01-MAU.png,2,0.9264,False
2024-11-20,TOTAL,MAU,383251.1,26-01-MAU.png,2,0.9264,False
2024-11-22,TOTAL,MAU,384090.9,26-01-MAU.png,2,0.9264,False
2024-11-23,TOTAL,MAU,383434.0,26-01-MAU.png,2,0.9264,False
2024-11-24,TOTAL,MAU,382471.3,26-01-MAU.png,2,0.9264,False
2024-11-25,TOTAL,MAU,381592.3,26-01-MAU.png,2,0.9264,False
2024-11-26,TOTAL,MAU,382574.2,26-01-MAU.png,2,0.9264,False
2024-11-27,TOTAL,MAU,384297.9,26-01-MAU.png,2,0.9264,False
2024-11-28,TOTAL,MAU,384974.5,26-01-MAU.png,2,0.9264,False
2024-11-29,TOTAL,MAU,386087.5,26-01-MAU.png,2,0.9264,False
2024-11-30,TOTAL,MAU,386074.3,26-01-MAU.png,2,0.9264,False
2024-12-01,TOTAL,MAU,387666.8,26-01-MAU.png,2,0.9264,False
2024-12-02,TOTAL,MAU,389581.1,26-01-MAU.png,2,0.9264,False
2024-12-03,TOTAL,MAU,389709.9,26-01-MAU.png,2,0.9264,False
2024-12-04,TOTAL,MAU,389851.1,26-01-MAU.png,2,0.9264,False
2024-12-06,TOTAL,MAU,394552.6,26-01-MAU.png,2,0.9264,False
2024-12-07,TOTAL,MAU,396219.3,26-01-MAU.png,2,0.9264,False
2024-12-08,TOTAL,MAU,395211.4,26-01-MAU.png,2,0.9264,False
2024-12-09,TOTAL,MAU,397638.9,26-01-MAU.png,2,0.9264,False
2024-12-10,TOTAL,MAU,400148.9,26-01-MAU.png,2,0.9264,False
2024-12-11,TOTAL,MAU,398746.9,26-01-MAU.png,2,0.9264,False
2024-12-12,TOTAL,MAU,399061.2,26-01-MAU.png,2,0.9264,False
2024-12-13,TOTAL,MAU,402293.9,26-01-MAU.png,2,0.9264,False
2024-12-14,TOTAL,MAU,404120.6,26-01-MAU.png,2,0.9264,False
2024-12-15,TOTAL,MAU,404515.0,26-01-MAU.png,2,0.9264,False
2024-12-16,TOTAL,MAU,406942.8,26-01-MAU.png,2,0.9264,False
2024-12-17,TOTAL,MAU,408933.2,26-01-MAU.png,2,0.9264,False
2024-12-19,TOTAL,MAU,408475.6,26-01-MAU.png,2,0.9264,False
2024-12-20,TOTAL,MAU,408451.3,26-01-MAU.png,2,0.9264,False
2024-12-21,TOTAL,MAU,407881.6,26-01-MAU.png,2,0.9264,False
2024-12-22,TOTAL,MAU,406079.7,26-01-MAU.png,2,0.9264,False
2024-12-23,TOTAL,MAU,405741.2,26-01-MAU.png,2,0.9264,False
2024-12-24,TOTAL,MAU,405538.6,26-01-MAU.png,2,0.9264,False
2024-12-25,TOTAL,MAU,405154.2,26-01-MAU.png,2,0.9264,False
2024-12-26,TOTAL,MAU,405090.9,26-01-MAU.png,2,0.9264,False
2024-12-27,TOTAL,MAU,403299.6,26-01-MAU.png,2,0.9264,False
2024-12-28,TOTAL,MAU,402901.7,26-01-MAU.png,2,0.9264,False
2024-12-29,TOTAL,MAU,402245.8,26-01-MAU.png,2,0.9264,False
2024-12-30,TOTAL,MAU,402674.8,26-01-MAU.png,2,0.9264,False
2024-12-31,TOTAL,MAU,402202.1,26-01-MAU.png,2,0.9264,False
2025-01-02,TOTAL,MAU,399881.1,26-01-MAU.png,2,0.9264,False
2025-01-03,TOTAL,MAU,399941.3,26-01-MAU.png,2,0.9264,False
2025-01-04,TOTAL,MAU,399295.2,26-01-MAU.png,2,0.9264,False
2025-01-05,TOTAL,MAU,398908.1,26-01-MAU.png,2,0.9264,False
2025-01-06,TOTAL,MAU,398729.9,26-01-MAU.png,2,0.9264,False
2025-01-07,TOTAL,MAU,399632.0,26-01-MAU.png,2,0.9264,False
2025-01-08,TOTAL,MAU,400776.5,26-01-MAU.png,2,0.9264,False
2025-01-09,TOTAL,MAU,402423.4,26-01-MAU.png,2,0.9264,False
2025-01-10,TOTAL,MAU,403408.3,26-01-MAU.png,2,0.9264,False
2025-01-11,TOTAL,MAU,403754.8,26-01-MAU.png,2,0.9264,False
2025-01-12,TOTAL,MAU,404467.2,26-01-MAU.png,2,0.9264,False
2025-01-13,TOTAL,MAU,404992.7,26-01-MAU.png,2,0.9264,False
2025-01-14,TOTAL,MAU,405996.5,26-01-MAU.png,2,0.9264,False
2025-01-16,TOTAL,MAU,406226.6,26-01-MAU.png,2,0.9264,False
2025-01-17,TOTAL,MAU,405750.9,26-01-MAU.png,2,0.9264,False
2025-01-18,TOTAL,MAU,406314.4,26-01-MAU.png,2,0.9264,False
2025-01-19,TOTAL,MAU,409039.6,26-01-MAU.png,2,0.9264,False
2025-01-20,TOTAL,MAU,411583.9,26-01-MAU.png,2,0.9264,False
2025-01-21,TOTAL,MAU,411083.4,26-01-MAU.png,2,0.9264,False
2025-01-22,TOTAL,MAU,410811.0,26-01-MAU.png,2,0.9264,False
2025-01-23,TOTAL,MAU,411311.7,26-01-MAU.png,2,0.9264,False
2025-01-24,TOTAL,MAU,411184.7,26-01-MAU.png,2,0.9264,False
2025-01-25,TOTAL,MAU,411741.9,26-01-MAU.png,2,0.9264,False
2025-01-26,TOTAL,MAU,414702.9,26-01-MAU.png,2,0.9264,False
2025-01-27,TOTAL,MAU,417691.0,26-01-MAU.png,2,0.9264,False
2025-01-29,TOTAL,MAU,420481.0,26-01-MAU.png,2,0.9264,False
2025-01-30,TOTAL,MAU,421890.4,26-01-MAU.png,2,0.9264,False
2025-01-31,TOTAL,MAU,427049.1,26-01-MAU.png,2,0.9264,False
2025-02-01,TOTAL,MAU,427421.6,26-01-MAU.png,2,0.9264,False
2025-02-02,TOTAL,MAU,431364.1,26-01-MAU.png,2,0.9264,False
2025-02-03,TOTAL,MAU,434764.7,26-01-MAU.png,2,0.9264,False
2025-02-04,TOTAL,MAU,436331.9,26-01-MAU.png,2,0.9264,False
2025-02-05,TOTAL,MAU,440048.7,26-01-MAU.png,2,0.9264,False
2025-02-06,TOTAL,MAU,441743.4,26-01-MAU.png,2,0.9264,False
2025-02-07,TOTAL,MAU,444705.8,26-01-MAU.png,2,0.9264,False
2025-02-08,TOTAL,MAU,448095.2,26-01-MAU.png,2,0.9264,False
2025-02-09,TOTAL,MAU,450679.5,26-01-MAU.png,2,0.9264,False
2025-02-10,TOTAL,MAU,453751.1,26-01-MAU.png,2,0.9264,False
2025-02-12,TOTAL,MAU,454807.4,26-01-MAU.png,2,0.9264,False
2025-02-13,TOTAL,MAU,457841.3,26-01-MAU.png,2,0.9264,False
2025-02-14,TOTAL,MAU,458294.8,26-01-MAU.png,2,0.9264,False
2025-02-15,TOTAL,MAU,464488.9,26-01-MAU.png,2,0.9264,False
2025-02-16,TOTAL,MAU,467332.2,26-01-MAU.png,2,0.9264,False
2025-02-17,TOTAL,MAU,469733.0,26-01-MAU.png,2,0.9264,False
2025-02-18,TOTAL,MAU,472389.3,26-01-MAU.png,2,0.9264,False
2025-02-19,TOTAL,MAU,477887.4,26-01-MAU.png,2,0.9264,False
2025-02-20,TOTAL,MAU,479116.2,26-01-MAU.png,2,0.9264,False
2025-02-21,TOTAL,MAU,483341.2,26-01-MAU.png,2,0.9264,False
2025-02-22,TOTAL,MAU,486822.2,26-01-MAU.png,2,0.9264,False
2025-02-23,TOTAL,MAU,491745.9,26-01-MAU.png,2,0.9264,False
2025-02-25,TOTAL,MAU,496351.8,26-01-MAU.png,2,0.9264,False
2025-02-26,TOTAL,MAU,497860.9,26-01-MAU.png,2,0.9264,False
2025-02-27,TOTAL,MAU,501945.7,26-01-MAU.png,2,0.9264,False
2025-02-28,TOTAL,MAU,506929.3,26-01-MAU.png,2,0.9264,False
2025-03-01,TOTAL,MAU,511506.2,26-01-MAU.png,2,0.9264,False
2025-03-02,TOTAL,MAU,511767.1,26-01-MAU.png,2,0.9264,False
2025-03-03,TOTAL,MAU,515746.3,26-01-MAU.png,2,0.9264,False
2025-03-04,TOTAL,MAU,517963.9,26-01-MAU.png,2,0.9264,False
2025-03-05,TOTAL,MAU,524960.5,26-01-MAU.png,2,0.9264,False
2025-03-06,TOTAL,MAU,527033.1,26-01-MAU.png,2,0.9264,False
2025-03-07,TOTAL,MAU,527680.8,26-01-MAU.png,2,0.9264,False
2025-03-08,TOTAL,MAU,530094.3,26-01-MAU.png,2,0.9264,False
2025-03-09,TOTAL,MAU,533409.1,26-01-MAU.png,2,0.9264,False
2025-03-11,TOTAL,MAU,536733.8,26-01-MAU.png,2,0.9264,False
2025-03-12,TOTAL,MAU,540452.9,26-01-MAU.png,2,0.9264,False
2025-03-13,TOTAL,MAU,541791.5,26-01-MAU.png,2,0.9264,False
2025-03-14,TOTAL,MAU,545379.5,26-01-MAU.png,2,0.9264,False
2025-03-15,TOTAL,MAU,547774.1,26-01-MAU.png,2,0.9264,False
2025-03-16,TOTAL,MAU,548979.9,26-01-MAU.png,2,0.9264,False
2025-03-17,TOTAL,MAU,550715.9,26-01-MAU.png,2,0.9264,False
2025-03-18,TOTAL,MAU,555432.0,26-01-MAU.png,2,0.9264,False
2025-03-19,TOTAL,MAU,557180.5,26-01-MAU.png,2,0.9264,False
2025-03-20,TOTAL,MAU,559685.6,26-01-MAU.png,2,0.9264,False
2025-03-21,TOTAL,MAU,562472.7,26-01-MAU.png,2,0.9264,False
2025-03-22,TOTAL,MAU,564680.6,26-01-MAU.png,2,0.9264,False
2025-03-23,TOTAL,MAU,567360.9,26-01-MAU.png,2,0.9264,False
2025-03-25,TOTAL,MAU,571762.6,26-01-MAU.png,2,0.9264,False
2025-03-26,TOTAL,MAU,573190.2,26-01-MAU.png,2,0.9264,False
2025-03-27,TOTAL,MAU,581512.5,26-01-MAU.png,2,0.9264,False
2025-03-28,TOTAL,MAU,587735.0,26-01-MAU.png,2,0.9264,False
2025-03-29,TOTAL,MAU,588419.7,26-01-MAU.png,2,0.9264,False
2025-03-30,TOTAL,MAU,591766.4,26-01-MAU.png,2,0.9264,False
2025-03-31,TOTAL,MAU,596946.6,26-01-MAU.png,2,0.9264,False
2025-04-01,TOTAL,MAU,600240.9,26-01-MAU.png,2,0.9264,False
2025-04-02,TOTAL,MAU,608397.0,26-01-MAU.png,2,0.9264,False
2025-04-03,TOTAL,MAU,613046.4,26-01-MAU.png,2,0.9264,False
2025-04-04,TOTAL,MAU,616256.2,26-01-MAU.png,2,0.9264,False
2025-04-05,TOTAL,MAU,618255.5,26-01-MAU.png,2,0.9264,False
2025-04-07,TOTAL,MAU,622642.7,26-01-MAU.png,2,0.9264,False
2025-04-08,TOTAL,MAU,625716.2,26-01-MAU.png,2,0.9264,False
2025-04-09,TOTAL,MAU,631551.4,26-01-MAU.png,2,0.9264,False
2025-04-10,TOTAL,MAU,631271.0,26-01-MAU.png,2,0.9264,False
2025-04-11,TOTAL,MAU,635818.4,26-01-MAU.png,2,0.9264,False
2025-04-12,TOTAL,MAU,640701.3,26-01-MAU.png,2,0.9264,False
2025-04-13,TOTAL,MAU,641533.1,26-01-MAU.png,2,0.9264,False
2025-04-14,TOTAL,MAU,643077.9,26-01-MAU.png,2,0.9264,False
2025-04-15,TOTAL,MAU,645444.4,26-01-MAU.png,2,0.9264,False
2025-04-16,TOTAL,MAU,647170.7,26-01-MAU.png,2,0.9264,False
2025-04-17,TOTAL,MAU,647644.9,26-01-MAU.png,2,0.9264,False
2025-04-18,TOTAL,MAU,647850.5,26-01-MAU.png,2,0.9264,False
2025-04-19,TOTAL,MAU,651969.2,26-01-MAU.png,2,0.9264,False
2025-04-21,TOTAL,MAU,652628.4,26-01-MAU.png,2,0.9264,False
2025-04-22,TOTAL,MAU,654812.7,26-01-MAU.png,2,0.9264,False
2025-04-23,TOTAL,MAU,656244.1,26-01-MAU.png,2,0.9264,False
2025-04-24,TOTAL,MAU,657694.6,26-01-MAU.png,2,0.9264,False
2025-04-25,TOTAL,MAU,656807.8,26-01-MAU.png,2,0.9264,False
2025-04-26,TOTAL,MAU,658452.2,26-01-MAU.png,2,0.9264,False
2025-04-27,TOTAL,MAU,659114.9,26-01-MAU.png,2,0.9264,False
2025-04-28,TOTAL,MAU,662323.5,26-01-MAU.png,2,0.9264,False
2025-04-29,TOTAL,MAU,666297.1,26-01-MAU.png,2,0.9264,False
2025-04-30,TOTAL,MAU,666901.7,26-01-MAU.png,2,0.9264,False
2025-05-01,TOTAL,MAU,670518.1,26-01-MAU.png,2,0.9264,False
2025-05-02,TOTAL,MAU,671996.9,26-01-MAU.png,2,0.9264,False
2025-05-04,TOTAL,MAU,676043.1,26-01-MAU.png,2,0.9264,False
2025-05-05,TOTAL,MAU,681257.2,26-01-MAU.png,2,0.9264,False
2025-05-06,TOTAL,MAU,684702.6,26-01-MAU.png,2,0.9264,False
2025-05-07,TOTAL,MAU,687696.6,26-01-MAU.png,2,0.9264,False
2025-05-08,TOTAL,MAU,690533.0,26-01-MAU.png,2,0.9264,False
2025-05-09,TOTAL,MAU,694012.3,26-01-MAU.png,2,0.9264,False
2025-05-10,TOTAL,MAU,696502.6,26-01-MAU.png,2,0.9264,False
2025-05-11,TOTAL,MAU,698872.3,26-01-MAU.png,2,0.9264,False
2025-05-12,TOTAL,MAU,700032.9,26-01-MAU.png,2,0.9264,False
2025-05-13,TOTAL,MAU,703052.1,26-01-MAU.png,2,0.9264,False
2025-05-14,TOTAL,MAU,708066.0,26-01-MAU.png,2,0.9264,False
2025-05-15,TOTAL,MAU,709855.3,26-01-MAU.png,2,0.9264,False
2025-05-16,TOTAL,MAU,715480.2,26-01-MAU.png,2,0.9264,False
2025-05-18,TOTAL,MAU,716975.4,26-01-MAU.png,2,0.9264,False
2025-05-19,TOTAL,MAU,719566.4,26-01-MAU.png,2,0.9264,False
2025-05-20,TOTAL,MAU,723255.3,26-01-MAU.png,2,0.9264,False
2025-05-21,TOTAL,MAU,726228.2,26-01-MAU.png,2,0.9264,False
2025-05-22,TOTAL,MAU,726775.7,26-01-MAU.png,2,0.9264,False
2025-05-23,TOTAL,MAU,728283.9,26-01-MAU.png,2,0.9264,False
2025-05-24,TOTAL,MAU,731417.9,26-01-MAU.png,2,0.9264,False
2025-05-25,TOTAL,MAU,733542.4,26-01-MAU.png,2,0.9264,False
2025-05-26,TOTAL,MAU,735512.7,26-01-MAU.png,2,0.9264,False
2025-05-27,TOTAL,MAU,737466.9,26-01-MAU.png,2,0.9264,False
2025-05-28,TOTAL,MAU,740841.7,26-01-MAU.png,2,0.9264,False
2025-05-29,TOTAL,MAU,742943.4,26-01-MAU.png,2,0.9264,False
2025-05-31,TOTAL,MAU,743339.7,26-01-MAU.png,2,0.9264,False
2025-06-01,TOTAL,MAU,745423.6,26-01-MAU.png,2,0.9264,False
2025-06-02,TOTAL,MAU,751760.8,26-01-MAU.png,2,0.9264,False
2025-06-03,TOTAL,MAU,752049.4,26-01-MAU.png,2,0.9264,False
2025-06-04,TOTAL,MAU,756311.9,26-01-MAU.png,2,0.9264,False
2025-06-05,TOTAL,MAU,755718.7,26-01-MAU.png,2,0.9264,False
2025-06-06,TOTAL,MAU,759122.8,26-01-MAU.png,2,0.9264,False
2025-06-07,TOTAL,MAU,756666.9,26-01-MAU.png,2,0.9264,False
2025-06-08,TOTAL,MAU,768638.1,26-01-MAU.png,2,0.9264,False
2025-06-09,TOTAL,MAU,770422.4,26-01-MAU.png,2,0.9264,False
2025-06-10,TOTAL,MAU,778491.0,26-01-MAU.png,2,0.9264,False
2025-06-11,TOTAL,MAU,778801.0,26-01-MAU.png,2,0.9264,False
2025-06-12,TOTAL,MAU,787050.4,26-01-MAU.png,2,0.9264,False
2025-06-14,TOTAL,MAU,788791.1,26-01-MAU.png,2,0.9264,False
2025-06-15,TOTAL,MAU,795390.1,26-01-MAU.png,2,0.9264,False
2025-06-16,TOTAL,MAU,800848.7,26-01-MAU.png,2,0.9264,False
2025-06-17,TOTAL,MAU,807862.6,26-01-MAU.png,2,0.9264,False
2025-06-18,TOTAL,MAU,811377.0,26-01-MAU.png,2,0.9264,False
2025-06-19,TOTAL,MAU,814989.4,26-01-MAU.png,2,0.9264,False
2025-06-20,TOTAL,MAU,821535.0,26-01-MAU.png,2,0.9264,False
2025-06-21,TOTAL,MAU,824946.3,26-01-MAU.png,2,0.9264,False
2025-06-22,TOTAL,MAU,828568.9,26-01-MAU.png,2,0.9264,False
2025-06-23,TOTAL,MAU,835322.9,26-01-MAU.png,2,0.9264,False
2025-06-24,TOTAL,MAU,836091.9,26-01-MAU.png,2,0.9264,False
2025-06-25,TOTAL,MAU,833893.0,26-01-MAU.png,2,0.9264,False
2025-06-26,TOTAL,MAU,831420.5,26-01-MAU.png,2,0.9264,False
2025-06-28,TOTAL,MAU,828021.2,26-01-MAU.png,2,0.9264,False
2025-06-29,TOTAL,MAU,826882.7,26-01-MAU.png,2,0.9264,False
2025-06-30,TOTAL,MAU,827474.6,26-01-MAU.png,2,0.9264,False
2025-07-01,TOTAL,MAU,824631.9,26-01-MAU.png,2,0.9264,False
2025-07-02,TOTAL,MAU,820328.8,26-01-MAU.png,2,0.9264,False
2025-07-03,TOTAL,MAU,818025.2,26-01-MAU.png,2,0.9264,False
2025-07-04,TOTAL,MAU,817447.5,26-01-MAU.png,2,0.9264,False
2025-07-05,TOTAL,MAU,814671.9,26-01-MAU.png,2,0.9264,False
2025-07-06,TOTAL,MAU,812893.5,26-01-MAU.png,2,0.9264,False
2025-07-07,TOTAL,MAU,808751.6,26-01-MAU.png,2,0.9264,False
2025-07-08,TOTAL,MAU,805254.1,26-01-MAU.png,2,0.9264,False
2025-07-09,TOTAL,MAU,803895.5,26-01-MAU.png,2,0.9264,False
2025-07-11,TOTAL,MAU,803108.5,26-01-MAU.png,2,0.9264,False
2025-07-12,TOTAL,MAU,799473.5,26-01-MAU.png,2,0.9264,False
2025-07-13,TOTAL,MAU,798655.0,26-01-MAU.png,2,0.9264,False
2025-07-14,TOTAL,MAU,804662.9,26-01-MAU.png,2,0.9264,False
2025-07-15,TOTAL,MAU,809884.6,26-01-MAU.png,2,0.9264,False
2025-07-16,TOTAL,MAU,818809.9,26-01-MAU.png,2,0.9264,False
2025-07-17,TOTAL,MAU,831407.0,26-01-MAU.png,2,0.9264,False
2025-07-18,TOTAL,MAU,842971.5,26-01-MAU.png,2,0.9264,False
2025-07-19,TOTAL,MAU,849464.0,26-01-MAU.png,2,0.9264,False
2025-07-20,TOTAL,MAU,856996.1,26-01-MAU.png,2,0.9264,False
2025-07-21,TOTAL,MAU,871109.6,26-01-MAU.png,2,0.9264,False
2025-07-22,TOTAL,MAU,881132.1,26-01-MAU.png,2,0.9264,False
2025-07-23,TOTAL,MAU,885892.7,26-01-MAU.png,2,0.9264,False
2025-07-25,TOTAL,MAU,894071.8,26-01-MAU.png,2,0.9264,False
2025-07-26,TOTAL,MAU,904019.1,26-01-MAU.png,2,0.9264,False
2025-07-27,TOTAL,MAU,915261.9,26-01-MAU.png,2,0.9264,False
2025-07-28,TOTAL,MAU,925273.7,26-01-MAU.png,2,0.9264,False
2025-07-29,TOTAL,MAU,931173.3,26-01-MAU.png,2,0.9264,False
2025-07-30,TOTAL,MAU,944057.6,26-01-MAU.png,2,0.9264,False
2025-07-31,TOTAL,MAU,953392.8,26-01-MAU.png,2,0.9264,False
2025-08-01,TOTAL,MAU,959954.1,26-01-MAU.png,2,0.9264,False
2025-08-02,TOTAL,MAU,966582.3,26-01-MAU.png,2,0.9264,False
2025-08-03,TOTAL,MAU,969397.2,26-01-MAU.png,2,0.9264,False
2025-08-04,TOTAL,MAU,978909.2,26-01-MAU.png,2,0.9264,False
2025-08-05,TOTAL,MAU,988976.8,26-01-MAU.png,2,0.9264,False
2025-08-07,TOTAL,MAU,998896.1,26-01-MAU.png,2,0.9264,False
2025-08-08,TOTAL,MAU,1004857.2,26-01-MAU.png,2,0.9264,False
2025-08-09,TOTAL,MAU,1012826.1,26-01-MAU.png,2,0.9264,False
2025-08-10,TOTAL,MAU,1022560.1,26-01-MAU.png,2,0.9264,False
2025-08-11,TOTAL,MAU,1028965.1,26-01-MAU.png,2,0.9264,False
2025-08-12,TOTAL,MAU,1036015.9,26-01-MAU.png,2,0.9264,False
2025-08-13,TOTAL,MAU,1040595.1,26-01-MAU.png,2,0.9264,False
2025-08-14,TOTAL,MAU,1050689.1,26-01-MAU.png,2,0.9264,False
2025-08-15,TOTAL,MAU,1055441.4,26-01-MAU.png,2,0.9264,False
2025-08-16,TOTAL,MAU,1063959.9,26-01-MAU.png,2,0.9264,False
2025-08-17,TOTAL,MAU,1069320.0,26-01-MAU.png,2,0.9264,False
2025-08-18,TOTAL,MAU,1082383.4,26-01-MAU.png,2,0.9264,False
2025-08-19,TOTAL,MAU,1086881.5,26-01-MAU.png,2,0.9264,False
2025-08-21,TOTAL,MAU,1089409.3,26-01-MAU.png,2,0.9264,False
2025-08-22,TOTAL,MAU,1098223.6,26-01-MAU.png,2,0.9264,False
2025-08-23,TOTAL,MAU,1102759.6,26-01-MAU.png,2,0.9264,False
2025-08-24,TOTAL,MAU,1110947.4,26-01-MAU.png,2,0.9264,False
2025-08-25,TOTAL,MAU,1117327.9,26-01-MAU.png,2,0.9264,False
2025-08-26,TOTAL,MAU,1124319.5,26-01-MAU.png,2,0.9264,False
2025-08-27,TOTAL,MAU,1130518.5,26-01-MAU.png,2,0.9264,False
2025-08-28,TOTAL,MAU,1138880.7,26-01-MAU.png,2,0.9264,False
2025-08-29,TOTAL,MAU,1145430.5,26-01-MAU.png,2,0.9264,False
2025-08-30,TOTAL,MAU,1155068.9,26-01-MAU.png,2,0.9264,False
2025-08-31,TOTAL,MAU,1160587.4,26-01-MAU.png,2,0.9264,False
2025-09-01,TOTAL,MAU,1168297.7,26-01-MAU.png,2,0.9264,False
2025-09-02,TOTAL,MAU,1173299.7,26-01-MAU.png,2,0.9264,False
2025-09-04,TOTAL,MAU,1178122.9,26-01-MAU.png,2,0.9264,False
2025-09-05,TOTAL,MAU,1182623.7,26-01-MAU.png,2,0.9264,False
2025-09-06,TOTAL,MAU,1195365.2,26-01-MAU.png,2,0.9264,False
2025-09-07,TOTAL,MAU,1200532.4,26-01-MAU.png,2,0.9264,False
2025-09-08,TOTAL,MAU,1200408.5,26-01-MAU.png,2,0.9264,False
2025-09-09,TOTAL,MAU,1197037.1,26-01-MAU.png,2,0.9264,False
2025-09-10,TOTAL,MAU,1189505.7,26-01-MAU.png,2,0.9264,False
2025-09-11,TOTAL,MAU,1184746.0,26-01-MAU.png,2,0.9264,False
2025-09-12,TOTAL,MAU,1181333.9,26-01-MAU.png,2,0.9264,False
2025-09-13,TOTAL,MAU,1177860.2,26-01-MAU.png,2,0.9264,False
2025-09-14,TOTAL,MAU,1174479.0,26-01-MAU.png,2,0.9264,False
2025-09-15,TOTAL,MAU,1171439.3,26-01-MAU.png,2,0.9264,False
2025-09-17,TOTAL,MAU,1165967.4,26-01-MAU.png,2,0.9264,False
2025-09-18,TOTAL,MAU,1159089.6,26-01-MAU.png,2,0.9264,False
2025-09-19,TOTAL,MAU,1156022.9,26-01-MAU.png,2,0.9264,False
2025-09-20,TOTAL,MAU,1153727.6,26-01-MAU.png,2,0.9264,False
2025-09-21,TOTAL,MAU,1147579.2,26-01-MAU.png,2,0.9264,False
2025-09-22,TOTAL,MAU,1139812.5,26-01-MAU.png,2,0.9264,False
2025-09-23,TOTAL,MAU,1136896.4,26-01-MAU.png,2,0.9264,False
2025-09-24,TOTAL,MAU,1134451.4,26-01-MAU.png,2,0.9264,False
2025-09-25,TOTAL,MAU,1130341.3,26-01-MAU.png,2,0.9264,False
2025-09-26,TOTAL,MAU,1130060.9,26-01-MAU.png,2,0.9264,False
2025-09-27,TOTAL,MAU,1133934.5,26-01-MAU.png,2,0.9264,False
2025-09-28,TOTAL,MAU,1140499.2,26-01-MAU.png,2,0.9264,False
2025-09-29,TOTAL,MAU,1143866.1,26-01-MAU.png,2,0.9264,False
2025-10-01,TOTAL,MAU,1150486.0,26-01-MAU.png,2,0.9264,False
2025-10-02,TOTAL,MAU,1158872.4,26-01-MAU.png,2,0.9264,False
2025-10-03,TOTAL,MAU,1168012.7,26-01-MAU.png,2,0.9264,False
2025-10-04,TOTAL,MAU,1172507.2,26-01-MAU.png,2,0.9264,False
2025-10-05,TOTAL,MAU,1178062.2,26-01-MAU.png,2,0.9264,False
2025-10-06,TOTAL,MAU,1186905.3,26-01-MAU.png,2,0.9264,False
2025-10-07,TOTAL,MAU,1193866.3,26-01-MAU.png,2,0.9264,False
2025-10-08,TOTAL,MAU,1198251.1,26-01-MAU.png,2,0.9264,False
2025-10-09,TOTAL,MAU,1204490.5,26-01-MAU.png,2,0.9264,False
2025-10-10,TOTAL,MAU,1212245.3,26-01-MAU.png,2,0.9264,False
2025-10-11,TOTAL,MAU,1219723.3,26-01-MAU.png,2,0.9264,False
2025-10-12,TOTAL,MAU,1224394.0,26-01-MAU.png,2,0.9264,False
2025-10-14,TOTAL,MAU,1227033.8,26-01-MAU.png,2,0.9264,False
2025-10-15,TOTAL,MAU,1238496.3,26-01-MAU.png,2,0.9264,False
2025-10-16,TOTAL,MAU,1245540.5,26-01-MAU.png,2,0.9264,False
2025-10-17,TOTAL,MAU,1244308.8,26-01-MAU.png,2,0.9264,False
2025-10-18,TOTAL,MAU,1238887.7,26-01-MAU.png,2,0.9264,False
2025-10-19,TOTAL,MAU,1235561.7,26-01-MAU.png,2,0.9264,False
2025-10-20,TOTAL,MAU,1234589.4,26-01-MAU.png,2,0.9264,False
2025-10-21,TOTAL,MAU,1228851.6,26-01-MAU.png,2,0.9264,False
2025-10-22,TOTAL,MAU,1225278.4,26-01-MAU.png,2,0.9264,False
2025-10-23,TOTAL,MAU,1222781.7,26-01-MAU.png,2,0.9264,False
2025-10-24,TOTAL,MAU,1219461.6,26-01-MAU.png,2,0.9264,False
2025-10-25,TOTAL,MAU,1217730.7,26-01-MAU.png,2,0.9264,False
2025-10-26,TOTAL,MAU,1213891.9,26-01-MAU.png,2,0.9264,False
2025-10-28,TOTAL,MAU,1209907.1,26-01-MAU.png,2,0.9264,False
2025-10-29,TOTAL,MAU,1207598.3,26-01-MAU.png,2,0.9264,False
2025-10-30,TOTAL,MAU,1204537.1,26-01-MAU.png,2,0.9264,False
2025-10-31,TOTAL,MAU,1199143.7,26-01-MAU.png,2,0.9264,False
2025-11-01,TOTAL,MAU,1195003.5,26-01-MAU.png,2,0.9264,False
2025-11-02,TOTAL,MAU,1192966.3,26-01-MAU.png,2,0.9264,False
2025-11-03,TOTAL,MAU,1191962.5,26-01-MAU.png,2,0.9264,False
2025-11-04,TOTAL,MAU,1192830.6,26-01-MAU.png,2,0.9264,False
2025-11-05,TOTAL,MAU,1194663.2,26-01-MAU.png,2,0.9264,False
2025-11-06,TOTAL,MAU,1200354.5,26-01-MAU.png,2,0.9264,False
2025-11-07,TOTAL,MAU,1204809.1,26-01-MAU.png,2,0.9264,False
2025-11-08,TOTAL,MAU,1208322.6,26-01-MAU.png,2,0.9264,False
2025-11-09,TOTAL,MAU,1210679.0,26-01-MAU.png,2,0.9264,False
2025-11-11,TOTAL,MAU,1215318.2,26-01-MAU.png,2,0.9264,False
2025-11-12,TOTAL,MAU,1217000.7,26-01-MAU.png,2,0.9264,False
2025-11-13,TOTAL,MAU,1219899.6,26-01-MAU.png,2,0.9264,False
2025-11-14,TOTAL,MAU,1223200.9,26-01-MAU.png,2,0.9264,False
2025-11-15,TOTAL,MAU,1227083.1,26-01-MAU.png,2,0.9264,False
2025-11-16,TOTAL,MAU,1228122.1,26-01-MAU.png,2,0.9264,False
2025-11-17,TOTAL,MAU,1230049.1,26-01-MAU.png,2,0.9264,False
2025-11-18,TOTAL,MAU,1233330.9,26-01-MAU.png,2,0.9264,False
2025-11-19,TOTAL,MAU,1238585.4,26-01-MAU.png,2,0.9264,False
2025-11-20,TOTAL,MAU,1240953.4,26-01-MAU.png,2,0.9264,False
2025-11-21,TOTAL,MAU,1245991.7,26-01-MAU.png,2,0.9264,False
2025-11-22,TOTAL,MAU,1246384.8,26-01-MAU.png,2,0.9264,False
2025-11-24,TOTAL,MAU,1246094.3,26-01-MAU.png,2,0.9264,False
2025-11-25,TOTAL,MAU,1242970.6,26-01-MAU.png,2,0.9264,False
2025-11-26,TOTAL,MAU,1238447.0,26-01-MAU.png,2,0.9264,False
2025-11-27,TOTAL,MAU,1233559.8,26-01-MAU.png,2,0.9264,False
2025-11-28,TOTAL,MAU,1233522.4,26-01-MAU.png,2,0.9264,False
2025-11-29,TOTAL,MAU,1229932.3,26-01-MAU.png,2,0.9264,False
2025-11-30,TOTAL,MAU,1228092.6,26-01-MAU.png,2,0.9264,False
2025-12-01,TOTAL,MAU,1226214.9,26-01-MAU.png,2,0.9264,False
2025-12-02,TOTAL,MAU,1223778.6,26-01-MAU.png,2,0.9264,False
2025-12-03,TOTAL,MAU,1219222.6,26-01-MAU.png,2,0.9264,False
2025-12-04,TOTAL,MAU,1215468.1,26-01-MAU.png,2,0.9264,False
2025-12-05,TOTAL,MAU,1215062.5,26-01-MAU.png,2,0.9264,False
2025-12-06,TOTAL,MAU,1210805.0,26-01-MAU.png,2,0.9264,False
2025-12-08,TOTAL,MAU,1208549.4,26-01-MAU.png,2,0.9264,False
2025-12-09,TOTAL,MAU,1205916.6,26-01-MAU.png,2,0.9264,False
2025-12-10,TOTAL,MAU,1203092.1,26-01-MAU.png,2,0.9264,False
2025-12-11,TOTAL,MAU,1204431.7,26-01-MAU.png,2,0.9264,False
2025-12-12,TOTAL,MAU,1205231.9,26-01-MAU.png,2,0.9264,False
2025-12-13,TOTAL,MAU,1213498.0,26-01-MAU.png,2,0.9264,False
2025-12-14,TOTAL,MAU,1219871.0,26-01-MAU.png,2,0.9264,False
2025-12-15,TOTAL,MAU,1224824.4,26-01-MAU.png,2,0.9264,False
2025-12-16,TOTAL,MAU,1232249.0,26-01-MAU.png,2,0.9264,False
2025-12-17,TOTAL,MAU,1237783.7,26-01-MAU.png,2,0.9264,False
2025-12-18,TOTAL,MAU,1239126.5,26-01-MAU.png,2,0.9264,False
2025-12-19,TOTAL,MAU,1248081.1,26-01-MAU.png,2,0.9264,False
2025-12-21,TOTAL,MAU,1253743.3,26-01-MAU.png,2,0.9264,False
2025-12-22,TOTAL,MAU,1263425.4,26-01-MAU.png,2,0.9264,False
2025-12-23,TOTAL,MAU,1269616.4,26-01-MAU.png,2,0.9264,False
2025-12-24,TOTAL,MAU,1275598.4,26-01-MAU.png,2,0.9264,False
2025-12-25,TOTAL,MAU,1277235.8,26-01-MAU.png,2,0.9264,False
2025-12-26,TOTAL,MAU,1286606.2,26-01-MAU.png,2,0.9264,False
2025-12-27,TOTAL,MAU,1290291.0,26-01-MAU.png,2,0.9264,False
2025-12-28,TOTAL,MAU,1302735.0,26-01-MAU.png,2,0.9264,False
2025-12-29,TOTAL,MAU,1304597.6,26-01-MAU.png,2,0.9264,False
